colour_depth,cell_px,series,degradation,severity,condition,decoder,frames,shape_ser,colour_ser,symbol_ser,byte_error_rate,fixed_rs,fixed_yield,fixed_goodput_mbps,best_rs,best_code_rate,best_yield,best_payload_bytes,goodput_mbps,ceiling_mbps
1,4,blur,blur,0.5,blur(0.5),luma/mean,4,0,0,0,0,"RS(155,125)",1,3.6552,"RS(255,254)",0.996078,1,18776,4.50624,4.56576
1,4,blur,blur,0.5,blur(0.5),luma/saturated,4,0,0,0,0,"RS(155,125)",1,3.6552,"RS(255,254)",0.996078,1,18776,4.50624,4.56576
1,4,blur,blur,0.5,blur(0.5),max/mean,4,0,0,0,0,"RS(155,125)",1,3.6552,"RS(255,254)",0.996078,1,18776,4.50624,4.56576
1,4,blur,blur,0.5,blur(0.5),max/saturated,4,0,0,0,0,"RS(155,125)",1,3.6552,"RS(255,254)",0.996078,1,18776,4.50624,4.56576
1,4,blur,blur,0.75,blur(0.75),luma/mean,4,0,0,0,0,"RS(155,125)",1,3.6552,"RS(255,254)",0.996078,1,18776,4.50624,4.56576
1,4,blur,blur,0.75,blur(0.75),luma/saturated,4,0,0,0,0,"RS(155,125)",1,3.6552,"RS(255,254)",0.996078,1,18776,4.50624,4.56576
1,4,blur,blur,0.75,blur(0.75),max/mean,4,0,0,0,0,"RS(155,125)",1,3.6552,"RS(255,254)",0.996078,1,18776,4.50624,4.56576
1,4,blur,blur,0.75,blur(0.75),max/saturated,4,0,0,0,0,"RS(155,125)",1,3.6552,"RS(255,254)",0.996078,1,18776,4.50624,4.56576
1,4,blur,blur,1,blur(1),luma/mean,4,0.170659,0,0.170659,0.313141,"RS(155,125)",0,0,"RS(255,63)",0.247059,1,4642,1.11408,4.56576
1,4,blur,blur,1,blur(1),luma/saturated,4,0.170659,0,0.170659,0.313141,"RS(155,125)",0,0,"RS(255,63)",0.247059,1,4642,1.11408,4.56576
1,4,blur,blur,1,blur(1),max/mean,4,0.171054,0,0.171054,0.313789,"RS(155,125)",0,0,"RS(255,63)",0.247059,1,4642,1.11408,4.56576
1,4,blur,blur,1,blur(1),max/saturated,4,0.171054,0,0.171054,0.313789,"RS(155,125)",0,0,"RS(255,63)",0.247059,1,4642,1.11408,4.56576
1,4,blur,blur,1.25,blur(1.25),luma/mean,4,0.45256,0,0.45256,0.700595,"RS(155,125)",0,0,"RS(255,254)",0.996078,0,18776,0,4.56576
1,4,blur,blur,1.25,blur(1.25),luma/saturated,4,0.45256,0,0.45256,0.700595,"RS(155,125)",0,0,"RS(255,254)",0.996078,0,18776,0,4.56576
1,4,blur,blur,1.25,blur(1.25),max/mean,4,0.452764,0,0.452764,0.700727,"RS(155,125)",0,0,"RS(255,254)",0.996078,0,18776,0,4.56576
1,4,blur,blur,1.25,blur(1.25),max/saturated,4,0.452764,0,0.452764,0.700727,"RS(155,125)",0,0,"RS(255,254)",0.996078,0,18776,0,4.56576
1,4,blur,blur,1.5,blur(1.5),luma/mean,4,0.525547,0,0.525547,0.780936,"RS(155,125)",0,0,"RS(255,254)",0.996078,0,18776,0,4.56576
1,4,blur,blur,1.5,blur(1.5),luma/saturated,4,0.525547,0,0.525547,0.780936,"RS(155,125)",0,0,"RS(255,254)",0.996078,0,18776,0,4.56576
1,4,blur,blur,1.5,blur(1.5),max/mean,4,0.525737,0,0.525737,0.780923,"RS(155,125)",0,0,"RS(255,254)",0.996078,0,18776,0,4.56576
1,4,blur,blur,1.5,blur(1.5),max/saturated,4,0.525737,0,0.525737,0.780923,"RS(155,125)",0,0,"RS(255,254)",0.996078,0,18776,0,4.56576
1,4,blur,blur,2,blur(2),luma/mean,4,0.600078,0,0.600078,0.848176,"RS(155,125)",0,0,"RS(255,254)",0.996078,0,18776,0,4.56576
1,4,blur,blur,2,blur(2),luma/saturated,4,0.600078,0,0.600078,0.848176,"RS(155,125)",0,0,"RS(255,254)",0.996078,0,18776,0,4.56576
1,4,blur,blur,2,blur(2),max/mean,4,0.600255,0,0.600255,0.848123,"RS(155,125)",0,0,"RS(255,254)",0.996078,0,18776,0,4.56576
1,4,blur,blur,2,blur(2),max/saturated,4,0.600255,0,0.600255,0.848123,"RS(155,125)",0,0,"RS(255,254)",0.996078,0,18776,0,4.56576
1,4,chroma_bilinear,chroma,1,"chroma(1,full_range=False,matrix=bt601,upsample=bilinear)",luma/mean,4,0,0,0,0,"RS(155,125)",1,3.6552,"RS(255,254)",0.996078,1,18776,4.50624,4.56576
1,4,chroma_bilinear,chroma,1,"chroma(1,full_range=False,matrix=bt601,upsample=bilinear)",luma/saturated,4,0,0,0,0,"RS(155,125)",1,3.6552,"RS(255,254)",0.996078,1,18776,4.50624,4.56576
1,4,chroma_bilinear,chroma,1,"chroma(1,full_range=False,matrix=bt601,upsample=bilinear)",max/mean,4,0,0,0,0,"RS(155,125)",1,3.6552,"RS(255,254)",0.996078,1,18776,4.50624,4.56576
1,4,chroma_bilinear,chroma,1,"chroma(1,full_range=False,matrix=bt601,upsample=bilinear)",max/saturated,4,0,0,0,0,"RS(155,125)",1,3.6552,"RS(255,254)",0.996078,1,18776,4.50624,4.56576
1,4,chroma_bilinear,chroma,1.5,"chroma(1.5,full_range=False,matrix=bt601,upsample=bilinear)",luma/mean,4,0,0,0,0,"RS(155,125)",1,3.6552,"RS(255,254)",0.996078,1,18776,4.50624,4.56576
1,4,chroma_bilinear,chroma,1.5,"chroma(1.5,full_range=False,matrix=bt601,upsample=bilinear)",luma/saturated,4,0,0,0,0,"RS(155,125)",1,3.6552,"RS(255,254)",0.996078,1,18776,4.50624,4.56576
1,4,chroma_bilinear,chroma,1.5,"chroma(1.5,full_range=False,matrix=bt601,upsample=bilinear)",max/mean,4,0,0,0,0,"RS(155,125)",1,3.6552,"RS(255,254)",0.996078,1,18776,4.50624,4.56576
1,4,chroma_bilinear,chroma,1.5,"chroma(1.5,full_range=False,matrix=bt601,upsample=bilinear)",max/saturated,4,0,0,0,0,"RS(155,125)",1,3.6552,"RS(255,254)",0.996078,1,18776,4.50624,4.56576
1,4,chroma_bilinear,chroma,2,"chroma(2,full_range=False,matrix=bt601,upsample=bilinear)",luma/mean,4,0,0,0,0,"RS(155,125)",1,3.6552,"RS(255,254)",0.996078,1,18776,4.50624,4.56576
1,4,chroma_bilinear,chroma,2,"chroma(2,full_range=False,matrix=bt601,upsample=bilinear)",luma/saturated,4,0,0,0,0,"RS(155,125)",1,3.6552,"RS(255,254)",0.996078,1,18776,4.50624,4.56576
1,4,chroma_bilinear,chroma,2,"chroma(2,full_range=False,matrix=bt601,upsample=bilinear)",max/mean,4,0,0,0,0,"RS(155,125)",1,3.6552,"RS(255,254)",0.996078,1,18776,4.50624,4.56576
1,4,chroma_bilinear,chroma,2,"chroma(2,full_range=False,matrix=bt601,upsample=bilinear)",max/saturated,4,0,0,0,0,"RS(155,125)",1,3.6552,"RS(255,254)",0.996078,1,18776,4.50624,4.56576
1,4,chroma_bilinear,chroma,3,"chroma(3,full_range=False,matrix=bt601,upsample=bilinear)",luma/mean,4,0,0,0,0,"RS(155,125)",1,3.6552,"RS(255,254)",0.996078,1,18776,4.50624,4.56576
1,4,chroma_bilinear,chroma,3,"chroma(3,full_range=False,matrix=bt601,upsample=bilinear)",luma/saturated,4,0,0,0,0,"RS(155,125)",1,3.6552,"RS(255,254)",0.996078,1,18776,4.50624,4.56576
1,4,chroma_bilinear,chroma,3,"chroma(3,full_range=False,matrix=bt601,upsample=bilinear)",max/mean,4,0,0,0,0,"RS(155,125)",1,3.6552,"RS(255,254)",0.996078,1,18776,4.50624,4.56576
1,4,chroma_bilinear,chroma,3,"chroma(3,full_range=False,matrix=bt601,upsample=bilinear)",max/saturated,4,0,0,0,0,"RS(155,125)",1,3.6552,"RS(255,254)",0.996078,1,18776,4.50624,4.56576
1,4,chroma_bilinear,chroma,4,"chroma(4,full_range=False,matrix=bt601,upsample=bilinear)",luma/mean,4,0,0,0,0,"RS(155,125)",1,3.6552,"RS(255,254)",0.996078,1,18776,4.50624,4.56576
1,4,chroma_bilinear,chroma,4,"chroma(4,full_range=False,matrix=bt601,upsample=bilinear)",luma/saturated,4,0,0,0,0,"RS(155,125)",1,3.6552,"RS(255,254)",0.996078,1,18776,4.50624,4.56576
1,4,chroma_bilinear,chroma,4,"chroma(4,full_range=False,matrix=bt601,upsample=bilinear)",max/mean,4,0,0,0,0,"RS(155,125)",1,3.6552,"RS(255,254)",0.996078,1,18776,4.50624,4.56576
1,4,chroma_bilinear,chroma,4,"chroma(4,full_range=False,matrix=bt601,upsample=bilinear)",max/saturated,4,0,0,0,0,"RS(155,125)",1,3.6552,"RS(255,254)",0.996078,1,18776,4.50624,4.56576
1,4,chroma_bt709_bilinear,chroma,2,"chroma(2,full_range=False,matrix=bt709,upsample=bilinear)",luma/mean,4,0,0,0,0,"RS(155,125)",1,3.6552,"RS(255,254)",0.996078,1,18776,4.50624,4.56576
1,4,chroma_bt709_bilinear,chroma,2,"chroma(2,full_range=False,matrix=bt709,upsample=bilinear)",luma/saturated,4,0,0,0,0,"RS(155,125)",1,3.6552,"RS(255,254)",0.996078,1,18776,4.50624,4.56576
1,4,chroma_bt709_bilinear,chroma,2,"chroma(2,full_range=False,matrix=bt709,upsample=bilinear)",max/mean,4,0,0,0,0,"RS(155,125)",1,3.6552,"RS(255,254)",0.996078,1,18776,4.50624,4.56576
1,4,chroma_bt709_bilinear,chroma,2,"chroma(2,full_range=False,matrix=bt709,upsample=bilinear)",max/saturated,4,0,0,0,0,"RS(155,125)",1,3.6552,"RS(255,254)",0.996078,1,18776,4.50624,4.56576
1,4,chroma_bt709_nearest,chroma,2,"chroma(2,full_range=False,matrix=bt709,upsample=nearest)",luma/mean,4,0,0,0,0,"RS(155,125)",1,3.6552,"RS(255,254)",0.996078,1,18776,4.50624,4.56576
1,4,chroma_bt709_nearest,chroma,2,"chroma(2,full_range=False,matrix=bt709,upsample=nearest)",luma/saturated,4,0,0,0,0,"RS(155,125)",1,3.6552,"RS(255,254)",0.996078,1,18776,4.50624,4.56576
1,4,chroma_bt709_nearest,chroma,2,"chroma(2,full_range=False,matrix=bt709,upsample=nearest)",max/mean,4,0,0,0,0,"RS(155,125)",1,3.6552,"RS(255,254)",0.996078,1,18776,4.50624,4.56576
1,4,chroma_bt709_nearest,chroma,2,"chroma(2,full_range=False,matrix=bt709,upsample=nearest)",max/saturated,4,0,0,0,0,"RS(155,125)",1,3.6552,"RS(255,254)",0.996078,1,18776,4.50624,4.56576
1,4,chroma_nearest,chroma,1,"chroma(1,full_range=False,matrix=bt601,upsample=nearest)",luma/mean,4,0,0,0,0,"RS(155,125)",1,3.6552,"RS(255,254)",0.996078,1,18776,4.50624,4.56576
1,4,chroma_nearest,chroma,1,"chroma(1,full_range=False,matrix=bt601,upsample=nearest)",luma/saturated,4,0,0,0,0,"RS(155,125)",1,3.6552,"RS(255,254)",0.996078,1,18776,4.50624,4.56576
1,4,chroma_nearest,chroma,1,"chroma(1,full_range=False,matrix=bt601,upsample=nearest)",max/mean,4,0,0,0,0,"RS(155,125)",1,3.6552,"RS(255,254)",0.996078,1,18776,4.50624,4.56576
1,4,chroma_nearest,chroma,1,"chroma(1,full_range=False,matrix=bt601,upsample=nearest)",max/saturated,4,0,0,0,0,"RS(155,125)",1,3.6552,"RS(255,254)",0.996078,1,18776,4.50624,4.56576
1,4,chroma_nearest,chroma,1.5,"chroma(1.5,full_range=False,matrix=bt601,upsample=nearest)",luma/mean,4,0,0,0,0,"RS(155,125)",1,3.6552,"RS(255,254)",0.996078,1,18776,4.50624,4.56576
1,4,chroma_nearest,chroma,1.5,"chroma(1.5,full_range=False,matrix=bt601,upsample=nearest)",luma/saturated,4,0,0,0,0,"RS(155,125)",1,3.6552,"RS(255,254)",0.996078,1,18776,4.50624,4.56576
1,4,chroma_nearest,chroma,1.5,"chroma(1.5,full_range=False,matrix=bt601,upsample=nearest)",max/mean,4,0,0,0,0,"RS(155,125)",1,3.6552,"RS(255,254)",0.996078,1,18776,4.50624,4.56576
1,4,chroma_nearest,chroma,1.5,"chroma(1.5,full_range=False,matrix=bt601,upsample=nearest)",max/saturated,4,0,0,0,0,"RS(155,125)",1,3.6552,"RS(255,254)",0.996078,1,18776,4.50624,4.56576
1,4,chroma_nearest,chroma,2,"chroma(2,full_range=False,matrix=bt601,upsample=nearest)",luma/mean,4,0,0,0,0,"RS(155,125)",1,3.6552,"RS(255,254)",0.996078,1,18776,4.50624,4.56576
1,4,chroma_nearest,chroma,2,"chroma(2,full_range=False,matrix=bt601,upsample=nearest)",luma/saturated,4,0,0,0,0,"RS(155,125)",1,3.6552,"RS(255,254)",0.996078,1,18776,4.50624,4.56576
1,4,chroma_nearest,chroma,2,"chroma(2,full_range=False,matrix=bt601,upsample=nearest)",max/mean,4,0,0,0,0,"RS(155,125)",1,3.6552,"RS(255,254)",0.996078,1,18776,4.50624,4.56576
1,4,chroma_nearest,chroma,2,"chroma(2,full_range=False,matrix=bt601,upsample=nearest)",max/saturated,4,0,0,0,0,"RS(155,125)",1,3.6552,"RS(255,254)",0.996078,1,18776,4.50624,4.56576
1,4,chroma_nearest,chroma,3,"chroma(3,full_range=False,matrix=bt601,upsample=nearest)",luma/mean,4,0,0,0,0,"RS(155,125)",1,3.6552,"RS(255,254)",0.996078,1,18776,4.50624,4.56576
1,4,chroma_nearest,chroma,3,"chroma(3,full_range=False,matrix=bt601,upsample=nearest)",luma/saturated,4,0,0,0,0,"RS(155,125)",1,3.6552,"RS(255,254)",0.996078,1,18776,4.50624,4.56576
1,4,chroma_nearest,chroma,3,"chroma(3,full_range=False,matrix=bt601,upsample=nearest)",max/mean,4,0,0,0,0,"RS(155,125)",1,3.6552,"RS(255,254)",0.996078,1,18776,4.50624,4.56576
1,4,chroma_nearest,chroma,3,"chroma(3,full_range=False,matrix=bt601,upsample=nearest)",max/saturated,4,0,0,0,0,"RS(155,125)",1,3.6552,"RS(255,254)",0.996078,1,18776,4.50624,4.56576
1,4,chroma_nearest,chroma,4,"chroma(4,full_range=False,matrix=bt601,upsample=nearest)",luma/mean,4,0,0,0,0,"RS(155,125)",1,3.6552,"RS(255,254)",0.996078,1,18776,4.50624,4.56576
1,4,chroma_nearest,chroma,4,"chroma(4,full_range=False,matrix=bt601,upsample=nearest)",luma/saturated,4,0,0,0,0,"RS(155,125)",1,3.6552,"RS(255,254)",0.996078,1,18776,4.50624,4.56576
1,4,chroma_nearest,chroma,4,"chroma(4,full_range=False,matrix=bt601,upsample=nearest)",max/mean,4,0,0,0,0,"RS(155,125)",1,3.6552,"RS(255,254)",0.996078,1,18776,4.50624,4.56576
1,4,chroma_nearest,chroma,4,"chroma(4,full_range=False,matrix=bt601,upsample=nearest)",max/saturated,4,0,0,0,0,"RS(155,125)",1,3.6552,"RS(255,254)",0.996078,1,18776,4.50624,4.56576
1,4,clean,clean,0,clean,luma/mean,4,0,0,0,0,"RS(155,125)",1,3.6552,"RS(255,254)",0.996078,1,18776,4.50624,4.56576
1,4,clean,clean,0,clean,luma/saturated,4,0,0,0,0,"RS(155,125)",1,3.6552,"RS(255,254)",0.996078,1,18776,4.50624,4.56576
1,4,clean,clean,0,clean,max/mean,4,0,0,0,0,"RS(155,125)",1,3.6552,"RS(255,254)",0.996078,1,18776,4.50624,4.56576
1,4,clean,clean,0,clean,max/saturated,4,0,0,0,0,"RS(155,125)",1,3.6552,"RS(255,254)",0.996078,1,18776,4.50624,4.56576
1,4,noise,noise,10,noise(10),luma/mean,4,0,0,0,0,"RS(155,125)",1,3.6552,"RS(255,254)",0.996078,1,18776,4.50624,4.56576
1,4,noise,noise,10,noise(10),luma/saturated,4,0,0,0,0,"RS(155,125)",1,3.6552,"RS(255,254)",0.996078,1,18776,4.50624,4.56576
1,4,noise,noise,10,noise(10),max/mean,4,0,0,0,0,"RS(155,125)",1,3.6552,"RS(255,254)",0.996078,1,18776,4.50624,4.56576
1,4,noise,noise,10,noise(10),max/saturated,4,0,0,0,0,"RS(155,125)",1,3.6552,"RS(255,254)",0.996078,1,18776,4.50624,4.56576
1,4,noise,noise,20,noise(20),luma/mean,4,0,0,0,0,"RS(155,125)",1,3.6552,"RS(255,254)",0.996078,1,18776,4.50624,4.56576
1,4,noise,noise,20,noise(20),luma/saturated,4,0,0,0,0,"RS(155,125)",1,3.6552,"RS(255,254)",0.996078,1,18776,4.50624,4.56576
1,4,noise,noise,20,noise(20),max/mean,4,0,0,0,0,"RS(155,125)",1,3.6552,"RS(255,254)",0.996078,1,18776,4.50624,4.56576
1,4,noise,noise,20,noise(20),max/saturated,4,0,0,0,0,"RS(155,125)",1,3.6552,"RS(255,254)",0.996078,1,18776,4.50624,4.56576
1,4,noise,noise,40,noise(40),luma/mean,4,0,0,0,0,"RS(155,125)",1,3.6552,"RS(255,254)",0.996078,1,18776,4.50624,4.56576
1,4,noise,noise,40,noise(40),luma/saturated,4,0,0,0,0,"RS(155,125)",1,3.6552,"RS(255,254)",0.996078,1,18776,4.50624,4.56576
1,4,noise,noise,40,noise(40),max/mean,4,0,0,0,0,"RS(155,125)",1,3.6552,"RS(255,254)",0.996078,1,18776,4.50624,4.56576
1,4,noise,noise,40,noise(40),max/saturated,4,0,0,0,0,"RS(155,125)",1,3.6552,"RS(255,254)",0.996078,1,18776,4.50624,4.56576
1,4,noise,noise,60,noise(60),luma/mean,4,0,0,0,0,"RS(155,125)",1,3.6552,"RS(255,254)",0.996078,1,18776,4.50624,4.56576
1,4,noise,noise,60,noise(60),luma/saturated,4,0,0,0,0,"RS(155,125)",1,3.6552,"RS(255,254)",0.996078,1,18776,4.50624,4.56576
1,4,noise,noise,60,noise(60),max/mean,4,0,0,0,0,"RS(155,125)",1,3.6552,"RS(255,254)",0.996078,1,18776,4.50624,4.56576
1,4,noise,noise,60,noise(60),max/saturated,4,0,0,0,0,"RS(155,125)",1,3.6552,"RS(255,254)",0.996078,1,18776,4.50624,4.56576
1,4,noise,noise,80,noise(80),luma/mean,4,0,0,0,0,"RS(155,125)",1,3.6552,"RS(255,254)",0.996078,1,18776,4.50624,4.56576
1,4,noise,noise,80,noise(80),luma/saturated,4,0,0,0,0,"RS(155,125)",1,3.6552,"RS(255,254)",0.996078,1,18776,4.50624,4.56576
1,4,noise,noise,80,noise(80),max/mean,4,0,0,0,0,"RS(155,125)",1,3.6552,"RS(255,254)",0.996078,1,18776,4.50624,4.56576
1,4,noise,noise,80,noise(80),max/saturated,4,0,0,0,0,"RS(155,125)",1,3.6552,"RS(255,254)",0.996078,1,18776,4.50624,4.56576
1,4,perspective,perspective,0.05,perspective(0.05),luma/mean,4,0.00276624,0,0.00276624,0.00548652,"RS(155,125)",1,3.6552,"RS(255,237)",0.929412,1,17518,4.20432,4.56576
1,4,perspective,perspective,0.05,perspective(0.05),luma/saturated,4,0.00276624,0,0.00276624,0.00548652,"RS(155,125)",1,3.6552,"RS(255,237)",0.929412,1,17518,4.20432,4.56576
1,4,perspective,perspective,0.05,perspective(0.05),max/mean,4,0.00276624,0,0.00276624,0.00548652,"RS(155,125)",1,3.6552,"RS(255,237)",0.929412,1,17518,4.20432,4.56576
1,4,perspective,perspective,0.05,perspective(0.05),max/saturated,4,0.00276624,0,0.00276624,0.00548652,"RS(155,125)",1,3.6552,"RS(255,237)",0.929412,1,17518,4.20432,4.56576
1,4,perspective,perspective,0.1,perspective(0.1),luma/mean,4,0.0091332,0,0.0091332,0.0181253,"RS(155,125)",1,3.6552,"RS(255,225)",0.882353,1,16630,3.9912,4.56576
1,4,perspective,perspective,0.1,perspective(0.1),luma/saturated,4,0.0091332,0,0.0091332,0.0181253,"RS(155,125)",1,3.6552,"RS(255,225)",0.882353,1,16630,3.9912,4.56576
1,4,perspective,perspective,0.1,perspective(0.1),max/mean,4,0.00921862,0,0.00921862,0.0182972,"RS(155,125)",1,3.6552,"RS(255,225)",0.882353,1,16630,3.9912,4.56576
1,4,perspective,perspective,0.1,perspective(0.1),max/saturated,4,0.00921862,0,0.00921862,0.0182972,"RS(155,125)",1,3.6552,"RS(255,225)",0.882353,1,16630,3.9912,4.56576
1,4,perspective,perspective,0.15,perspective(0.15),luma/mean,4,0.0227016,0,0.0227016,0.0444738,"RS(155,125)",0.5,1.8276,"RS(255,205)",0.803922,1,15150,3.636,4.56576
1,4,perspective,perspective,0.15,perspective(0.15),luma/saturated,4,0.0227016,0,0.0227016,0.0444738,"RS(155,125)",0.5,1.8276,"RS(255,205)",0.803922,1,15150,3.636,4.56576
1,4,perspective,perspective,0.15,perspective(0.15),max/mean,4,0.0227344,0,0.0227344,0.0445399,"RS(155,125)",0.5,1.8276,"RS(255,205)",0.803922,1,15150,3.636,4.56576
1,4,perspective,perspective,0.15,perspective(0.15),max/saturated,4,0.0227344,0,0.0227344,0.0445399,"RS(155,125)",0.5,1.8276,"RS(255,205)",0.803922,1,15150,3.636,4.56576
1,4,perspective,perspective,0.2,perspective(0.2),luma/mean,4,0.0628417,0,0.0628417,0.11753,"RS(155,125)",0,0,"RS(155,77)",0.496774,1,9374,2.24976,4.56576
1,4,perspective,perspective,0.2,perspective(0.2),luma/saturated,4,0.0628417,0,0.0628417,0.11753,"RS(155,125)",0,0,"RS(155,77)",0.496774,1,9374,2.24976,4.56576
1,4,perspective,perspective,0.2,perspective(0.2),max/mean,4,0.0628614,0,0.0628614,0.11757,"RS(155,125)",0,0,"RS(155,77)",0.496774,1,9374,2.24976,4.56576
1,4,perspective,perspective,0.2,perspective(0.2),max/saturated,4,0.0628614,0,0.0628614,0.11757,"RS(155,125)",0,0,"RS(155,77)",0.496774,1,9374,2.24976,4.56576
1,4,perspective,perspective,0.3,perspective(0.3),luma/mean,4,0.255263,0,0.255263,0.404138,"RS(155,125)",0,0,"RS(255,159)",0.623529,0.25,11746,0.70476,4.56576
1,4,perspective,perspective,0.3,perspective(0.3),luma/saturated,4,0.255263,0,0.255263,0.404138,"RS(155,125)",0,0,"RS(255,159)",0.623529,0.25,11746,0.70476,4.56576
1,4,perspective,perspective,0.3,perspective(0.3),max/mean,4,0.255257,0,0.255257,0.404098,"RS(155,125)",0,0,"RS(255,161)",0.631373,0.25,11894,0.71364,4.56576
1,4,perspective,perspective,0.3,perspective(0.3),max/saturated,4,0.255257,0,0.255257,0.404098,"RS(155,125)",0,0,"RS(255,161)",0.631373,0.25,11894,0.71364,4.56576
1,4,white_balance,white_balance,0.5,white_balance(0.5),luma/mean,4,0,0,0,0,"RS(155,125)",1,3.6552,"RS(255,254)",0.996078,1,18776,4.50624,4.56576
1,4,white_balance,white_balance,0.5,white_balance(0.5),luma/saturated,4,0,0,0,0,"RS(155,125)",1,3.6552,"RS(255,254)",0.996078,1,18776,4.50624,4.56576
1,4,white_balance,white_balance,0.5,white_balance(0.5),max/mean,4,0,0,0,0,"RS(155,125)",1,3.6552,"RS(255,254)",0.996078,1,18776,4.50624,4.56576
1,4,white_balance,white_balance,0.5,white_balance(0.5),max/saturated,4,0,0,0,0,"RS(155,125)",1,3.6552,"RS(255,254)",0.996078,1,18776,4.50624,4.56576
1,4,white_balance,white_balance,1,white_balance(1),luma/mean,4,0,0,0,0,"RS(155,125)",1,3.6552,"RS(255,254)",0.996078,1,18776,4.50624,4.56576
1,4,white_balance,white_balance,1,white_balance(1),luma/saturated,4,0,0,0,0,"RS(155,125)",1,3.6552,"RS(255,254)",0.996078,1,18776,4.50624,4.56576
1,4,white_balance,white_balance,1,white_balance(1),max/mean,4,0,0,0,0,"RS(155,125)",1,3.6552,"RS(255,254)",0.996078,1,18776,4.50624,4.56576
1,4,white_balance,white_balance,1,white_balance(1),max/saturated,4,0,0,0,0,"RS(155,125)",1,3.6552,"RS(255,254)",0.996078,1,18776,4.50624,4.56576
1,4,white_balance,white_balance,2,white_balance(2),luma/mean,4,0,0,0,0,"RS(155,125)",1,3.6552,"RS(255,254)",0.996078,1,18776,4.50624,4.56576
1,4,white_balance,white_balance,2,white_balance(2),luma/saturated,4,0,0,0,0,"RS(155,125)",1,3.6552,"RS(255,254)",0.996078,1,18776,4.50624,4.56576
1,4,white_balance,white_balance,2,white_balance(2),max/mean,4,0,0,0,0,"RS(155,125)",1,3.6552,"RS(255,254)",0.996078,1,18776,4.50624,4.56576
1,4,white_balance,white_balance,2,white_balance(2),max/saturated,4,0,0,0,0,"RS(155,125)",1,3.6552,"RS(255,254)",0.996078,1,18776,4.50624,4.56576
1,4,white_balance,white_balance,3,white_balance(3),luma/mean,4,0,0,0,0,"RS(155,125)",1,3.6552,"RS(255,254)",0.996078,1,18776,4.50624,4.56576
1,4,white_balance,white_balance,3,white_balance(3),luma/saturated,4,0,0,0,0,"RS(155,125)",1,3.6552,"RS(255,254)",0.996078,1,18776,4.50624,4.56576
1,4,white_balance,white_balance,3,white_balance(3),max/mean,4,0,0,0,0,"RS(155,125)",1,3.6552,"RS(255,254)",0.996078,1,18776,4.50624,4.56576
1,4,white_balance,white_balance,3,white_balance(3),max/saturated,4,0,0,0,0,"RS(155,125)",1,3.6552,"RS(255,254)",0.996078,1,18776,4.50624,4.56576
1,4,white_balance,white_balance,4,white_balance(4),luma/mean,4,0,0,0,0,"RS(155,125)",1,3.6552,"RS(255,254)",0.996078,1,18776,4.50624,4.56576
1,4,white_balance,white_balance,4,white_balance(4),luma/saturated,4,0,0,0,0,"RS(155,125)",1,3.6552,"RS(255,254)",0.996078,1,18776,4.50624,4.56576
1,4,white_balance,white_balance,4,white_balance(4),max/mean,4,0,0,0,0,"RS(155,125)",1,3.6552,"RS(255,254)",0.996078,1,18776,4.50624,4.56576
1,4,white_balance,white_balance,4,white_balance(4),max/saturated,4,0,0,0,0,"RS(155,125)",1,3.6552,"RS(255,254)",0.996078,1,18776,4.50624,4.56576
1,5,blur,blur,0.5,blur(0.5),luma/mean,4,0,0,0,0,"RS(155,125)",1,2.5452,"RS(155,154)",0.993548,1,13070,3.1368,3.1728
1,5,blur,blur,0.5,blur(0.5),luma/saturated,4,0,0,0,0,"RS(155,125)",1,2.5452,"RS(155,154)",0.993548,1,13070,3.1368,3.1728
1,5,blur,blur,0.5,blur(0.5),max/mean,4,0,0,0,0,"RS(155,125)",1,2.5452,"RS(155,154)",0.993548,1,13070,3.1368,3.1728
1,5,blur,blur,0.5,blur(0.5),max/saturated,4,0,0,0,0,"RS(155,125)",1,2.5452,"RS(155,154)",0.993548,1,13070,3.1368,3.1728
1,5,blur,blur,0.75,blur(0.75),luma/mean,4,0,0,0,0,"RS(155,125)",1,2.5452,"RS(155,154)",0.993548,1,13070,3.1368,3.1728
1,5,blur,blur,0.75,blur(0.75),luma/saturated,4,0,0,0,0,"RS(155,125)",1,2.5452,"RS(155,154)",0.993548,1,13070,3.1368,3.1728
1,5,blur,blur,0.75,blur(0.75),max/mean,4,0,0,0,0,"RS(155,125)",1,2.5452,"RS(155,154)",0.993548,1,13070,3.1368,3.1728
1,5,blur,blur,0.75,blur(0.75),max/saturated,4,0,0,0,0,"RS(155,125)",1,2.5452,"RS(155,154)",0.993548,1,13070,3.1368,3.1728
1,5,blur,blur,1,blur(1),luma/mean,4,0,0,0,0,"RS(155,125)",1,2.5452,"RS(155,154)",0.993548,1,13070,3.1368,3.1728
1,5,blur,blur,1,blur(1),luma/saturated,4,0,0,0,0,"RS(155,125)",1,2.5452,"RS(155,154)",0.993548,1,13070,3.1368,3.1728
1,5,blur,blur,1,blur(1),max/mean,4,0,0,0,0,"RS(155,125)",1,2.5452,"RS(155,154)",0.993548,1,13070,3.1368,3.1728
1,5,blur,blur,1,blur(1),max/saturated,4,0,0,0,0,"RS(155,125)",1,2.5452,"RS(155,154)",0.993548,1,13070,3.1368,3.1728
1,5,blur,blur,1.25,blur(1.25),luma/mean,4,0.17957,0,0.17957,0.330531,"RS(155,125)",0,0,"RS(255,35)",0.137255,1,1765,0.4236,3.1728
1,5,blur,blur,1.25,blur(1.25),luma/saturated,4,0.17957,0,0.17957,0.330531,"RS(155,125)",0,0,"RS(255,35)",0.137255,1,1765,0.4236,3.1728
1,5,blur,blur,1.25,blur(1.25),max/mean,4,0.179229,0,0.179229,0.329962,"RS(155,125)",0,0,"RS(255,37)",0.145098,1,1867,0.44808,3.1728
1,5,blur,blur,1.25,blur(1.25),max/saturated,4,0.179229,0,0.179229,0.329962,"RS(155,125)",0,0,"RS(255,37)",0.145098,1,1867,0.44808,3.1728
1,5,blur,blur,1.5,blur(1.5),luma/mean,4,0.398274,0,0.398274,0.637438,"RS(155,125)",0,0,"RS(255,254)",0.996078,0,12934,0,3.1728
1,5,blur,blur,1.5,blur(1.5),luma/saturated,4,0.398274,0,0.398274,0.637438,"RS(155,125)",0,0,"RS(255,254)",0.996078,0,12934,0,3.1728
1,5,blur,blur,1.5,blur(1.5),max/mean,4,0.398009,0,0.398009,0.637192,"RS(155,125)",0,0,"RS(255,254)",0.996078,0,12934,0,3.1728
1,5,blur,blur,1.5,blur(1.5),max/saturated,4,0.398009,0,0.398009,0.637192,"RS(155,125)",0,0,"RS(255,254)",0.996078,0,12934,0,3.1728
1,5,blur,blur,2,blur(2),luma/mean,4,0.551322,0,0.551322,0.804573,"RS(155,125)",0,0,"RS(255,254)",0.996078,0,12934,0,3.1728
1,5,blur,blur,2,blur(2),luma/saturated,4,0.551322,0,0.551322,0.804573,"RS(155,125)",0,0,"RS(255,254)",0.996078,0,12934,0,3.1728
1,5,blur,blur,2,blur(2),max/mean,4,0.551615,0,0.551615,0.804915,"RS(155,125)",0,0,"RS(255,254)",0.996078,0,12934,0,3.1728
1,5,blur,blur,2,blur(2),max/saturated,4,0.551615,0,0.551615,0.804915,"RS(155,125)",0,0,"RS(255,254)",0.996078,0,12934,0,3.1728
1,5,chroma_bilinear,chroma,1,"chroma(1,full_range=False,matrix=bt601,upsample=bilinear)",luma/mean,4,0,0,0,0,"RS(155,125)",1,2.5452,"RS(155,154)",0.993548,1,13070,3.1368,3.1728
1,5,chroma_bilinear,chroma,1,"chroma(1,full_range=False,matrix=bt601,upsample=bilinear)",luma/saturated,4,0,0,0,0,"RS(155,125)",1,2.5452,"RS(155,154)",0.993548,1,13070,3.1368,3.1728
1,5,chroma_bilinear,chroma,1,"chroma(1,full_range=False,matrix=bt601,upsample=bilinear)",max/mean,4,0,0,0,0,"RS(155,125)",1,2.5452,"RS(155,154)",0.993548,1,13070,3.1368,3.1728
1,5,chroma_bilinear,chroma,1,"chroma(1,full_range=False,matrix=bt601,upsample=bilinear)",max/saturated,4,0,0,0,0,"RS(155,125)",1,2.5452,"RS(155,154)",0.993548,1,13070,3.1368,3.1728
1,5,chroma_bilinear,chroma,1.5,"chroma(1.5,full_range=False,matrix=bt601,upsample=bilinear)",luma/mean,4,0,0,0,0,"RS(155,125)",1,2.5452,"RS(155,154)",0.993548,1,13070,3.1368,3.1728
1,5,chroma_bilinear,chroma,1.5,"chroma(1.5,full_range=False,matrix=bt601,upsample=bilinear)",luma/saturated,4,0,0,0,0,"RS(155,125)",1,2.5452,"RS(155,154)",0.993548,1,13070,3.1368,3.1728
1,5,chroma_bilinear,chroma,1.5,"chroma(1.5,full_range=False,matrix=bt601,upsample=bilinear)",max/mean,4,0,0,0,0,"RS(155,125)",1,2.5452,"RS(155,154)",0.993548,1,13070,3.1368,3.1728
1,5,chroma_bilinear,chroma,1.5,"chroma(1.5,full_range=False,matrix=bt601,upsample=bilinear)",max/saturated,4,0,0,0,0,"RS(155,125)",1,2.5452,"RS(155,154)",0.993548,1,13070,3.1368,3.1728
1,5,chroma_bilinear,chroma,2,"chroma(2,full_range=False,matrix=bt601,upsample=bilinear)",luma/mean,4,0,0,0,0,"RS(155,125)",1,2.5452,"RS(155,154)",0.993548,1,13070,3.1368,3.1728
1,5,chroma_bilinear,chroma,2,"chroma(2,full_range=False,matrix=bt601,upsample=bilinear)",luma/saturated,4,0,0,0,0,"RS(155,125)",1,2.5452,"RS(155,154)",0.993548,1,13070,3.1368,3.1728
1,5,chroma_bilinear,chroma,2,"chroma(2,full_range=False,matrix=bt601,upsample=bilinear)",max/mean,4,0,0,0,0,"RS(155,125)",1,2.5452,"RS(155,154)",0.993548,1,13070,3.1368,3.1728
1,5,chroma_bilinear,chroma,2,"chroma(2,full_range=False,matrix=bt601,upsample=bilinear)",max/saturated,4,0,0,0,0,"RS(155,125)",1,2.5452,"RS(155,154)",0.993548,1,13070,3.1368,3.1728
1,5,chroma_bilinear,chroma,3,"chroma(3,full_range=False,matrix=bt601,upsample=bilinear)",luma/mean,4,0,0,0,0,"RS(155,125)",1,2.5452,"RS(155,154)",0.993548,1,13070,3.1368,3.1728
1,5,chroma_bilinear,chroma,3,"chroma(3,full_range=False,matrix=bt601,upsample=bilinear)",luma/saturated,4,0,0,0,0,"RS(155,125)",1,2.5452,"RS(155,154)",0.993548,1,13070,3.1368,3.1728
1,5,chroma_bilinear,chroma,3,"chroma(3,full_range=False,matrix=bt601,upsample=bilinear)",max/mean,4,0,0,0,0,"RS(155,125)",1,2.5452,"RS(155,154)",0.993548,1,13070,3.1368,3.1728
1,5,chroma_bilinear,chroma,3,"chroma(3,full_range=False,matrix=bt601,upsample=bilinear)",max/saturated,4,0,0,0,0,"RS(155,125)",1,2.5452,"RS(155,154)",0.993548,1,13070,3.1368,3.1728
1,5,chroma_bilinear,chroma,4,"chroma(4,full_range=False,matrix=bt601,upsample=bilinear)",luma/mean,4,0,0,0,0,"RS(155,125)",1,2.5452,"RS(155,154)",0.993548,1,13070,3.1368,3.1728
1,5,chroma_bilinear,chroma,4,"chroma(4,full_range=False,matrix=bt601,upsample=bilinear)",luma/saturated,4,0,0,0,0,"RS(155,125)",1,2.5452,"RS(155,154)",0.993548,1,13070,3.1368,3.1728
1,5,chroma_bilinear,chroma,4,"chroma(4,full_range=False,matrix=bt601,upsample=bilinear)",max/mean,4,0,0,0,0,"RS(155,125)",1,2.5452,"RS(155,154)",0.993548,1,13070,3.1368,3.1728
1,5,chroma_bilinear,chroma,4,"chroma(4,full_range=False,matrix=bt601,upsample=bilinear)",max/saturated,4,0,0,0,0,"RS(155,125)",1,2.5452,"RS(155,154)",0.993548,1,13070,3.1368,3.1728
1,5,chroma_bt709_bilinear,chroma,2,"chroma(2,full_range=False,matrix=bt709,upsample=bilinear)",luma/mean,4,0,0,0,0,"RS(155,125)",1,2.5452,"RS(155,154)",0.993548,1,13070,3.1368,3.1728
1,5,chroma_bt709_bilinear,chroma,2,"chroma(2,full_range=False,matrix=bt709,upsample=bilinear)",luma/saturated,4,0,0,0,0,"RS(155,125)",1,2.5452,"RS(155,154)",0.993548,1,13070,3.1368,3.1728
1,5,chroma_bt709_bilinear,chroma,2,"chroma(2,full_range=False,matrix=bt709,upsample=bilinear)",max/mean,4,0,0,0,0,"RS(155,125)",1,2.5452,"RS(155,154)",0.993548,1,13070,3.1368,3.1728
1,5,chroma_bt709_bilinear,chroma,2,"chroma(2,full_range=False,matrix=bt709,upsample=bilinear)",max/saturated,4,0,0,0,0,"RS(155,125)",1,2.5452,"RS(155,154)",0.993548,1,13070,3.1368,3.1728
1,5,chroma_bt709_nearest,chroma,2,"chroma(2,full_range=False,matrix=bt709,upsample=nearest)",luma/mean,4,0,0,0,0,"RS(155,125)",1,2.5452,"RS(155,154)",0.993548,1,13070,3.1368,3.1728
1,5,chroma_bt709_nearest,chroma,2,"chroma(2,full_range=False,matrix=bt709,upsample=nearest)",luma/saturated,4,0,0,0,0,"RS(155,125)",1,2.5452,"RS(155,154)",0.993548,1,13070,3.1368,3.1728
1,5,chroma_bt709_nearest,chroma,2,"chroma(2,full_range=False,matrix=bt709,upsample=nearest)",max/mean,4,0,0,0,0,"RS(155,125)",1,2.5452,"RS(155,154)",0.993548,1,13070,3.1368,3.1728
1,5,chroma_bt709_nearest,chroma,2,"chroma(2,full_range=False,matrix=bt709,upsample=nearest)",max/saturated,4,0,0,0,0,"RS(155,125)",1,2.5452,"RS(155,154)",0.993548,1,13070,3.1368,3.1728
1,5,chroma_nearest,chroma,1,"chroma(1,full_range=False,matrix=bt601,upsample=nearest)",luma/mean,4,0,0,0,0,"RS(155,125)",1,2.5452,"RS(155,154)",0.993548,1,13070,3.1368,3.1728
1,5,chroma_nearest,chroma,1,"chroma(1,full_range=False,matrix=bt601,upsample=nearest)",luma/saturated,4,0,0,0,0,"RS(155,125)",1,2.5452,"RS(155,154)",0.993548,1,13070,3.1368,3.1728
1,5,chroma_nearest,chroma,1,"chroma(1,full_range=False,matrix=bt601,upsample=nearest)",max/mean,4,0,0,0,0,"RS(155,125)",1,2.5452,"RS(155,154)",0.993548,1,13070,3.1368,3.1728
1,5,chroma_nearest,chroma,1,"chroma(1,full_range=False,matrix=bt601,upsample=nearest)",max/saturated,4,0,0,0,0,"RS(155,125)",1,2.5452,"RS(155,154)",0.993548,1,13070,3.1368,3.1728
1,5,chroma_nearest,chroma,1.5,"chroma(1.5,full_range=False,matrix=bt601,upsample=nearest)",luma/mean,4,0,0,0,0,"RS(155,125)",1,2.5452,"RS(155,154)",0.993548,1,13070,3.1368,3.1728
1,5,chroma_nearest,chroma,1.5,"chroma(1.5,full_range=False,matrix=bt601,upsample=nearest)",luma/saturated,4,0,0,0,0,"RS(155,125)",1,2.5452,"RS(155,154)",0.993548,1,13070,3.1368,3.1728
1,5,chroma_nearest,chroma,1.5,"chroma(1.5,full_range=False,matrix=bt601,upsample=nearest)",max/mean,4,0,0,0,0,"RS(155,125)",1,2.5452,"RS(155,154)",0.993548,1,13070,3.1368,3.1728
1,5,chroma_nearest,chroma,1.5,"chroma(1.5,full_range=False,matrix=bt601,upsample=nearest)",max/saturated,4,0,0,0,0,"RS(155,125)",1,2.5452,"RS(155,154)",0.993548,1,13070,3.1368,3.1728
1,5,chroma_nearest,chroma,2,"chroma(2,full_range=False,matrix=bt601,upsample=nearest)",luma/mean,4,0,0,0,0,"RS(155,125)",1,2.5452,"RS(155,154)",0.993548,1,13070,3.1368,3.1728
1,5,chroma_nearest,chroma,2,"chroma(2,full_range=False,matrix=bt601,upsample=nearest)",luma/saturated,4,0,0,0,0,"RS(155,125)",1,2.5452,"RS(155,154)",0.993548,1,13070,3.1368,3.1728
1,5,chroma_nearest,chroma,2,"chroma(2,full_range=False,matrix=bt601,upsample=nearest)",max/mean,4,0,0,0,0,"RS(155,125)",1,2.5452,"RS(155,154)",0.993548,1,13070,3.1368,3.1728
1,5,chroma_nearest,chroma,2,"chroma(2,full_range=False,matrix=bt601,upsample=nearest)",max/saturated,4,0,0,0,0,"RS(155,125)",1,2.5452,"RS(155,154)",0.993548,1,13070,3.1368,3.1728
1,5,chroma_nearest,chroma,3,"chroma(3,full_range=False,matrix=bt601,upsample=nearest)",luma/mean,4,0,0,0,0,"RS(155,125)",1,2.5452,"RS(155,154)",0.993548,1,13070,3.1368,3.1728
1,5,chroma_nearest,chroma,3,"chroma(3,full_range=False,matrix=bt601,upsample=nearest)",luma/saturated,4,0,0,0,0,"RS(155,125)",1,2.5452,"RS(155,154)",0.993548,1,13070,3.1368,3.1728
1,5,chroma_nearest,chroma,3,"chroma(3,full_range=False,matrix=bt601,upsample=nearest)",max/mean,4,0,0,0,0,"RS(155,125)",1,2.5452,"RS(155,154)",0.993548,1,13070,3.1368,3.1728
1,5,chroma_nearest,chroma,3,"chroma(3,full_range=False,matrix=bt601,upsample=nearest)",max/saturated,4,0,0,0,0,"RS(155,125)",1,2.5452,"RS(155,154)",0.993548,1,13070,3.1368,3.1728
1,5,chroma_nearest,chroma,4,"chroma(4,full_range=False,matrix=bt601,upsample=nearest)",luma/mean,4,0,0,0,0,"RS(155,125)",1,2.5452,"RS(155,154)",0.993548,1,13070,3.1368,3.1728
1,5,chroma_nearest,chroma,4,"chroma(4,full_range=False,matrix=bt601,upsample=nearest)",luma/saturated,4,0,0,0,0,"RS(155,125)",1,2.5452,"RS(155,154)",0.993548,1,13070,3.1368,3.1728
1,5,chroma_nearest,chroma,4,"chroma(4,full_range=False,matrix=bt601,upsample=nearest)",max/mean,4,0,0,0,0,"RS(155,125)",1,2.5452,"RS(155,154)",0.993548,1,13070,3.1368,3.1728
1,5,chroma_nearest,chroma,4,"chroma(4,full_range=False,matrix=bt601,upsample=nearest)",max/saturated,4,0,0,0,0,"RS(155,125)",1,2.5452,"RS(155,154)",0.993548,1,13070,3.1368,3.1728
1,5,clean,clean,0,clean,luma/mean,4,0,0,0,0,"RS(155,125)",1,2.5452,"RS(155,154)",0.993548,1,13070,3.1368,3.1728
1,5,clean,clean,0,clean,luma/saturated,4,0,0,0,0,"RS(155,125)",1,2.5452,"RS(155,154)",0.993548,1,13070,3.1368,3.1728
1,5,clean,clean,0,clean,max/mean,4,0,0,0,0,"RS(155,125)",1,2.5452,"RS(155,154)",0.993548,1,13070,3.1368,3.1728
1,5,clean,clean,0,clean,max/saturated,4,0,0,0,0,"RS(155,125)",1,2.5452,"RS(155,154)",0.993548,1,13070,3.1368,3.1728
1,5,noise,noise,10,noise(10),luma/mean,4,0,0,0,0,"RS(155,125)",1,2.5452,"RS(155,154)",0.993548,1,13070,3.1368,3.1728
1,5,noise,noise,10,noise(10),luma/saturated,4,0,0,0,0,"RS(155,125)",1,2.5452,"RS(155,154)",0.993548,1,13070,3.1368,3.1728
1,5,noise,noise,10,noise(10),max/mean,4,0,0,0,0,"RS(155,125)",1,2.5452,"RS(155,154)",0.993548,1,13070,3.1368,3.1728
1,5,noise,noise,10,noise(10),max/saturated,4,0,0,0,0,"RS(155,125)",1,2.5452,"RS(155,154)",0.993548,1,13070,3.1368,3.1728
1,5,noise,noise,20,noise(20),luma/mean,4,0,0,0,0,"RS(155,125)",1,2.5452,"RS(155,154)",0.993548,1,13070,3.1368,3.1728
1,5,noise,noise,20,noise(20),luma/saturated,4,0,0,0,0,"RS(155,125)",1,2.5452,"RS(155,154)",0.993548,1,13070,3.1368,3.1728
1,5,noise,noise,20,noise(20),max/mean,4,0,0,0,0,"RS(155,125)",1,2.5452,"RS(155,154)",0.993548,1,13070,3.1368,3.1728
1,5,noise,noise,20,noise(20),max/saturated,4,0,0,0,0,"RS(155,125)",1,2.5452,"RS(155,154)",0.993548,1,13070,3.1368,3.1728
1,5,noise,noise,40,noise(40),luma/mean,4,0,0,0,0,"RS(155,125)",1,2.5452,"RS(155,154)",0.993548,1,13070,3.1368,3.1728
1,5,noise,noise,40,noise(40),luma/saturated,4,0,0,0,0,"RS(155,125)",1,2.5452,"RS(155,154)",0.993548,1,13070,3.1368,3.1728
1,5,noise,noise,40,noise(40),max/mean,4,0,0,0,0,"RS(155,125)",1,2.5452,"RS(155,154)",0.993548,1,13070,3.1368,3.1728
1,5,noise,noise,40,noise(40),max/saturated,4,0,0,0,0,"RS(155,125)",1,2.5452,"RS(155,154)",0.993548,1,13070,3.1368,3.1728
1,5,noise,noise,60,noise(60),luma/mean,4,0,0,0,0,"RS(155,125)",1,2.5452,"RS(155,154)",0.993548,1,13070,3.1368,3.1728
1,5,noise,noise,60,noise(60),luma/saturated,4,0,0,0,0,"RS(155,125)",1,2.5452,"RS(155,154)",0.993548,1,13070,3.1368,3.1728
1,5,noise,noise,60,noise(60),max/mean,4,0,0,0,0,"RS(155,125)",1,2.5452,"RS(155,154)",0.993548,1,13070,3.1368,3.1728
1,5,noise,noise,60,noise(60),max/saturated,4,0,0,0,0,"RS(155,125)",1,2.5452,"RS(155,154)",0.993548,1,13070,3.1368,3.1728
1,5,noise,noise,80,noise(80),luma/mean,4,0,0,0,0,"RS(155,125)",1,2.5452,"RS(155,154)",0.993548,1,13070,3.1368,3.1728
1,5,noise,noise,80,noise(80),luma/saturated,4,0,0,0,0,"RS(155,125)",1,2.5452,"RS(155,154)",0.993548,1,13070,3.1368,3.1728
1,5,noise,noise,80,noise(80),max/mean,4,0,0,0,0,"RS(155,125)",1,2.5452,"RS(155,154)",0.993548,1,13070,3.1368,3.1728
1,5,noise,noise,80,noise(80),max/saturated,4,0,0,0,0,"RS(155,125)",1,2.5452,"RS(155,154)",0.993548,1,13070,3.1368,3.1728
1,5,perspective,perspective,0.05,perspective(0.05),luma/mean,4,0,0,0,0,"RS(155,125)",1,2.5452,"RS(155,154)",0.993548,1,13070,3.1368,3.1728
1,5,perspective,perspective,0.05,perspective(0.05),luma/saturated,4,0,0,0,0,"RS(155,125)",1,2.5452,"RS(155,154)",0.993548,1,13070,3.1368,3.1728
1,5,perspective,perspective,0.05,perspective(0.05),max/mean,4,0,0,0,0,"RS(155,125)",1,2.5452,"RS(155,154)",0.993548,1,13070,3.1368,3.1728
1,5,perspective,perspective,0.05,perspective(0.05),max/saturated,4,0,0,0,0,"RS(155,125)",1,2.5452,"RS(155,154)",0.993548,1,13070,3.1368,3.1728
1,5,perspective,perspective,0.1,perspective(0.1),luma/mean,4,0,0,0,0,"RS(155,125)",1,2.5452,"RS(155,154)",0.993548,1,13070,3.1368,3.1728
1,5,perspective,perspective,0.1,perspective(0.1),luma/saturated,4,0,0,0,0,"RS(155,125)",1,2.5452,"RS(155,154)",0.993548,1,13070,3.1368,3.1728
1,5,perspective,perspective,0.1,perspective(0.1),max/mean,4,0,0,0,0,"RS(155,125)",1,2.5452,"RS(155,154)",0.993548,1,13070,3.1368,3.1728
1,5,perspective,perspective,0.1,perspective(0.1),max/saturated,4,0,0,0,0,"RS(155,125)",1,2.5452,"RS(155,154)",0.993548,1,13070,3.1368,3.1728
1,5,perspective,perspective,0.15,perspective(0.15),luma/mean,4,0.000330925,0,0.000330925,0.000664137,"RS(155,125)",1,2.5452,"RS(255,249)",0.976471,1,12679,3.04296,3.1728
1,5,perspective,perspective,0.15,perspective(0.15),luma/saturated,4,0.000330925,0,0.000330925,0.000664137,"RS(155,125)",1,2.5452,"RS(255,249)",0.976471,1,12679,3.04296,3.1728
1,5,perspective,perspective,0.15,perspective(0.15),max/mean,4,0.000330925,0,0.000330925,0.000664137,"RS(155,125)",1,2.5452,"RS(255,249)",0.976471,1,12679,3.04296,3.1728
1,5,perspective,perspective,0.15,perspective(0.15),max/saturated,4,0.000330925,0,0.000330925,0.000664137,"RS(155,125)",1,2.5452,"RS(255,249)",0.976471,1,12679,3.04296,3.1728
1,5,perspective,perspective,0.2,perspective(0.2),luma/mean,4,0.00562573,0,0.00562573,0.0108349,"RS(155,125)",1,2.5452,"RS(155,135)",0.870968,1,11455,2.7492,3.1728
1,5,perspective,perspective,0.2,perspective(0.2),luma/saturated,4,0.00562573,0,0.00562573,0.0108349,"RS(155,125)",1,2.5452,"RS(155,135)",0.870968,1,11455,2.7492,3.1728
1,5,perspective,perspective,0.2,perspective(0.2),max/mean,4,0.00560682,0,0.00560682,0.010797,"RS(155,125)",1,2.5452,"RS(155,135)",0.870968,1,11455,2.7492,3.1728
1,5,perspective,perspective,0.2,perspective(0.2),max/saturated,4,0.00560682,0,0.00560682,0.010797,"RS(155,125)",1,2.5452,"RS(155,135)",0.870968,1,11455,2.7492,3.1728
1,5,perspective,perspective,0.3,perspective(0.3),luma/mean,4,0.0936897,0,0.0936897,0.159753,"RS(155,125)",0.25,0.6363,"RS(255,159)",0.623529,0.75,8089,1.45602,3.1728
1,5,perspective,perspective,0.3,perspective(0.3),luma/saturated,4,0.0936897,0,0.0936897,0.159753,"RS(155,125)",0.25,0.6363,"RS(255,159)",0.623529,0.75,8089,1.45602,3.1728
1,5,perspective,perspective,0.3,perspective(0.3),max/mean,4,0.0936708,0,0.0936708,0.159715,"RS(155,125)",0.25,0.6363,"RS(255,159)",0.623529,0.75,8089,1.45602,3.1728
1,5,perspective,perspective,0.3,perspective(0.3),max/saturated,4,0.0936708,0,0.0936708,0.159715,"RS(155,125)",0.25,0.6363,"RS(255,159)",0.623529,0.75,8089,1.45602,3.1728
1,5,white_balance,white_balance,0.5,white_balance(0.5),luma/mean,4,0,0,0,0,"RS(155,125)",1,2.5452,"RS(155,154)",0.993548,1,13070,3.1368,3.1728
1,5,white_balance,white_balance,0.5,white_balance(0.5),luma/saturated,4,0,0,0,0,"RS(155,125)",1,2.5452,"RS(155,154)",0.993548,1,13070,3.1368,3.1728
1,5,white_balance,white_balance,0.5,white_balance(0.5),max/mean,4,0,0,0,0,"RS(155,125)",1,2.5452,"RS(155,154)",0.993548,1,13070,3.1368,3.1728
1,5,white_balance,white_balance,0.5,white_balance(0.5),max/saturated,4,0,0,0,0,"RS(155,125)",1,2.5452,"RS(155,154)",0.993548,1,13070,3.1368,3.1728
1,5,white_balance,white_balance,1,white_balance(1),luma/mean,4,0,0,0,0,"RS(155,125)",1,2.5452,"RS(155,154)",0.993548,1,13070,3.1368,3.1728
1,5,white_balance,white_balance,1,white_balance(1),luma/saturated,4,0,0,0,0,"RS(155,125)",1,2.5452,"RS(155,154)",0.993548,1,13070,3.1368,3.1728
1,5,white_balance,white_balance,1,white_balance(1),max/mean,4,0,0,0,0,"RS(155,125)",1,2.5452,"RS(155,154)",0.993548,1,13070,3.1368,3.1728
1,5,white_balance,white_balance,1,white_balance(1),max/saturated,4,0,0,0,0,"RS(155,125)",1,2.5452,"RS(155,154)",0.993548,1,13070,3.1368,3.1728
1,5,white_balance,white_balance,2,white_balance(2),luma/mean,4,0,0,0,0,"RS(155,125)",1,2.5452,"RS(155,154)",0.993548,1,13070,3.1368,3.1728
1,5,white_balance,white_balance,2,white_balance(2),luma/saturated,4,0,0,0,0,"RS(155,125)",1,2.5452,"RS(155,154)",0.993548,1,13070,3.1368,3.1728
1,5,white_balance,white_balance,2,white_balance(2),max/mean,4,0,0,0,0,"RS(155,125)",1,2.5452,"RS(155,154)",0.993548,1,13070,3.1368,3.1728
1,5,white_balance,white_balance,2,white_balance(2),max/saturated,4,0,0,0,0,"RS(155,125)",1,2.5452,"RS(155,154)",0.993548,1,13070,3.1368,3.1728
1,5,white_balance,white_balance,3,white_balance(3),luma/mean,4,0,0,0,0,"RS(155,125)",1,2.5452,"RS(155,154)",0.993548,1,13070,3.1368,3.1728
1,5,white_balance,white_balance,3,white_balance(3),luma/saturated,4,0,0,0,0,"RS(155,125)",1,2.5452,"RS(155,154)",0.993548,1,13070,3.1368,3.1728
1,5,white_balance,white_balance,3,white_balance(3),max/mean,4,0,0,0,0,"RS(155,125)",1,2.5452,"RS(155,154)",0.993548,1,13070,3.1368,3.1728
1,5,white_balance,white_balance,3,white_balance(3),max/saturated,4,0,0,0,0,"RS(155,125)",1,2.5452,"RS(155,154)",0.993548,1,13070,3.1368,3.1728
1,5,white_balance,white_balance,4,white_balance(4),luma/mean,4,0,0,0,0,"RS(155,125)",1,2.5452,"RS(155,154)",0.993548,1,13070,3.1368,3.1728
1,5,white_balance,white_balance,4,white_balance(4),luma/saturated,4,0,0,0,0,"RS(155,125)",1,2.5452,"RS(155,154)",0.993548,1,13070,3.1368,3.1728
1,5,white_balance,white_balance,4,white_balance(4),max/mean,4,0,0,0,0,"RS(155,125)",1,2.5452,"RS(155,154)",0.993548,1,13070,3.1368,3.1728
1,5,white_balance,white_balance,4,white_balance(4),max/saturated,4,0,0,0,0,"RS(155,125)",1,2.5452,"RS(155,154)",0.993548,1,13070,3.1368,3.1728
1,6,blur,blur,0.5,blur(0.5),luma/mean,4,0,0,0,0,"RS(155,125)",1,1.8552,"RS(155,154)",0.993548,1,9528,2.28672,2.31648
1,6,blur,blur,0.5,blur(0.5),luma/saturated,4,0,0,0,0,"RS(155,125)",1,1.8552,"RS(155,154)",0.993548,1,9528,2.28672,2.31648
1,6,blur,blur,0.5,blur(0.5),max/mean,4,0,0,0,0,"RS(155,125)",1,1.8552,"RS(155,154)",0.993548,1,9528,2.28672,2.31648
1,6,blur,blur,0.5,blur(0.5),max/saturated,4,0,0,0,0,"RS(155,125)",1,1.8552,"RS(155,154)",0.993548,1,9528,2.28672,2.31648
1,6,blur,blur,0.75,blur(0.75),luma/mean,4,0,0,0,0,"RS(155,125)",1,1.8552,"RS(155,154)",0.993548,1,9528,2.28672,2.31648
1,6,blur,blur,0.75,blur(0.75),luma/saturated,4,0,0,0,0,"RS(155,125)",1,1.8552,"RS(155,154)",0.993548,1,9528,2.28672,2.31648
1,6,blur,blur,0.75,blur(0.75),max/mean,4,0,0,0,0,"RS(155,125)",1,1.8552,"RS(155,154)",0.993548,1,9528,2.28672,2.31648
1,6,blur,blur,0.75,blur(0.75),max/saturated,4,0,0,0,0,"RS(155,125)",1,1.8552,"RS(155,154)",0.993548,1,9528,2.28672,2.31648
1,6,blur,blur,1,blur(1),luma/mean,4,0,0,0,0,"RS(155,125)",1,1.8552,"RS(155,154)",0.993548,1,9528,2.28672,2.31648
1,6,blur,blur,1,blur(1),luma/saturated,4,0,0,0,0,"RS(155,125)",1,1.8552,"RS(155,154)",0.993548,1,9528,2.28672,2.31648
1,6,blur,blur,1,blur(1),max/mean,4,0,0,0,0,"RS(155,125)",1,1.8552,"RS(155,154)",0.993548,1,9528,2.28672,2.31648
1,6,blur,blur,1,blur(1),max/saturated,4,0,0,0,0,"RS(155,125)",1,1.8552,"RS(155,154)",0.993548,1,9528,2.28672,2.31648
1,6,blur,blur,1.25,blur(1.25),luma/mean,4,0.00016835,0,0.00016835,0.000338189,"RS(155,125)",1,1.8552,"RS(155,153)",0.987097,1,9466,2.27184,2.31648
1,6,blur,blur,1.25,blur(1.25),luma/saturated,4,0.00016835,0,0.00016835,0.000338189,"RS(155,125)",1,1.8552,"RS(155,153)",0.987097,1,9466,2.27184,2.31648
1,6,blur,blur,1.25,blur(1.25),max/mean,4,0.0001554,0,0.0001554,0.000312175,"RS(155,125)",1,1.8552,"RS(155,153)",0.987097,1,9466,2.27184,2.31648
1,6,blur,blur,1.25,blur(1.25),max/saturated,4,0.0001554,0,0.0001554,0.000312175,"RS(155,125)",1,1.8552,"RS(155,153)",0.987097,1,9466,2.27184,2.31648
1,6,blur,blur,1.5,blur(1.5),luma/mean,4,0.0720668,0,0.0720668,0.140817,"RS(155,125)",0,0,"RS(255,159)",0.623529,1,5863,1.40712,2.31648
1,6,blur,blur,1.5,blur(1.5),luma/saturated,4,0.0720668,0,0.0720668,0.140817,"RS(155,125)",0,0,"RS(255,159)",0.623529,1,5863,1.40712,2.31648
1,6,blur,blur,1.5,blur(1.5),max/mean,4,0.0720021,0,0.0720021,0.140687,"RS(155,125)",0,0,"RS(255,159)",0.623529,1,5863,1.40712,2.31648
1,6,blur,blur,1.5,blur(1.5),max/saturated,4,0.0720021,0,0.0720021,0.140687,"RS(155,125)",0,0,"RS(255,159)",0.623529,1,5863,1.40712,2.31648
1,6,blur,blur,2,blur(2),luma/mean,4,0.391311,0,0.391311,0.641363,"RS(155,125)",0,0,"RS(255,254)",0.996078,0,9378,0,2.31648
1,6,blur,blur,2,blur(2),luma/saturated,4,0.391311,0,0.391311,0.641363,"RS(155,125)",0,0,"RS(255,254)",0.996078,0,9378,0,2.31648
1,6,blur,blur,2,blur(2),max/mean,4,0.391557,0,0.391557,0.641597,"RS(155,125)",0,0,"RS(255,254)",0.996078,0,9378,0,2.31648
1,6,blur,blur,2,blur(2),max/saturated,4,0.391557,0,0.391557,0.641597,"RS(155,125)",0,0,"RS(255,254)",0.996078,0,9378,0,2.31648
1,6,chroma_bilinear,chroma,1,"chroma(1,full_range=False,matrix=bt601,upsample=bilinear)",luma/mean,4,0,0,0,0,"RS(155,125)",1,1.8552,"RS(155,154)",0.993548,1,9528,2.28672,2.31648
1,6,chroma_bilinear,chroma,1,"chroma(1,full_range=False,matrix=bt601,upsample=bilinear)",luma/saturated,4,0,0,0,0,"RS(155,125)",1,1.8552,"RS(155,154)",0.993548,1,9528,2.28672,2.31648
1,6,chroma_bilinear,chroma,1,"chroma(1,full_range=False,matrix=bt601,upsample=bilinear)",max/mean,4,0,0,0,0,"RS(155,125)",1,1.8552,"RS(155,154)",0.993548,1,9528,2.28672,2.31648
1,6,chroma_bilinear,chroma,1,"chroma(1,full_range=False,matrix=bt601,upsample=bilinear)",max/saturated,4,0,0,0,0,"RS(155,125)",1,1.8552,"RS(155,154)",0.993548,1,9528,2.28672,2.31648
1,6,chroma_bilinear,chroma,1.5,"chroma(1.5,full_range=False,matrix=bt601,upsample=bilinear)",luma/mean,4,0,0,0,0,"RS(155,125)",1,1.8552,"RS(155,154)",0.993548,1,9528,2.28672,2.31648
1,6,chroma_bilinear,chroma,1.5,"chroma(1.5,full_range=False,matrix=bt601,upsample=bilinear)",luma/saturated,4,0,0,0,0,"RS(155,125)",1,1.8552,"RS(155,154)",0.993548,1,9528,2.28672,2.31648
1,6,chroma_bilinear,chroma,1.5,"chroma(1.5,full_range=False,matrix=bt601,upsample=bilinear)",max/mean,4,0,0,0,0,"RS(155,125)",1,1.8552,"RS(155,154)",0.993548,1,9528,2.28672,2.31648
1,6,chroma_bilinear,chroma,1.5,"chroma(1.5,full_range=False,matrix=bt601,upsample=bilinear)",max/saturated,4,0,0,0,0,"RS(155,125)",1,1.8552,"RS(155,154)",0.993548,1,9528,2.28672,2.31648
1,6,chroma_bilinear,chroma,2,"chroma(2,full_range=False,matrix=bt601,upsample=bilinear)",luma/mean,4,0,0,0,0,"RS(155,125)",1,1.8552,"RS(155,154)",0.993548,1,9528,2.28672,2.31648
1,6,chroma_bilinear,chroma,2,"chroma(2,full_range=False,matrix=bt601,upsample=bilinear)",luma/saturated,4,0,0,0,0,"RS(155,125)",1,1.8552,"RS(155,154)",0.993548,1,9528,2.28672,2.31648
1,6,chroma_bilinear,chroma,2,"chroma(2,full_range=False,matrix=bt601,upsample=bilinear)",max/mean,4,0,0,0,0,"RS(155,125)",1,1.8552,"RS(155,154)",0.993548,1,9528,2.28672,2.31648
1,6,chroma_bilinear,chroma,2,"chroma(2,full_range=False,matrix=bt601,upsample=bilinear)",max/saturated,4,0,0,0,0,"RS(155,125)",1,1.8552,"RS(155,154)",0.993548,1,9528,2.28672,2.31648
1,6,chroma_bilinear,chroma,3,"chroma(3,full_range=False,matrix=bt601,upsample=bilinear)",luma/mean,4,0,0,0,0,"RS(155,125)",1,1.8552,"RS(155,154)",0.993548,1,9528,2.28672,2.31648
1,6,chroma_bilinear,chroma,3,"chroma(3,full_range=False,matrix=bt601,upsample=bilinear)",luma/saturated,4,0,0,0,0,"RS(155,125)",1,1.8552,"RS(155,154)",0.993548,1,9528,2.28672,2.31648
1,6,chroma_bilinear,chroma,3,"chroma(3,full_range=False,matrix=bt601,upsample=bilinear)",max/mean,4,0,0,0,0,"RS(155,125)",1,1.8552,"RS(155,154)",0.993548,1,9528,2.28672,2.31648
1,6,chroma_bilinear,chroma,3,"chroma(3,full_range=False,matrix=bt601,upsample=bilinear)",max/saturated,4,0,0,0,0,"RS(155,125)",1,1.8552,"RS(155,154)",0.993548,1,9528,2.28672,2.31648
1,6,chroma_bilinear,chroma,4,"chroma(4,full_range=False,matrix=bt601,upsample=bilinear)",luma/mean,4,0,0,0,0,"RS(155,125)",1,1.8552,"RS(155,154)",0.993548,1,9528,2.28672,2.31648
1,6,chroma_bilinear,chroma,4,"chroma(4,full_range=False,matrix=bt601,upsample=bilinear)",luma/saturated,4,0,0,0,0,"RS(155,125)",1,1.8552,"RS(155,154)",0.993548,1,9528,2.28672,2.31648
1,6,chroma_bilinear,chroma,4,"chroma(4,full_range=False,matrix=bt601,upsample=bilinear)",max/mean,4,0,0,0,0,"RS(155,125)",1,1.8552,"RS(155,154)",0.993548,1,9528,2.28672,2.31648
1,6,chroma_bilinear,chroma,4,"chroma(4,full_range=False,matrix=bt601,upsample=bilinear)",max/saturated,4,0,0,0,0,"RS(155,125)",1,1.8552,"RS(155,154)",0.993548,1,9528,2.28672,2.31648
1,6,chroma_bt709_bilinear,chroma,2,"chroma(2,full_range=False,matrix=bt709,upsample=bilinear)",luma/mean,4,0,0,0,0,"RS(155,125)",1,1.8552,"RS(155,154)",0.993548,1,9528,2.28672,2.31648
1,6,chroma_bt709_bilinear,chroma,2,"chroma(2,full_range=False,matrix=bt709,upsample=bilinear)",luma/saturated,4,0,0,0,0,"RS(155,125)",1,1.8552,"RS(155,154)",0.993548,1,9528,2.28672,2.31648
1,6,chroma_bt709_bilinear,chroma,2,"chroma(2,full_range=False,matrix=bt709,upsample=bilinear)",max/mean,4,0,0,0,0,"RS(155,125)",1,1.8552,"RS(155,154)",0.993548,1,9528,2.28672,2.31648
1,6,chroma_bt709_bilinear,chroma,2,"chroma(2,full_range=False,matrix=bt709,upsample=bilinear)",max/saturated,4,0,0,0,0,"RS(155,125)",1,1.8552,"RS(155,154)",0.993548,1,9528,2.28672,2.31648
1,6,chroma_bt709_nearest,chroma,2,"chroma(2,full_range=False,matrix=bt709,upsample=nearest)",luma/mean,4,0,0,0,0,"RS(155,125)",1,1.8552,"RS(155,154)",0.993548,1,9528,2.28672,2.31648
1,6,chroma_bt709_nearest,chroma,2,"chroma(2,full_range=False,matrix=bt709,upsample=nearest)",luma/saturated,4,0,0,0,0,"RS(155,125)",1,1.8552,"RS(155,154)",0.993548,1,9528,2.28672,2.31648
1,6,chroma_bt709_nearest,chroma,2,"chroma(2,full_range=False,matrix=bt709,upsample=nearest)",max/mean,4,0,0,0,0,"RS(155,125)",1,1.8552,"RS(155,154)",0.993548,1,9528,2.28672,2.31648
1,6,chroma_bt709_nearest,chroma,2,"chroma(2,full_range=False,matrix=bt709,upsample=nearest)",max/saturated,4,0,0,0,0,"RS(155,125)",1,1.8552,"RS(155,154)",0.993548,1,9528,2.28672,2.31648
1,6,chroma_nearest,chroma,1,"chroma(1,full_range=False,matrix=bt601,upsample=nearest)",luma/mean,4,0,0,0,0,"RS(155,125)",1,1.8552,"RS(155,154)",0.993548,1,9528,2.28672,2.31648
1,6,chroma_nearest,chroma,1,"chroma(1,full_range=False,matrix=bt601,upsample=nearest)",luma/saturated,4,0,0,0,0,"RS(155,125)",1,1.8552,"RS(155,154)",0.993548,1,9528,2.28672,2.31648
1,6,chroma_nearest,chroma,1,"chroma(1,full_range=False,matrix=bt601,upsample=nearest)",max/mean,4,0,0,0,0,"RS(155,125)",1,1.8552,"RS(155,154)",0.993548,1,9528,2.28672,2.31648
1,6,chroma_nearest,chroma,1,"chroma(1,full_range=False,matrix=bt601,upsample=nearest)",max/saturated,4,0,0,0,0,"RS(155,125)",1,1.8552,"RS(155,154)",0.993548,1,9528,2.28672,2.31648
1,6,chroma_nearest,chroma,1.5,"chroma(1.5,full_range=False,matrix=bt601,upsample=nearest)",luma/mean,4,0,0,0,0,"RS(155,125)",1,1.8552,"RS(155,154)",0.993548,1,9528,2.28672,2.31648
1,6,chroma_nearest,chroma,1.5,"chroma(1.5,full_range=False,matrix=bt601,upsample=nearest)",luma/saturated,4,0,0,0,0,"RS(155,125)",1,1.8552,"RS(155,154)",0.993548,1,9528,2.28672,2.31648
1,6,chroma_nearest,chroma,1.5,"chroma(1.5,full_range=False,matrix=bt601,upsample=nearest)",max/mean,4,0,0,0,0,"RS(155,125)",1,1.8552,"RS(155,154)",0.993548,1,9528,2.28672,2.31648
1,6,chroma_nearest,chroma,1.5,"chroma(1.5,full_range=False,matrix=bt601,upsample=nearest)",max/saturated,4,0,0,0,0,"RS(155,125)",1,1.8552,"RS(155,154)",0.993548,1,9528,2.28672,2.31648
1,6,chroma_nearest,chroma,2,"chroma(2,full_range=False,matrix=bt601,upsample=nearest)",luma/mean,4,0,0,0,0,"RS(155,125)",1,1.8552,"RS(155,154)",0.993548,1,9528,2.28672,2.31648
1,6,chroma_nearest,chroma,2,"chroma(2,full_range=False,matrix=bt601,upsample=nearest)",luma/saturated,4,0,0,0,0,"RS(155,125)",1,1.8552,"RS(155,154)",0.993548,1,9528,2.28672,2.31648
1,6,chroma_nearest,chroma,2,"chroma(2,full_range=False,matrix=bt601,upsample=nearest)",max/mean,4,0,0,0,0,"RS(155,125)",1,1.8552,"RS(155,154)",0.993548,1,9528,2.28672,2.31648
1,6,chroma_nearest,chroma,2,"chroma(2,full_range=False,matrix=bt601,upsample=nearest)",max/saturated,4,0,0,0,0,"RS(155,125)",1,1.8552,"RS(155,154)",0.993548,1,9528,2.28672,2.31648
1,6,chroma_nearest,chroma,3,"chroma(3,full_range=False,matrix=bt601,upsample=nearest)",luma/mean,4,0,0,0,0,"RS(155,125)",1,1.8552,"RS(155,154)",0.993548,1,9528,2.28672,2.31648
1,6,chroma_nearest,chroma,3,"chroma(3,full_range=False,matrix=bt601,upsample=nearest)",luma/saturated,4,0,0,0,0,"RS(155,125)",1,1.8552,"RS(155,154)",0.993548,1,9528,2.28672,2.31648
1,6,chroma_nearest,chroma,3,"chroma(3,full_range=False,matrix=bt601,upsample=nearest)",max/mean,4,0,0,0,0,"RS(155,125)",1,1.8552,"RS(155,154)",0.993548,1,9528,2.28672,2.31648
1,6,chroma_nearest,chroma,3,"chroma(3,full_range=False,matrix=bt601,upsample=nearest)",max/saturated,4,0,0,0,0,"RS(155,125)",1,1.8552,"RS(155,154)",0.993548,1,9528,2.28672,2.31648
1,6,chroma_nearest,chroma,4,"chroma(4,full_range=False,matrix=bt601,upsample=nearest)",luma/mean,4,0,0,0,0,"RS(155,125)",1,1.8552,"RS(155,154)",0.993548,1,9528,2.28672,2.31648
1,6,chroma_nearest,chroma,4,"chroma(4,full_range=False,matrix=bt601,upsample=nearest)",luma/saturated,4,0,0,0,0,"RS(155,125)",1,1.8552,"RS(155,154)",0.993548,1,9528,2.28672,2.31648
1,6,chroma_nearest,chroma,4,"chroma(4,full_range=False,matrix=bt601,upsample=nearest)",max/mean,4,0,0,0,0,"RS(155,125)",1,1.8552,"RS(155,154)",0.993548,1,9528,2.28672,2.31648
1,6,chroma_nearest,chroma,4,"chroma(4,full_range=False,matrix=bt601,upsample=nearest)",max/saturated,4,0,0,0,0,"RS(155,125)",1,1.8552,"RS(155,154)",0.993548,1,9528,2.28672,2.31648
1,6,clean,clean,0,clean,luma/mean,4,0,0,0,0,"RS(155,125)",1,1.8552,"RS(155,154)",0.993548,1,9528,2.28672,2.31648
1,6,clean,clean,0,clean,luma/saturated,4,0,0,0,0,"RS(155,125)",1,1.8552,"RS(155,154)",0.993548,1,9528,2.28672,2.31648
1,6,clean,clean,0,clean,max/mean,4,0,0,0,0,"RS(155,125)",1,1.8552,"RS(155,154)",0.993548,1,9528,2.28672,2.31648
1,6,clean,clean,0,clean,max/saturated,4,0,0,0,0,"RS(155,125)",1,1.8552,"RS(155,154)",0.993548,1,9528,2.28672,2.31648
1,6,noise,noise,10,noise(10),luma/mean,4,0,0,0,0,"RS(155,125)",1,1.8552,"RS(155,154)",0.993548,1,9528,2.28672,2.31648
1,6,noise,noise,10,noise(10),luma/saturated,4,0,0,0,0,"RS(155,125)",1,1.8552,"RS(155,154)",0.993548,1,9528,2.28672,2.31648
1,6,noise,noise,10,noise(10),max/mean,4,0,0,0,0,"RS(155,125)",1,1.8552,"RS(155,154)",0.993548,1,9528,2.28672,2.31648
1,6,noise,noise,10,noise(10),max/saturated,4,0,0,0,0,"RS(155,125)",1,1.8552,"RS(155,154)",0.993548,1,9528,2.28672,2.31648
1,6,noise,noise,20,noise(20),luma/mean,4,0,0,0,0,"RS(155,125)",1,1.8552,"RS(155,154)",0.993548,1,9528,2.28672,2.31648
1,6,noise,noise,20,noise(20),luma/saturated,4,0,0,0,0,"RS(155,125)",1,1.8552,"RS(155,154)",0.993548,1,9528,2.28672,2.31648
1,6,noise,noise,20,noise(20),max/mean,4,0,0,0,0,"RS(155,125)",1,1.8552,"RS(155,154)",0.993548,1,9528,2.28672,2.31648
1,6,noise,noise,20,noise(20),max/saturated,4,0,0,0,0,"RS(155,125)",1,1.8552,"RS(155,154)",0.993548,1,9528,2.28672,2.31648
1,6,noise,noise,40,noise(40),luma/mean,4,0,0,0,0,"RS(155,125)",1,1.8552,"RS(155,154)",0.993548,1,9528,2.28672,2.31648
1,6,noise,noise,40,noise(40),luma/saturated,4,0,0,0,0,"RS(155,125)",1,1.8552,"RS(155,154)",0.993548,1,9528,2.28672,2.31648
1,6,noise,noise,40,noise(40),max/mean,4,0,0,0,0,"RS(155,125)",1,1.8552,"RS(155,154)",0.993548,1,9528,2.28672,2.31648
1,6,noise,noise,40,noise(40),max/saturated,4,0,0,0,0,"RS(155,125)",1,1.8552,"RS(155,154)",0.993548,1,9528,2.28672,2.31648
1,6,noise,noise,60,noise(60),luma/mean,4,0,0,0,0,"RS(155,125)",1,1.8552,"RS(155,154)",0.993548,1,9528,2.28672,2.31648
1,6,noise,noise,60,noise(60),luma/saturated,4,0,0,0,0,"RS(155,125)",1,1.8552,"RS(155,154)",0.993548,1,9528,2.28672,2.31648
1,6,noise,noise,60,noise(60),max/mean,4,0,0,0,0,"RS(155,125)",1,1.8552,"RS(155,154)",0.993548,1,9528,2.28672,2.31648
1,6,noise,noise,60,noise(60),max/saturated,4,0,0,0,0,"RS(155,125)",1,1.8552,"RS(155,154)",0.993548,1,9528,2.28672,2.31648
1,6,noise,noise,80,noise(80),luma/mean,4,0,0,0,0,"RS(155,125)",1,1.8552,"RS(155,154)",0.993548,1,9528,2.28672,2.31648
1,6,noise,noise,80,noise(80),luma/saturated,4,0,0,0,0,"RS(155,125)",1,1.8552,"RS(155,154)",0.993548,1,9528,2.28672,2.31648
1,6,noise,noise,80,noise(80),max/mean,4,0,0,0,0,"RS(155,125)",1,1.8552,"RS(155,154)",0.993548,1,9528,2.28672,2.31648
1,6,noise,noise,80,noise(80),max/saturated,4,0,0,0,0,"RS(155,125)",1,1.8552,"RS(155,154)",0.993548,1,9528,2.28672,2.31648
1,6,perspective,perspective,0.05,perspective(0.05),luma/mean,4,0,0,0,0,"RS(155,125)",1,1.8552,"RS(155,154)",0.993548,1,9528,2.28672,2.31648
1,6,perspective,perspective,0.05,perspective(0.05),luma/saturated,4,0,0,0,0,"RS(155,125)",1,1.8552,"RS(155,154)",0.993548,1,9528,2.28672,2.31648
1,6,perspective,perspective,0.05,perspective(0.05),max/mean,4,0,0,0,0,"RS(155,125)",1,1.8552,"RS(155,154)",0.993548,1,9528,2.28672,2.31648
1,6,perspective,perspective,0.05,perspective(0.05),max/saturated,4,0,0,0,0,"RS(155,125)",1,1.8552,"RS(155,154)",0.993548,1,9528,2.28672,2.31648
1,6,perspective,perspective,0.1,perspective(0.1),luma/mean,4,0,0,0,0,"RS(155,125)",1,1.8552,"RS(155,154)",0.993548,1,9528,2.28672,2.31648
1,6,perspective,perspective,0.1,perspective(0.1),luma/saturated,4,0,0,0,0,"RS(155,125)",1,1.8552,"RS(155,154)",0.993548,1,9528,2.28672,2.31648
1,6,perspective,perspective,0.1,perspective(0.1),max/mean,4,0,0,0,0,"RS(155,125)",1,1.8552,"RS(155,154)",0.993548,1,9528,2.28672,2.31648
1,6,perspective,perspective,0.1,perspective(0.1),max/saturated,4,0,0,0,0,"RS(155,125)",1,1.8552,"RS(155,154)",0.993548,1,9528,2.28672,2.31648
1,6,perspective,perspective,0.15,perspective(0.15),luma/mean,4,0,0,0,0,"RS(155,125)",1,1.8552,"RS(155,154)",0.993548,1,9528,2.28672,2.31648
1,6,perspective,perspective,0.15,perspective(0.15),luma/saturated,4,0,0,0,0,"RS(155,125)",1,1.8552,"RS(155,154)",0.993548,1,9528,2.28672,2.31648
1,6,perspective,perspective,0.15,perspective(0.15),max/mean,4,0,0,0,0,"RS(155,125)",1,1.8552,"RS(155,154)",0.993548,1,9528,2.28672,2.31648
1,6,perspective,perspective,0.15,perspective(0.15),max/saturated,4,0,0,0,0,"RS(155,125)",1,1.8552,"RS(155,154)",0.993548,1,9528,2.28672,2.31648
1,6,perspective,perspective,0.2,perspective(0.2),luma/mean,4,6.47501e-05,0,6.47501e-05,0.000130073,"RS(155,125)",1,1.8552,"RS(155,153)",0.987097,1,9466,2.27184,2.31648
1,6,perspective,perspective,0.2,perspective(0.2),luma/saturated,4,6.47501e-05,0,6.47501e-05,0.000130073,"RS(155,125)",1,1.8552,"RS(155,153)",0.987097,1,9466,2.27184,2.31648
1,6,perspective,perspective,0.2,perspective(0.2),max/mean,4,6.47501e-05,0,6.47501e-05,0.000130073,"RS(155,125)",1,1.8552,"RS(155,153)",0.987097,1,9466,2.27184,2.31648
1,6,perspective,perspective,0.2,perspective(0.2),max/saturated,4,6.47501e-05,0,6.47501e-05,0.000130073,"RS(155,125)",1,1.8552,"RS(155,153)",0.987097,1,9466,2.27184,2.31648
1,6,perspective,perspective,0.3,perspective(0.3),luma/mean,4,0.0310023,0,0.0310023,0.0539542,"RS(155,125)",0.75,1.3914,"RS(255,217)",0.85098,0.75,8009,1.44162,2.31648
1,6,perspective,perspective,0.3,perspective(0.3),luma/saturated,4,0.0310023,0,0.0310023,0.0539542,"RS(155,125)",0.75,1.3914,"RS(255,217)",0.85098,0.75,8009,1.44162,2.31648
1,6,perspective,perspective,0.3,perspective(0.3),max/mean,4,0.0310282,0,0.0310282,0.0539802,"RS(155,125)",0.75,1.3914,"RS(255,217)",0.85098,0.75,8009,1.44162,2.31648
1,6,perspective,perspective,0.3,perspective(0.3),max/saturated,4,0.0310282,0,0.0310282,0.0539802,"RS(155,125)",0.75,1.3914,"RS(255,217)",0.85098,0.75,8009,1.44162,2.31648
1,6,white_balance,white_balance,0.5,white_balance(0.5),luma/mean,4,0,0,0,0,"RS(155,125)",1,1.8552,"RS(155,154)",0.993548,1,9528,2.28672,2.31648
1,6,white_balance,white_balance,0.5,white_balance(0.5),luma/saturated,4,0,0,0,0,"RS(155,125)",1,1.8552,"RS(155,154)",0.993548,1,9528,2.28672,2.31648
1,6,white_balance,white_balance,0.5,white_balance(0.5),max/mean,4,0,0,0,0,"RS(155,125)",1,1.8552,"RS(155,154)",0.993548,1,9528,2.28672,2.31648
1,6,white_balance,white_balance,0.5,white_balance(0.5),max/saturated,4,0,0,0,0,"RS(155,125)",1,1.8552,"RS(155,154)",0.993548,1,9528,2.28672,2.31648
1,6,white_balance,white_balance,1,white_balance(1),luma/mean,4,0,0,0,0,"RS(155,125)",1,1.8552,"RS(155,154)",0.993548,1,9528,2.28672,2.31648
1,6,white_balance,white_balance,1,white_balance(1),luma/saturated,4,0,0,0,0,"RS(155,125)",1,1.8552,"RS(155,154)",0.993548,1,9528,2.28672,2.31648
1,6,white_balance,white_balance,1,white_balance(1),max/mean,4,0,0,0,0,"RS(155,125)",1,1.8552,"RS(155,154)",0.993548,1,9528,2.28672,2.31648
1,6,white_balance,white_balance,1,white_balance(1),max/saturated,4,0,0,0,0,"RS(155,125)",1,1.8552,"RS(155,154)",0.993548,1,9528,2.28672,2.31648
1,6,white_balance,white_balance,2,white_balance(2),luma/mean,4,0,0,0,0,"RS(155,125)",1,1.8552,"RS(155,154)",0.993548,1,9528,2.28672,2.31648
1,6,white_balance,white_balance,2,white_balance(2),luma/saturated,4,0,0,0,0,"RS(155,125)",1,1.8552,"RS(155,154)",0.993548,1,9528,2.28672,2.31648
1,6,white_balance,white_balance,2,white_balance(2),max/mean,4,0,0,0,0,"RS(155,125)",1,1.8552,"RS(155,154)",0.993548,1,9528,2.28672,2.31648
1,6,white_balance,white_balance,2,white_balance(2),max/saturated,4,0,0,0,0,"RS(155,125)",1,1.8552,"RS(155,154)",0.993548,1,9528,2.28672,2.31648
1,6,white_balance,white_balance,3,white_balance(3),luma/mean,4,0,0,0,0,"RS(155,125)",1,1.8552,"RS(155,154)",0.993548,1,9528,2.28672,2.31648
1,6,white_balance,white_balance,3,white_balance(3),luma/saturated,4,0,0,0,0,"RS(155,125)",1,1.8552,"RS(155,154)",0.993548,1,9528,2.28672,2.31648
1,6,white_balance,white_balance,3,white_balance(3),max/mean,4,0,0,0,0,"RS(155,125)",1,1.8552,"RS(155,154)",0.993548,1,9528,2.28672,2.31648
1,6,white_balance,white_balance,3,white_balance(3),max/saturated,4,0,0,0,0,"RS(155,125)",1,1.8552,"RS(155,154)",0.993548,1,9528,2.28672,2.31648
1,6,white_balance,white_balance,4,white_balance(4),luma/mean,4,0,0,0,0,"RS(155,125)",1,1.8552,"RS(155,154)",0.993548,1,9528,2.28672,2.31648
1,6,white_balance,white_balance,4,white_balance(4),luma/saturated,4,0,0,0,0,"RS(155,125)",1,1.8552,"RS(155,154)",0.993548,1,9528,2.28672,2.31648
1,6,white_balance,white_balance,4,white_balance(4),max/mean,4,0,0,0,0,"RS(155,125)",1,1.8552,"RS(155,154)",0.993548,1,9528,2.28672,2.31648
1,6,white_balance,white_balance,4,white_balance(4),max/saturated,4,0,0,0,0,"RS(155,125)",1,1.8552,"RS(155,154)",0.993548,1,9528,2.28672,2.31648
1,8,blur,blur,0.5,blur(0.5),luma/mean,4,0,0,0,0,"RS(155,125)",1,1.1052,"RS(155,154)",0.993548,1,5678,1.36272,1.404
1,8,blur,blur,0.5,blur(0.5),luma/saturated,4,0,0,0,0,"RS(155,125)",1,1.1052,"RS(155,154)",0.993548,1,5678,1.36272,1.404
1,8,blur,blur,0.5,blur(0.5),max/mean,4,0,0,0,0,"RS(155,125)",1,1.1052,"RS(155,154)",0.993548,1,5678,1.36272,1.404
1,8,blur,blur,0.5,blur(0.5),max/saturated,4,0,0,0,0,"RS(155,125)",1,1.1052,"RS(155,154)",0.993548,1,5678,1.36272,1.404
1,8,blur,blur,0.75,blur(0.75),luma/mean,4,0,0,0,0,"RS(155,125)",1,1.1052,"RS(155,154)",0.993548,1,5678,1.36272,1.404
1,8,blur,blur,0.75,blur(0.75),luma/saturated,4,0,0,0,0,"RS(155,125)",1,1.1052,"RS(155,154)",0.993548,1,5678,1.36272,1.404
1,8,blur,blur,0.75,blur(0.75),max/mean,4,0,0,0,0,"RS(155,125)",1,1.1052,"RS(155,154)",0.993548,1,5678,1.36272,1.404
1,8,blur,blur,0.75,blur(0.75),max/saturated,4,0,0,0,0,"RS(155,125)",1,1.1052,"RS(155,154)",0.993548,1,5678,1.36272,1.404
1,8,blur,blur,1,blur(1),luma/mean,4,0,0,0,0,"RS(155,125)",1,1.1052,"RS(155,154)",0.993548,1,5678,1.36272,1.404
1,8,blur,blur,1,blur(1),luma/saturated,4,0,0,0,0,"RS(155,125)",1,1.1052,"RS(155,154)",0.993548,1,5678,1.36272,1.404
1,8,blur,blur,1,blur(1),max/mean,4,0,0,0,0,"RS(155,125)",1,1.1052,"RS(155,154)",0.993548,1,5678,1.36272,1.404
1,8,blur,blur,1,blur(1),max/saturated,4,0,0,0,0,"RS(155,125)",1,1.1052,"RS(155,154)",0.993548,1,5678,1.36272,1.404
1,8,blur,blur,1.25,blur(1.25),luma/mean,4,0,0,0,0,"RS(155,125)",1,1.1052,"RS(155,154)",0.993548,1,5678,1.36272,1.404
1,8,blur,blur,1.25,blur(1.25),luma/saturated,4,0,0,0,0,"RS(155,125)",1,1.1052,"RS(155,154)",0.993548,1,5678,1.36272,1.404
1,8,blur,blur,1.25,blur(1.25),max/mean,4,0,0,0,0,"RS(155,125)",1,1.1052,"RS(155,154)",0.993548,1,5678,1.36272,1.404
1,8,blur,blur,1.25,blur(1.25),max/saturated,4,0,0,0,0,"RS(155,125)",1,1.1052,"RS(155,154)",0.993548,1,5678,1.36272,1.404
1,8,blur,blur,1.5,blur(1.5),luma/mean,4,0.0218162,0,0.0218162,0.043592,"RS(155,125)",1,1.1052,"RS(255,215)",0.843137,1,4710,1.1304,1.404
1,8,blur,blur,1.5,blur(1.5),luma/saturated,4,0.0218162,0,0.0218162,0.043592,"RS(155,125)",1,1.1052,"RS(255,215)",0.843137,1,4710,1.1304,1.404
1,8,blur,blur,1.5,blur(1.5),max/mean,4,0.0217521,0,0.0217521,0.0434612,"RS(155,125)",1,1.1052,"RS(255,215)",0.843137,1,4710,1.1304,1.404
1,8,blur,blur,1.5,blur(1.5),max/saturated,4,0.0217521,0,0.0217521,0.0434612,"RS(155,125)",1,1.1052,"RS(255,215)",0.843137,1,4710,1.1304,1.404
1,8,blur,blur,2,blur(2),luma/mean,4,0.186987,0,0.186987,0.337184,"RS(155,125)",0,0,"RS(255,47)",0.184314,1,1014,0.24336,1.404
1,8,blur,blur,2,blur(2),luma/saturated,4,0.186987,0,0.186987,0.337184,"RS(155,125)",0,0,"RS(255,47)",0.184314,1,1014,0.24336,1.404
1,8,blur,blur,2,blur(2),max/mean,4,0.186688,0,0.186688,0.336443,"RS(155,125)",0,0,"RS(255,45)",0.176471,1,970,0.2328,1.404
1,8,blur,blur,2,blur(2),max/saturated,4,0.186688,0,0.186688,0.336443,"RS(155,125)",0,0,"RS(255,45)",0.176471,1,970,0.2328,1.404
1,8,chroma_bilinear,chroma,1,"chroma(1,full_range=False,matrix=bt601,upsample=bilinear)",luma/mean,4,0,0,0,0,"RS(155,125)",1,1.1052,"RS(155,154)",0.993548,1,5678,1.36272,1.404
1,8,chroma_bilinear,chroma,1,"chroma(1,full_range=False,matrix=bt601,upsample=bilinear)",luma/saturated,4,0,0,0,0,"RS(155,125)",1,1.1052,"RS(155,154)",0.993548,1,5678,1.36272,1.404
1,8,chroma_bilinear,chroma,1,"chroma(1,full_range=False,matrix=bt601,upsample=bilinear)",max/mean,4,0,0,0,0,"RS(155,125)",1,1.1052,"RS(155,154)",0.993548,1,5678,1.36272,1.404
1,8,chroma_bilinear,chroma,1,"chroma(1,full_range=False,matrix=bt601,upsample=bilinear)",max/saturated,4,0,0,0,0,"RS(155,125)",1,1.1052,"RS(155,154)",0.993548,1,5678,1.36272,1.404
1,8,chroma_bilinear,chroma,1.5,"chroma(1.5,full_range=False,matrix=bt601,upsample=bilinear)",luma/mean,4,0,0,0,0,"RS(155,125)",1,1.1052,"RS(155,154)",0.993548,1,5678,1.36272,1.404
1,8,chroma_bilinear,chroma,1.5,"chroma(1.5,full_range=False,matrix=bt601,upsample=bilinear)",luma/saturated,4,0,0,0,0,"RS(155,125)",1,1.1052,"RS(155,154)",0.993548,1,5678,1.36272,1.404
1,8,chroma_bilinear,chroma,1.5,"chroma(1.5,full_range=False,matrix=bt601,upsample=bilinear)",max/mean,4,0,0,0,0,"RS(155,125)",1,1.1052,"RS(155,154)",0.993548,1,5678,1.36272,1.404
1,8,chroma_bilinear,chroma,1.5,"chroma(1.5,full_range=False,matrix=bt601,upsample=bilinear)",max/saturated,4,0,0,0,0,"RS(155,125)",1,1.1052,"RS(155,154)",0.993548,1,5678,1.36272,1.404
1,8,chroma_bilinear,chroma,2,"chroma(2,full_range=False,matrix=bt601,upsample=bilinear)",luma/mean,4,0,0,0,0,"RS(155,125)",1,1.1052,"RS(155,154)",0.993548,1,5678,1.36272,1.404
1,8,chroma_bilinear,chroma,2,"chroma(2,full_range=False,matrix=bt601,upsample=bilinear)",luma/saturated,4,0,0,0,0,"RS(155,125)",1,1.1052,"RS(155,154)",0.993548,1,5678,1.36272,1.404
1,8,chroma_bilinear,chroma,2,"chroma(2,full_range=False,matrix=bt601,upsample=bilinear)",max/mean,4,0,0,0,0,"RS(155,125)",1,1.1052,"RS(155,154)",0.993548,1,5678,1.36272,1.404
1,8,chroma_bilinear,chroma,2,"chroma(2,full_range=False,matrix=bt601,upsample=bilinear)",max/saturated,4,0,0,0,0,"RS(155,125)",1,1.1052,"RS(155,154)",0.993548,1,5678,1.36272,1.404
1,8,chroma_bilinear,chroma,3,"chroma(3,full_range=False,matrix=bt601,upsample=bilinear)",luma/mean,4,0,0,0,0,"RS(155,125)",1,1.1052,"RS(155,154)",0.993548,1,5678,1.36272,1.404
1,8,chroma_bilinear,chroma,3,"chroma(3,full_range=False,matrix=bt601,upsample=bilinear)",luma/saturated,4,0,0,0,0,"RS(155,125)",1,1.1052,"RS(155,154)",0.993548,1,5678,1.36272,1.404
1,8,chroma_bilinear,chroma,3,"chroma(3,full_range=False,matrix=bt601,upsample=bilinear)",max/mean,4,0,0,0,0,"RS(155,125)",1,1.1052,"RS(155,154)",0.993548,1,5678,1.36272,1.404
1,8,chroma_bilinear,chroma,3,"chroma(3,full_range=False,matrix=bt601,upsample=bilinear)",max/saturated,4,0,0,0,0,"RS(155,125)",1,1.1052,"RS(155,154)",0.993548,1,5678,1.36272,1.404
1,8,chroma_bilinear,chroma,4,"chroma(4,full_range=False,matrix=bt601,upsample=bilinear)",luma/mean,4,0,0,0,0,"RS(155,125)",1,1.1052,"RS(155,154)",0.993548,1,5678,1.36272,1.404
1,8,chroma_bilinear,chroma,4,"chroma(4,full_range=False,matrix=bt601,upsample=bilinear)",luma/saturated,4,0,0,0,0,"RS(155,125)",1,1.1052,"RS(155,154)",0.993548,1,5678,1.36272,1.404
1,8,chroma_bilinear,chroma,4,"chroma(4,full_range=False,matrix=bt601,upsample=bilinear)",max/mean,4,0,0,0,0,"RS(155,125)",1,1.1052,"RS(155,154)",0.993548,1,5678,1.36272,1.404
1,8,chroma_bilinear,chroma,4,"chroma(4,full_range=False,matrix=bt601,upsample=bilinear)",max/saturated,4,0,0,0,0,"RS(155,125)",1,1.1052,"RS(155,154)",0.993548,1,5678,1.36272,1.404
1,8,chroma_bt709_bilinear,chroma,2,"chroma(2,full_range=False,matrix=bt709,upsample=bilinear)",luma/mean,4,0,0,0,0,"RS(155,125)",1,1.1052,"RS(155,154)",0.993548,1,5678,1.36272,1.404
1,8,chroma_bt709_bilinear,chroma,2,"chroma(2,full_range=False,matrix=bt709,upsample=bilinear)",luma/saturated,4,0,0,0,0,"RS(155,125)",1,1.1052,"RS(155,154)",0.993548,1,5678,1.36272,1.404
1,8,chroma_bt709_bilinear,chroma,2,"chroma(2,full_range=False,matrix=bt709,upsample=bilinear)",max/mean,4,0,0,0,0,"RS(155,125)",1,1.1052,"RS(155,154)",0.993548,1,5678,1.36272,1.404
1,8,chroma_bt709_bilinear,chroma,2,"chroma(2,full_range=False,matrix=bt709,upsample=bilinear)",max/saturated,4,0,0,0,0,"RS(155,125)",1,1.1052,"RS(155,154)",0.993548,1,5678,1.36272,1.404
1,8,chroma_bt709_nearest,chroma,2,"chroma(2,full_range=False,matrix=bt709,upsample=nearest)",luma/mean,4,0,0,0,0,"RS(155,125)",1,1.1052,"RS(155,154)",0.993548,1,5678,1.36272,1.404
1,8,chroma_bt709_nearest,chroma,2,"chroma(2,full_range=False,matrix=bt709,upsample=nearest)",luma/saturated,4,0,0,0,0,"RS(155,125)",1,1.1052,"RS(155,154)",0.993548,1,5678,1.36272,1.404
1,8,chroma_bt709_nearest,chroma,2,"chroma(2,full_range=False,matrix=bt709,upsample=nearest)",max/mean,4,0,0,0,0,"RS(155,125)",1,1.1052,"RS(155,154)",0.993548,1,5678,1.36272,1.404
1,8,chroma_bt709_nearest,chroma,2,"chroma(2,full_range=False,matrix=bt709,upsample=nearest)",max/saturated,4,0,0,0,0,"RS(155,125)",1,1.1052,"RS(155,154)",0.993548,1,5678,1.36272,1.404
1,8,chroma_nearest,chroma,1,"chroma(1,full_range=False,matrix=bt601,upsample=nearest)",luma/mean,4,0,0,0,0,"RS(155,125)",1,1.1052,"RS(155,154)",0.993548,1,5678,1.36272,1.404
1,8,chroma_nearest,chroma,1,"chroma(1,full_range=False,matrix=bt601,upsample=nearest)",luma/saturated,4,0,0,0,0,"RS(155,125)",1,1.1052,"RS(155,154)",0.993548,1,5678,1.36272,1.404
1,8,chroma_nearest,chroma,1,"chroma(1,full_range=False,matrix=bt601,upsample=nearest)",max/mean,4,0,0,0,0,"RS(155,125)",1,1.1052,"RS(155,154)",0.993548,1,5678,1.36272,1.404
1,8,chroma_nearest,chroma,1,"chroma(1,full_range=False,matrix=bt601,upsample=nearest)",max/saturated,4,0,0,0,0,"RS(155,125)",1,1.1052,"RS(155,154)",0.993548,1,5678,1.36272,1.404
1,8,chroma_nearest,chroma,1.5,"chroma(1.5,full_range=False,matrix=bt601,upsample=nearest)",luma/mean,4,0,0,0,0,"RS(155,125)",1,1.1052,"RS(155,154)",0.993548,1,5678,1.36272,1.404
1,8,chroma_nearest,chroma,1.5,"chroma(1.5,full_range=False,matrix=bt601,upsample=nearest)",luma/saturated,4,0,0,0,0,"RS(155,125)",1,1.1052,"RS(155,154)",0.993548,1,5678,1.36272,1.404
1,8,chroma_nearest,chroma,1.5,"chroma(1.5,full_range=False,matrix=bt601,upsample=nearest)",max/mean,4,0,0,0,0,"RS(155,125)",1,1.1052,"RS(155,154)",0.993548,1,5678,1.36272,1.404
1,8,chroma_nearest,chroma,1.5,"chroma(1.5,full_range=False,matrix=bt601,upsample=nearest)",max/saturated,4,0,0,0,0,"RS(155,125)",1,1.1052,"RS(155,154)",0.993548,1,5678,1.36272,1.404
1,8,chroma_nearest,chroma,2,"chroma(2,full_range=False,matrix=bt601,upsample=nearest)",luma/mean,4,0,0,0,0,"RS(155,125)",1,1.1052,"RS(155,154)",0.993548,1,5678,1.36272,1.404
1,8,chroma_nearest,chroma,2,"chroma(2,full_range=False,matrix=bt601,upsample=nearest)",luma/saturated,4,0,0,0,0,"RS(155,125)",1,1.1052,"RS(155,154)",0.993548,1,5678,1.36272,1.404
1,8,chroma_nearest,chroma,2,"chroma(2,full_range=False,matrix=bt601,upsample=nearest)",max/mean,4,0,0,0,0,"RS(155,125)",1,1.1052,"RS(155,154)",0.993548,1,5678,1.36272,1.404
1,8,chroma_nearest,chroma,2,"chroma(2,full_range=False,matrix=bt601,upsample=nearest)",max/saturated,4,0,0,0,0,"RS(155,125)",1,1.1052,"RS(155,154)",0.993548,1,5678,1.36272,1.404
1,8,chroma_nearest,chroma,3,"chroma(3,full_range=False,matrix=bt601,upsample=nearest)",luma/mean,4,0,0,0,0,"RS(155,125)",1,1.1052,"RS(155,154)",0.993548,1,5678,1.36272,1.404
1,8,chroma_nearest,chroma,3,"chroma(3,full_range=False,matrix=bt601,upsample=nearest)",luma/saturated,4,0,0,0,0,"RS(155,125)",1,1.1052,"RS(155,154)",0.993548,1,5678,1.36272,1.404
1,8,chroma_nearest,chroma,3,"chroma(3,full_range=False,matrix=bt601,upsample=nearest)",max/mean,4,0,0,0,0,"RS(155,125)",1,1.1052,"RS(155,154)",0.993548,1,5678,1.36272,1.404
1,8,chroma_nearest,chroma,3,"chroma(3,full_range=False,matrix=bt601,upsample=nearest)",max/saturated,4,0,0,0,0,"RS(155,125)",1,1.1052,"RS(155,154)",0.993548,1,5678,1.36272,1.404
1,8,chroma_nearest,chroma,4,"chroma(4,full_range=False,matrix=bt601,upsample=nearest)",luma/mean,4,0,0,0,0,"RS(155,125)",1,1.1052,"RS(155,154)",0.993548,1,5678,1.36272,1.404
1,8,chroma_nearest,chroma,4,"chroma(4,full_range=False,matrix=bt601,upsample=nearest)",luma/saturated,4,0,0,0,0,"RS(155,125)",1,1.1052,"RS(155,154)",0.993548,1,5678,1.36272,1.404
1,8,chroma_nearest,chroma,4,"chroma(4,full_range=False,matrix=bt601,upsample=nearest)",max/mean,4,0,0,0,0,"RS(155,125)",1,1.1052,"RS(155,154)",0.993548,1,5678,1.36272,1.404
1,8,chroma_nearest,chroma,4,"chroma(4,full_range=False,matrix=bt601,upsample=nearest)",max/saturated,4,0,0,0,0,"RS(155,125)",1,1.1052,"RS(155,154)",0.993548,1,5678,1.36272,1.404
1,8,clean,clean,0,clean,luma/mean,4,0,0,0,0,"RS(155,125)",1,1.1052,"RS(155,154)",0.993548,1,5678,1.36272,1.404
1,8,clean,clean,0,clean,luma/saturated,4,0,0,0,0,"RS(155,125)",1,1.1052,"RS(155,154)",0.993548,1,5678,1.36272,1.404
1,8,clean,clean,0,clean,max/mean,4,0,0,0,0,"RS(155,125)",1,1.1052,"RS(155,154)",0.993548,1,5678,1.36272,1.404
1,8,clean,clean,0,clean,max/saturated,4,0,0,0,0,"RS(155,125)",1,1.1052,"RS(155,154)",0.993548,1,5678,1.36272,1.404
1,8,noise,noise,10,noise(10),luma/mean,4,0,0,0,0,"RS(155,125)",1,1.1052,"RS(155,154)",0.993548,1,5678,1.36272,1.404
1,8,noise,noise,10,noise(10),luma/saturated,4,0,0,0,0,"RS(155,125)",1,1.1052,"RS(155,154)",0.993548,1,5678,1.36272,1.404
1,8,noise,noise,10,noise(10),max/mean,4,0,0,0,0,"RS(155,125)",1,1.1052,"RS(155,154)",0.993548,1,5678,1.36272,1.404
1,8,noise,noise,10,noise(10),max/saturated,4,0,0,0,0,"RS(155,125)",1,1.1052,"RS(155,154)",0.993548,1,5678,1.36272,1.404
1,8,noise,noise,20,noise(20),luma/mean,4,0,0,0,0,"RS(155,125)",1,1.1052,"RS(155,154)",0.993548,1,5678,1.36272,1.404
1,8,noise,noise,20,noise(20),luma/saturated,4,0,0,0,0,"RS(155,125)",1,1.1052,"RS(155,154)",0.993548,1,5678,1.36272,1.404
1,8,noise,noise,20,noise(20),max/mean,4,0,0,0,0,"RS(155,125)",1,1.1052,"RS(155,154)",0.993548,1,5678,1.36272,1.404
1,8,noise,noise,20,noise(20),max/saturated,4,0,0,0,0,"RS(155,125)",1,1.1052,"RS(155,154)",0.993548,1,5678,1.36272,1.404
1,8,noise,noise,40,noise(40),luma/mean,4,0,0,0,0,"RS(155,125)",1,1.1052,"RS(155,154)",0.993548,1,5678,1.36272,1.404
1,8,noise,noise,40,noise(40),luma/saturated,4,0,0,0,0,"RS(155,125)",1,1.1052,"RS(155,154)",0.993548,1,5678,1.36272,1.404
1,8,noise,noise,40,noise(40),max/mean,4,0,0,0,0,"RS(155,125)",1,1.1052,"RS(155,154)",0.993548,1,5678,1.36272,1.404
1,8,noise,noise,40,noise(40),max/saturated,4,0,0,0,0,"RS(155,125)",1,1.1052,"RS(155,154)",0.993548,1,5678,1.36272,1.404
1,8,noise,noise,60,noise(60),luma/mean,4,0,0,0,0,"RS(155,125)",1,1.1052,"RS(155,154)",0.993548,1,5678,1.36272,1.404
1,8,noise,noise,60,noise(60),luma/saturated,4,0,0,0,0,"RS(155,125)",1,1.1052,"RS(155,154)",0.993548,1,5678,1.36272,1.404
1,8,noise,noise,60,noise(60),max/mean,4,0,0,0,0,"RS(155,125)",1,1.1052,"RS(155,154)",0.993548,1,5678,1.36272,1.404
1,8,noise,noise,60,noise(60),max/saturated,4,0,0,0,0,"RS(155,125)",1,1.1052,"RS(155,154)",0.993548,1,5678,1.36272,1.404
1,8,noise,noise,80,noise(80),luma/mean,4,0,0,0,0,"RS(155,125)",1,1.1052,"RS(155,154)",0.993548,1,5678,1.36272,1.404
1,8,noise,noise,80,noise(80),luma/saturated,4,0,0,0,0,"RS(155,125)",1,1.1052,"RS(155,154)",0.993548,1,5678,1.36272,1.404
1,8,noise,noise,80,noise(80),max/mean,4,0,0,0,0,"RS(155,125)",1,1.1052,"RS(155,154)",0.993548,1,5678,1.36272,1.404
1,8,noise,noise,80,noise(80),max/saturated,4,0,0,0,0,"RS(155,125)",1,1.1052,"RS(155,154)",0.993548,1,5678,1.36272,1.404
1,8,perspective,perspective,0.05,perspective(0.05),luma/mean,4,0,0,0,0,"RS(155,125)",1,1.1052,"RS(155,154)",0.993548,1,5678,1.36272,1.404
1,8,perspective,perspective,0.05,perspective(0.05),luma/saturated,4,0,0,0,0,"RS(155,125)",1,1.1052,"RS(155,154)",0.993548,1,5678,1.36272,1.404
1,8,perspective,perspective,0.05,perspective(0.05),max/mean,4,0,0,0,0,"RS(155,125)",1,1.1052,"RS(155,154)",0.993548,1,5678,1.36272,1.404
1,8,perspective,perspective,0.05,perspective(0.05),max/saturated,4,0,0,0,0,"RS(155,125)",1,1.1052,"RS(155,154)",0.993548,1,5678,1.36272,1.404
1,8,perspective,perspective,0.1,perspective(0.1),luma/mean,4,0,0,0,0,"RS(155,125)",1,1.1052,"RS(155,154)",0.993548,1,5678,1.36272,1.404
1,8,perspective,perspective,0.1,perspective(0.1),luma/saturated,4,0,0,0,0,"RS(155,125)",1,1.1052,"RS(155,154)",0.993548,1,5678,1.36272,1.404
1,8,perspective,perspective,0.1,perspective(0.1),max/mean,4,0,0,0,0,"RS(155,125)",1,1.1052,"RS(155,154)",0.993548,1,5678,1.36272,1.404
1,8,perspective,perspective,0.1,perspective(0.1),max/saturated,4,0,0,0,0,"RS(155,125)",1,1.1052,"RS(155,154)",0.993548,1,5678,1.36272,1.404
1,8,perspective,perspective,0.15,perspective(0.15),luma/mean,4,0,0,0,0,"RS(155,125)",1,1.1052,"RS(155,154)",0.993548,1,5678,1.36272,1.404
1,8,perspective,perspective,0.15,perspective(0.15),luma/saturated,4,0,0,0,0,"RS(155,125)",1,1.1052,"RS(155,154)",0.993548,1,5678,1.36272,1.404
1,8,perspective,perspective,0.15,perspective(0.15),max/mean,4,0,0,0,0,"RS(155,125)",1,1.1052,"RS(155,154)",0.993548,1,5678,1.36272,1.404
1,8,perspective,perspective,0.15,perspective(0.15),max/saturated,4,0,0,0,0,"RS(155,125)",1,1.1052,"RS(155,154)",0.993548,1,5678,1.36272,1.404
1,8,perspective,perspective,0.2,perspective(0.2),luma/mean,4,0,0,0,0,"RS(155,125)",1,1.1052,"RS(155,154)",0.993548,1,5678,1.36272,1.404
1,8,perspective,perspective,0.2,perspective(0.2),luma/saturated,4,0,0,0,0,"RS(155,125)",1,1.1052,"RS(155,154)",0.993548,1,5678,1.36272,1.404
1,8,perspective,perspective,0.2,perspective(0.2),max/mean,4,0,0,0,0,"RS(155,125)",1,1.1052,"RS(155,154)",0.993548,1,5678,1.36272,1.404
1,8,perspective,perspective,0.2,perspective(0.2),max/saturated,4,0,0,0,0,"RS(155,125)",1,1.1052,"RS(155,154)",0.993548,1,5678,1.36272,1.404
1,8,perspective,perspective,0.3,perspective(0.3),luma/mean,4,0.00950855,0,0.00950855,0.0173496,"RS(155,125)",0.75,0.8289,"RS(155,117)",0.754839,1,4309,1.03416,1.404
1,8,perspective,perspective,0.3,perspective(0.3),luma/saturated,4,0.00950855,0,0.00950855,0.0173496,"RS(155,125)",0.75,0.8289,"RS(155,117)",0.754839,1,4309,1.03416,1.404
1,8,perspective,perspective,0.3,perspective(0.3),max/mean,4,0.00946581,0,0.00946581,0.0172624,"RS(155,125)",0.75,0.8289,"RS(155,117)",0.754839,1,4309,1.03416,1.404
1,8,perspective,perspective,0.3,perspective(0.3),max/saturated,4,0.00946581,0,0.00946581,0.0172624,"RS(155,125)",0.75,0.8289,"RS(155,117)",0.754839,1,4309,1.03416,1.404
1,8,white_balance,white_balance,0.5,white_balance(0.5),luma/mean,4,0,0,0,0,"RS(155,125)",1,1.1052,"RS(155,154)",0.993548,1,5678,1.36272,1.404
1,8,white_balance,white_balance,0.5,white_balance(0.5),luma/saturated,4,0,0,0,0,"RS(155,125)",1,1.1052,"RS(155,154)",0.993548,1,5678,1.36272,1.404
1,8,white_balance,white_balance,0.5,white_balance(0.5),max/mean,4,0,0,0,0,"RS(155,125)",1,1.1052,"RS(155,154)",0.993548,1,5678,1.36272,1.404
1,8,white_balance,white_balance,0.5,white_balance(0.5),max/saturated,4,0,0,0,0,"RS(155,125)",1,1.1052,"RS(155,154)",0.993548,1,5678,1.36272,1.404
1,8,white_balance,white_balance,1,white_balance(1),luma/mean,4,0,0,0,0,"RS(155,125)",1,1.1052,"RS(155,154)",0.993548,1,5678,1.36272,1.404
1,8,white_balance,white_balance,1,white_balance(1),luma/saturated,4,0,0,0,0,"RS(155,125)",1,1.1052,"RS(155,154)",0.993548,1,5678,1.36272,1.404
1,8,white_balance,white_balance,1,white_balance(1),max/mean,4,0,0,0,0,"RS(155,125)",1,1.1052,"RS(155,154)",0.993548,1,5678,1.36272,1.404
1,8,white_balance,white_balance,1,white_balance(1),max/saturated,4,0,0,0,0,"RS(155,125)",1,1.1052,"RS(155,154)",0.993548,1,5678,1.36272,1.404
1,8,white_balance,white_balance,2,white_balance(2),luma/mean,4,0,0,0,0,"RS(155,125)",1,1.1052,"RS(155,154)",0.993548,1,5678,1.36272,1.404
1,8,white_balance,white_balance,2,white_balance(2),luma/saturated,4,0,0,0,0,"RS(155,125)",1,1.1052,"RS(155,154)",0.993548,1,5678,1.36272,1.404
1,8,white_balance,white_balance,2,white_balance(2),max/mean,4,0,0,0,0,"RS(155,125)",1,1.1052,"RS(155,154)",0.993548,1,5678,1.36272,1.404
1,8,white_balance,white_balance,2,white_balance(2),max/saturated,4,0,0,0,0,"RS(155,125)",1,1.1052,"RS(155,154)",0.993548,1,5678,1.36272,1.404
1,8,white_balance,white_balance,3,white_balance(3),luma/mean,4,0,0,0,0,"RS(155,125)",1,1.1052,"RS(155,154)",0.993548,1,5678,1.36272,1.404
1,8,white_balance,white_balance,3,white_balance(3),luma/saturated,4,0,0,0,0,"RS(155,125)",1,1.1052,"RS(155,154)",0.993548,1,5678,1.36272,1.404
1,8,white_balance,white_balance,3,white_balance(3),max/mean,4,0,0,0,0,"RS(155,125)",1,1.1052,"RS(155,154)",0.993548,1,5678,1.36272,1.404
1,8,white_balance,white_balance,3,white_balance(3),max/saturated,4,0,0,0,0,"RS(155,125)",1,1.1052,"RS(155,154)",0.993548,1,5678,1.36272,1.404
1,8,white_balance,white_balance,4,white_balance(4),luma/mean,4,0,0,0,0,"RS(155,125)",1,1.1052,"RS(155,154)",0.993548,1,5678,1.36272,1.404
1,8,white_balance,white_balance,4,white_balance(4),luma/saturated,4,0,0,0,0,"RS(155,125)",1,1.1052,"RS(155,154)",0.993548,1,5678,1.36272,1.404
1,8,white_balance,white_balance,4,white_balance(4),max/mean,4,0,0,0,0,"RS(155,125)",1,1.1052,"RS(155,154)",0.993548,1,5678,1.36272,1.404
1,8,white_balance,white_balance,4,white_balance(4),max/saturated,4,0,0,0,0,"RS(155,125)",1,1.1052,"RS(155,154)",0.993548,1,5678,1.36272,1.404
1,10,blur,blur,0.5,blur(0.5),luma/mean,4,0,0,0,0,"RS(155,125)",1,0.7452,"RS(155,154)",0.993548,1,3830,0.9192,0.94128
1,10,blur,blur,0.5,blur(0.5),luma/saturated,4,0,0,0,0,"RS(155,125)",1,0.7452,"RS(155,154)",0.993548,1,3830,0.9192,0.94128
1,10,blur,blur,0.5,blur(0.5),max/mean,4,0,0,0,0,"RS(155,125)",1,0.7452,"RS(155,154)",0.993548,1,3830,0.9192,0.94128
1,10,blur,blur,0.5,blur(0.5),max/saturated,4,0,0,0,0,"RS(155,125)",1,0.7452,"RS(155,154)",0.993548,1,3830,0.9192,0.94128
1,10,blur,blur,0.75,blur(0.75),luma/mean,4,0,0,0,0,"RS(155,125)",1,0.7452,"RS(155,154)",0.993548,1,3830,0.9192,0.94128
1,10,blur,blur,0.75,blur(0.75),luma/saturated,4,0,0,0,0,"RS(155,125)",1,0.7452,"RS(155,154)",0.993548,1,3830,0.9192,0.94128
1,10,blur,blur,0.75,blur(0.75),max/mean,4,0,0,0,0,"RS(155,125)",1,0.7452,"RS(155,154)",0.993548,1,3830,0.9192,0.94128
1,10,blur,blur,0.75,blur(0.75),max/saturated,4,0,0,0,0,"RS(155,125)",1,0.7452,"RS(155,154)",0.993548,1,3830,0.9192,0.94128
1,10,blur,blur,1,blur(1),luma/mean,4,0,0,0,0,"RS(155,125)",1,0.7452,"RS(155,154)",0.993548,1,3830,0.9192,0.94128
1,10,blur,blur,1,blur(1),luma/saturated,4,0,0,0,0,"RS(155,125)",1,0.7452,"RS(155,154)",0.993548,1,3830,0.9192,0.94128
1,10,blur,blur,1,blur(1),max/mean,4,0,0,0,0,"RS(155,125)",1,0.7452,"RS(155,154)",0.993548,1,3830,0.9192,0.94128
1,10,blur,blur,1,blur(1),max/saturated,4,0,0,0,0,"RS(155,125)",1,0.7452,"RS(155,154)",0.993548,1,3830,0.9192,0.94128
1,10,blur,blur,1.25,blur(1.25),luma/mean,4,0,0,0,0,"RS(155,125)",1,0.7452,"RS(155,154)",0.993548,1,3830,0.9192,0.94128
1,10,blur,blur,1.25,blur(1.25),luma/saturated,4,0,0,0,0,"RS(155,125)",1,0.7452,"RS(155,154)",0.993548,1,3830,0.9192,0.94128
1,10,blur,blur,1.25,blur(1.25),max/mean,4,0,0,0,0,"RS(155,125)",1,0.7452,"RS(155,154)",0.993548,1,3830,0.9192,0.94128
1,10,blur,blur,1.25,blur(1.25),max/saturated,4,0,0,0,0,"RS(155,125)",1,0.7452,"RS(155,154)",0.993548,1,3830,0.9192,0.94128
1,10,blur,blur,1.5,blur(1.5),luma/mean,4,0,0,0,0,"RS(155,125)",1,0.7452,"RS(155,154)",0.993548,1,3830,0.9192,0.94128
1,10,blur,blur,1.5,blur(1.5),luma/saturated,4,0,0,0,0,"RS(155,125)",1,0.7452,"RS(155,154)",0.993548,1,3830,0.9192,0.94128
1,10,blur,blur,1.5,blur(1.5),max/mean,4,0,0,0,0,"RS(155,125)",1,0.7452,"RS(155,154)",0.993548,1,3830,0.9192,0.94128
1,10,blur,blur,1.5,blur(1.5),max/saturated,4,0,0,0,0,"RS(155,125)",1,0.7452,"RS(155,154)",0.993548,1,3830,0.9192,0.94128
1,10,blur,blur,2,blur(2),luma/mean,4,0.100555,0,0.100555,0.191484,"RS(155,125)",0,0,"RS(255,109)",0.427451,1,1615,0.3876,0.94128
1,10,blur,blur,2,blur(2),luma/saturated,4,0.100555,0,0.100555,0.191484,"RS(155,125)",0,0,"RS(255,109)",0.427451,1,1615,0.3876,0.94128
1,10,blur,blur,2,blur(2),max/mean,4,0.10065,0,0.10065,0.191613,"RS(155,125)",0,0,"RS(255,109)",0.427451,1,1615,0.3876,0.94128
1,10,blur,blur,2,blur(2),max/saturated,4,0.10065,0,0.10065,0.191613,"RS(155,125)",0,0,"RS(255,109)",0.427451,1,1615,0.3876,0.94128
1,10,chroma_bilinear,chroma,1,"chroma(1,full_range=False,matrix=bt601,upsample=bilinear)",luma/mean,4,0,0,0,0,"RS(155,125)",1,0.7452,"RS(155,154)",0.993548,1,3830,0.9192,0.94128
1,10,chroma_bilinear,chroma,1,"chroma(1,full_range=False,matrix=bt601,upsample=bilinear)",luma/saturated,4,0,0,0,0,"RS(155,125)",1,0.7452,"RS(155,154)",0.993548,1,3830,0.9192,0.94128
1,10,chroma_bilinear,chroma,1,"chroma(1,full_range=False,matrix=bt601,upsample=bilinear)",max/mean,4,0,0,0,0,"RS(155,125)",1,0.7452,"RS(155,154)",0.993548,1,3830,0.9192,0.94128
1,10,chroma_bilinear,chroma,1,"chroma(1,full_range=False,matrix=bt601,upsample=bilinear)",max/saturated,4,0,0,0,0,"RS(155,125)",1,0.7452,"RS(155,154)",0.993548,1,3830,0.9192,0.94128
1,10,chroma_bilinear,chroma,1.5,"chroma(1.5,full_range=False,matrix=bt601,upsample=bilinear)",luma/mean,4,0,0,0,0,"RS(155,125)",1,0.7452,"RS(155,154)",0.993548,1,3830,0.9192,0.94128
1,10,chroma_bilinear,chroma,1.5,"chroma(1.5,full_range=False,matrix=bt601,upsample=bilinear)",luma/saturated,4,0,0,0,0,"RS(155,125)",1,0.7452,"RS(155,154)",0.993548,1,3830,0.9192,0.94128
1,10,chroma_bilinear,chroma,1.5,"chroma(1.5,full_range=False,matrix=bt601,upsample=bilinear)",max/mean,4,0,0,0,0,"RS(155,125)",1,0.7452,"RS(155,154)",0.993548,1,3830,0.9192,0.94128
1,10,chroma_bilinear,chroma,1.5,"chroma(1.5,full_range=False,matrix=bt601,upsample=bilinear)",max/saturated,4,0,0,0,0,"RS(155,125)",1,0.7452,"RS(155,154)",0.993548,1,3830,0.9192,0.94128
1,10,chroma_bilinear,chroma,2,"chroma(2,full_range=False,matrix=bt601,upsample=bilinear)",luma/mean,4,0,0,0,0,"RS(155,125)",1,0.7452,"RS(155,154)",0.993548,1,3830,0.9192,0.94128
1,10,chroma_bilinear,chroma,2,"chroma(2,full_range=False,matrix=bt601,upsample=bilinear)",luma/saturated,4,0,0,0,0,"RS(155,125)",1,0.7452,"RS(155,154)",0.993548,1,3830,0.9192,0.94128
1,10,chroma_bilinear,chroma,2,"chroma(2,full_range=False,matrix=bt601,upsample=bilinear)",max/mean,4,0,0,0,0,"RS(155,125)",1,0.7452,"RS(155,154)",0.993548,1,3830,0.9192,0.94128
1,10,chroma_bilinear,chroma,2,"chroma(2,full_range=False,matrix=bt601,upsample=bilinear)",max/saturated,4,0,0,0,0,"RS(155,125)",1,0.7452,"RS(155,154)",0.993548,1,3830,0.9192,0.94128
1,10,chroma_bilinear,chroma,3,"chroma(3,full_range=False,matrix=bt601,upsample=bilinear)",luma/mean,4,0,0,0,0,"RS(155,125)",1,0.7452,"RS(155,154)",0.993548,1,3830,0.9192,0.94128
1,10,chroma_bilinear,chroma,3,"chroma(3,full_range=False,matrix=bt601,upsample=bilinear)",luma/saturated,4,0,0,0,0,"RS(155,125)",1,0.7452,"RS(155,154)",0.993548,1,3830,0.9192,0.94128
1,10,chroma_bilinear,chroma,3,"chroma(3,full_range=False,matrix=bt601,upsample=bilinear)",max/mean,4,0,0,0,0,"RS(155,125)",1,0.7452,"RS(155,154)",0.993548,1,3830,0.9192,0.94128
1,10,chroma_bilinear,chroma,3,"chroma(3,full_range=False,matrix=bt601,upsample=bilinear)",max/saturated,4,0,0,0,0,"RS(155,125)",1,0.7452,"RS(155,154)",0.993548,1,3830,0.9192,0.94128
1,10,chroma_bilinear,chroma,4,"chroma(4,full_range=False,matrix=bt601,upsample=bilinear)",luma/mean,4,0,0,0,0,"RS(155,125)",1,0.7452,"RS(155,154)",0.993548,1,3830,0.9192,0.94128
1,10,chroma_bilinear,chroma,4,"chroma(4,full_range=False,matrix=bt601,upsample=bilinear)",luma/saturated,4,0,0,0,0,"RS(155,125)",1,0.7452,"RS(155,154)",0.993548,1,3830,0.9192,0.94128
1,10,chroma_bilinear,chroma,4,"chroma(4,full_range=False,matrix=bt601,upsample=bilinear)",max/mean,4,0,0,0,0,"RS(155,125)",1,0.7452,"RS(155,154)",0.993548,1,3830,0.9192,0.94128
1,10,chroma_bilinear,chroma,4,"chroma(4,full_range=False,matrix=bt601,upsample=bilinear)",max/saturated,4,0,0,0,0,"RS(155,125)",1,0.7452,"RS(155,154)",0.993548,1,3830,0.9192,0.94128
1,10,chroma_bt709_bilinear,chroma,2,"chroma(2,full_range=False,matrix=bt709,upsample=bilinear)",luma/mean,4,0,0,0,0,"RS(155,125)",1,0.7452,"RS(155,154)",0.993548,1,3830,0.9192,0.94128
1,10,chroma_bt709_bilinear,chroma,2,"chroma(2,full_range=False,matrix=bt709,upsample=bilinear)",luma/saturated,4,0,0,0,0,"RS(155,125)",1,0.7452,"RS(155,154)",0.993548,1,3830,0.9192,0.94128
1,10,chroma_bt709_bilinear,chroma,2,"chroma(2,full_range=False,matrix=bt709,upsample=bilinear)",max/mean,4,0,0,0,0,"RS(155,125)",1,0.7452,"RS(155,154)",0.993548,1,3830,0.9192,0.94128
1,10,chroma_bt709_bilinear,chroma,2,"chroma(2,full_range=False,matrix=bt709,upsample=bilinear)",max/saturated,4,0,0,0,0,"RS(155,125)",1,0.7452,"RS(155,154)",0.993548,1,3830,0.9192,0.94128
1,10,chroma_bt709_nearest,chroma,2,"chroma(2,full_range=False,matrix=bt709,upsample=nearest)",luma/mean,4,0,0,0,0,"RS(155,125)",1,0.7452,"RS(155,154)",0.993548,1,3830,0.9192,0.94128
1,10,chroma_bt709_nearest,chroma,2,"chroma(2,full_range=False,matrix=bt709,upsample=nearest)",luma/saturated,4,0,0,0,0,"RS(155,125)",1,0.7452,"RS(155,154)",0.993548,1,3830,0.9192,0.94128
1,10,chroma_bt709_nearest,chroma,2,"chroma(2,full_range=False,matrix=bt709,upsample=nearest)",max/mean,4,0,0,0,0,"RS(155,125)",1,0.7452,"RS(155,154)",0.993548,1,3830,0.9192,0.94128
1,10,chroma_bt709_nearest,chroma,2,"chroma(2,full_range=False,matrix=bt709,upsample=nearest)",max/saturated,4,0,0,0,0,"RS(155,125)",1,0.7452,"RS(155,154)",0.993548,1,3830,0.9192,0.94128
1,10,chroma_nearest,chroma,1,"chroma(1,full_range=False,matrix=bt601,upsample=nearest)",luma/mean,4,0,0,0,0,"RS(155,125)",1,0.7452,"RS(155,154)",0.993548,1,3830,0.9192,0.94128
1,10,chroma_nearest,chroma,1,"chroma(1,full_range=False,matrix=bt601,upsample=nearest)",luma/saturated,4,0,0,0,0,"RS(155,125)",1,0.7452,"RS(155,154)",0.993548,1,3830,0.9192,0.94128
1,10,chroma_nearest,chroma,1,"chroma(1,full_range=False,matrix=bt601,upsample=nearest)",max/mean,4,0,0,0,0,"RS(155,125)",1,0.7452,"RS(155,154)",0.993548,1,3830,0.9192,0.94128
1,10,chroma_nearest,chroma,1,"chroma(1,full_range=False,matrix=bt601,upsample=nearest)",max/saturated,4,0,0,0,0,"RS(155,125)",1,0.7452,"RS(155,154)",0.993548,1,3830,0.9192,0.94128
1,10,chroma_nearest,chroma,1.5,"chroma(1.5,full_range=False,matrix=bt601,upsample=nearest)",luma/mean,4,0,0,0,0,"RS(155,125)",1,0.7452,"RS(155,154)",0.993548,1,3830,0.9192,0.94128
1,10,chroma_nearest,chroma,1.5,"chroma(1.5,full_range=False,matrix=bt601,upsample=nearest)",luma/saturated,4,0,0,0,0,"RS(155,125)",1,0.7452,"RS(155,154)",0.993548,1,3830,0.9192,0.94128
1,10,chroma_nearest,chroma,1.5,"chroma(1.5,full_range=False,matrix=bt601,upsample=nearest)",max/mean,4,0,0,0,0,"RS(155,125)",1,0.7452,"RS(155,154)",0.993548,1,3830,0.9192,0.94128
1,10,chroma_nearest,chroma,1.5,"chroma(1.5,full_range=False,matrix=bt601,upsample=nearest)",max/saturated,4,0,0,0,0,"RS(155,125)",1,0.7452,"RS(155,154)",0.993548,1,3830,0.9192,0.94128
1,10,chroma_nearest,chroma,2,"chroma(2,full_range=False,matrix=bt601,upsample=nearest)",luma/mean,4,0,0,0,0,"RS(155,125)",1,0.7452,"RS(155,154)",0.993548,1,3830,0.9192,0.94128
1,10,chroma_nearest,chroma,2,"chroma(2,full_range=False,matrix=bt601,upsample=nearest)",luma/saturated,4,0,0,0,0,"RS(155,125)",1,0.7452,"RS(155,154)",0.993548,1,3830,0.9192,0.94128
1,10,chroma_nearest,chroma,2,"chroma(2,full_range=False,matrix=bt601,upsample=nearest)",max/mean,4,0,0,0,0,"RS(155,125)",1,0.7452,"RS(155,154)",0.993548,1,3830,0.9192,0.94128
1,10,chroma_nearest,chroma,2,"chroma(2,full_range=False,matrix=bt601,upsample=nearest)",max/saturated,4,0,0,0,0,"RS(155,125)",1,0.7452,"RS(155,154)",0.993548,1,3830,0.9192,0.94128
1,10,chroma_nearest,chroma,3,"chroma(3,full_range=False,matrix=bt601,upsample=nearest)",luma/mean,4,0,0,0,0,"RS(155,125)",1,0.7452,"RS(155,154)",0.993548,1,3830,0.9192,0.94128
1,10,chroma_nearest,chroma,3,"chroma(3,full_range=False,matrix=bt601,upsample=nearest)",luma/saturated,4,0,0,0,0,"RS(155,125)",1,0.7452,"RS(155,154)",0.993548,1,3830,0.9192,0.94128
1,10,chroma_nearest,chroma,3,"chroma(3,full_range=False,matrix=bt601,upsample=nearest)",max/mean,4,0,0,0,0,"RS(155,125)",1,0.7452,"RS(155,154)",0.993548,1,3830,0.9192,0.94128
1,10,chroma_nearest,chroma,3,"chroma(3,full_range=False,matrix=bt601,upsample=nearest)",max/saturated,4,0,0,0,0,"RS(155,125)",1,0.7452,"RS(155,154)",0.993548,1,3830,0.9192,0.94128
1,10,chroma_nearest,chroma,4,"chroma(4,full_range=False,matrix=bt601,upsample=nearest)",luma/mean,4,0,0,0,0,"RS(155,125)",1,0.7452,"RS(155,154)",0.993548,1,3830,0.9192,0.94128
1,10,chroma_nearest,chroma,4,"chroma(4,full_range=False,matrix=bt601,upsample=nearest)",luma/saturated,4,0,0,0,0,"RS(155,125)",1,0.7452,"RS(155,154)",0.993548,1,3830,0.9192,0.94128
1,10,chroma_nearest,chroma,4,"chroma(4,full_range=False,matrix=bt601,upsample=nearest)",max/mean,4,0,0,0,0,"RS(155,125)",1,0.7452,"RS(155,154)",0.993548,1,3830,0.9192,0.94128
1,10,chroma_nearest,chroma,4,"chroma(4,full_range=False,matrix=bt601,upsample=nearest)",max/saturated,4,0,0,0,0,"RS(155,125)",1,0.7452,"RS(155,154)",0.993548,1,3830,0.9192,0.94128
1,10,clean,clean,0,clean,luma/mean,4,0,0,0,0,"RS(155,125)",1,0.7452,"RS(155,154)",0.993548,1,3830,0.9192,0.94128
1,10,clean,clean,0,clean,luma/saturated,4,0,0,0,0,"RS(155,125)",1,0.7452,"RS(155,154)",0.993548,1,3830,0.9192,0.94128
1,10,clean,clean,0,clean,max/mean,4,0,0,0,0,"RS(155,125)",1,0.7452,"RS(155,154)",0.993548,1,3830,0.9192,0.94128
1,10,clean,clean,0,clean,max/saturated,4,0,0,0,0,"RS(155,125)",1,0.7452,"RS(155,154)",0.993548,1,3830,0.9192,0.94128
1,10,noise,noise,10,noise(10),luma/mean,4,0,0,0,0,"RS(155,125)",1,0.7452,"RS(155,154)",0.993548,1,3830,0.9192,0.94128
1,10,noise,noise,10,noise(10),luma/saturated,4,0,0,0,0,"RS(155,125)",1,0.7452,"RS(155,154)",0.993548,1,3830,0.9192,0.94128
1,10,noise,noise,10,noise(10),max/mean,4,0,0,0,0,"RS(155,125)",1,0.7452,"RS(155,154)",0.993548,1,3830,0.9192,0.94128
1,10,noise,noise,10,noise(10),max/saturated,4,0,0,0,0,"RS(155,125)",1,0.7452,"RS(155,154)",0.993548,1,3830,0.9192,0.94128
1,10,noise,noise,20,noise(20),luma/mean,4,0,0,0,0,"RS(155,125)",1,0.7452,"RS(155,154)",0.993548,1,3830,0.9192,0.94128
1,10,noise,noise,20,noise(20),luma/saturated,4,0,0,0,0,"RS(155,125)",1,0.7452,"RS(155,154)",0.993548,1,3830,0.9192,0.94128
1,10,noise,noise,20,noise(20),max/mean,4,0,0,0,0,"RS(155,125)",1,0.7452,"RS(155,154)",0.993548,1,3830,0.9192,0.94128
1,10,noise,noise,20,noise(20),max/saturated,4,0,0,0,0,"RS(155,125)",1,0.7452,"RS(155,154)",0.993548,1,3830,0.9192,0.94128
1,10,noise,noise,40,noise(40),luma/mean,4,0,0,0,0,"RS(155,125)",1,0.7452,"RS(155,154)",0.993548,1,3830,0.9192,0.94128
1,10,noise,noise,40,noise(40),luma/saturated,4,0,0,0,0,"RS(155,125)",1,0.7452,"RS(155,154)",0.993548,1,3830,0.9192,0.94128
1,10,noise,noise,40,noise(40),max/mean,4,0,0,0,0,"RS(155,125)",1,0.7452,"RS(155,154)",0.993548,1,3830,0.9192,0.94128
1,10,noise,noise,40,noise(40),max/saturated,4,0,0,0,0,"RS(155,125)",1,0.7452,"RS(155,154)",0.993548,1,3830,0.9192,0.94128
1,10,noise,noise,60,noise(60),luma/mean,4,0,0,0,0,"RS(155,125)",1,0.7452,"RS(155,154)",0.993548,1,3830,0.9192,0.94128
1,10,noise,noise,60,noise(60),luma/saturated,4,0,0,0,0,"RS(155,125)",1,0.7452,"RS(155,154)",0.993548,1,3830,0.9192,0.94128
1,10,noise,noise,60,noise(60),max/mean,4,0,0,0,0,"RS(155,125)",1,0.7452,"RS(155,154)",0.993548,1,3830,0.9192,0.94128
1,10,noise,noise,60,noise(60),max/saturated,4,0,0,0,0,"RS(155,125)",1,0.7452,"RS(155,154)",0.993548,1,3830,0.9192,0.94128
1,10,noise,noise,80,noise(80),luma/mean,4,0,0,0,0,"RS(155,125)",1,0.7452,"RS(155,154)",0.993548,1,3830,0.9192,0.94128
1,10,noise,noise,80,noise(80),luma/saturated,4,0,0,0,0,"RS(155,125)",1,0.7452,"RS(155,154)",0.993548,1,3830,0.9192,0.94128
1,10,noise,noise,80,noise(80),max/mean,4,0,0,0,0,"RS(155,125)",1,0.7452,"RS(155,154)",0.993548,1,3830,0.9192,0.94128
1,10,noise,noise,80,noise(80),max/saturated,4,0,0,0,0,"RS(155,125)",1,0.7452,"RS(155,154)",0.993548,1,3830,0.9192,0.94128
1,10,perspective,perspective,0.05,perspective(0.05),luma/mean,4,0,0,0,0,"RS(155,125)",1,0.7452,"RS(155,154)",0.993548,1,3830,0.9192,0.94128
1,10,perspective,perspective,0.05,perspective(0.05),luma/saturated,4,0,0,0,0,"RS(155,125)",1,0.7452,"RS(155,154)",0.993548,1,3830,0.9192,0.94128
1,10,perspective,perspective,0.05,perspective(0.05),max/mean,4,0,0,0,0,"RS(155,125)",1,0.7452,"RS(155,154)",0.993548,1,3830,0.9192,0.94128
1,10,perspective,perspective,0.05,perspective(0.05),max/saturated,4,0,0,0,0,"RS(155,125)",1,0.7452,"RS(155,154)",0.993548,1,3830,0.9192,0.94128
1,10,perspective,perspective,0.1,perspective(0.1),luma/mean,4,0,0,0,0,"RS(155,125)",1,0.7452,"RS(155,154)",0.993548,1,3830,0.9192,0.94128
1,10,perspective,perspective,0.1,perspective(0.1),luma/saturated,4,0,0,0,0,"RS(155,125)",1,0.7452,"RS(155,154)",0.993548,1,3830,0.9192,0.94128
1,10,perspective,perspective,0.1,perspective(0.1),max/mean,4,0,0,0,0,"RS(155,125)",1,0.7452,"RS(155,154)",0.993548,1,3830,0.9192,0.94128
1,10,perspective,perspective,0.1,perspective(0.1),max/saturated,4,0,0,0,0,"RS(155,125)",1,0.7452,"RS(155,154)",0.993548,1,3830,0.9192,0.94128
1,10,perspective,perspective,0.15,perspective(0.15),luma/mean,4,0,0,0,0,"RS(155,125)",1,0.7452,"RS(155,154)",0.993548,1,3830,0.9192,0.94128
1,10,perspective,perspective,0.15,perspective(0.15),luma/saturated,4,0,0,0,0,"RS(155,125)",1,0.7452,"RS(155,154)",0.993548,1,3830,0.9192,0.94128
1,10,perspective,perspective,0.15,perspective(0.15),max/mean,4,0,0,0,0,"RS(155,125)",1,0.7452,"RS(155,154)",0.993548,1,3830,0.9192,0.94128
1,10,perspective,perspective,0.15,perspective(0.15),max/saturated,4,0,0,0,0,"RS(155,125)",1,0.7452,"RS(155,154)",0.993548,1,3830,0.9192,0.94128
1,10,perspective,perspective,0.2,perspective(0.2),luma/mean,4,0,0,0,0,"RS(155,125)",1,0.7452,"RS(155,154)",0.993548,1,3830,0.9192,0.94128
1,10,perspective,perspective,0.2,perspective(0.2),luma/saturated,4,0,0,0,0,"RS(155,125)",1,0.7452,"RS(155,154)",0.993548,1,3830,0.9192,0.94128
1,10,perspective,perspective,0.2,perspective(0.2),max/mean,4,0,0,0,0,"RS(155,125)",1,0.7452,"RS(155,154)",0.993548,1,3830,0.9192,0.94128
1,10,perspective,perspective,0.2,perspective(0.2),max/saturated,4,0,0,0,0,"RS(155,125)",1,0.7452,"RS(155,154)",0.993548,1,3830,0.9192,0.94128
1,10,perspective,perspective,0.3,perspective(0.3),luma/mean,4,0.000988016,0,0.000988016,0.00193548,"RS(155,125)",1,0.7452,"RS(155,147)",0.948387,1,3655,0.8772,0.94128
1,10,perspective,perspective,0.3,perspective(0.3),luma/saturated,4,0.000988016,0,0.000988016,0.00193548,"RS(155,125)",1,0.7452,"RS(155,147)",0.948387,1,3655,0.8772,0.94128
1,10,perspective,perspective,0.3,perspective(0.3),max/mean,4,0.000988016,0,0.000988016,0.00193548,"RS(155,125)",1,0.7452,"RS(155,147)",0.948387,1,3655,0.8772,0.94128
1,10,perspective,perspective,0.3,perspective(0.3),max/saturated,4,0.000988016,0,0.000988016,0.00193548,"RS(155,125)",1,0.7452,"RS(155,147)",0.948387,1,3655,0.8772,0.94128
1,10,white_balance,white_balance,0.5,white_balance(0.5),luma/mean,4,0,0,0,0,"RS(155,125)",1,0.7452,"RS(155,154)",0.993548,1,3830,0.9192,0.94128
1,10,white_balance,white_balance,0.5,white_balance(0.5),luma/saturated,4,0,0,0,0,"RS(155,125)",1,0.7452,"RS(155,154)",0.993548,1,3830,0.9192,0.94128
1,10,white_balance,white_balance,0.5,white_balance(0.5),max/mean,4,0,0,0,0,"RS(155,125)",1,0.7452,"RS(155,154)",0.993548,1,3830,0.9192,0.94128
1,10,white_balance,white_balance,0.5,white_balance(0.5),max/saturated,4,0,0,0,0,"RS(155,125)",1,0.7452,"RS(155,154)",0.993548,1,3830,0.9192,0.94128
1,10,white_balance,white_balance,1,white_balance(1),luma/mean,4,0,0,0,0,"RS(155,125)",1,0.7452,"RS(155,154)",0.993548,1,3830,0.9192,0.94128
1,10,white_balance,white_balance,1,white_balance(1),luma/saturated,4,0,0,0,0,"RS(155,125)",1,0.7452,"RS(155,154)",0.993548,1,3830,0.9192,0.94128
1,10,white_balance,white_balance,1,white_balance(1),max/mean,4,0,0,0,0,"RS(155,125)",1,0.7452,"RS(155,154)",0.993548,1,3830,0.9192,0.94128
1,10,white_balance,white_balance,1,white_balance(1),max/saturated,4,0,0,0,0,"RS(155,125)",1,0.7452,"RS(155,154)",0.993548,1,3830,0.9192,0.94128
1,10,white_balance,white_balance,2,white_balance(2),luma/mean,4,0,0,0,0,"RS(155,125)",1,0.7452,"RS(155,154)",0.993548,1,3830,0.9192,0.94128
1,10,white_balance,white_balance,2,white_balance(2),luma/saturated,4,0,0,0,0,"RS(155,125)",1,0.7452,"RS(155,154)",0.993548,1,3830,0.9192,0.94128
1,10,white_balance,white_balance,2,white_balance(2),max/mean,4,0,0,0,0,"RS(155,125)",1,0.7452,"RS(155,154)",0.993548,1,3830,0.9192,0.94128
1,10,white_balance,white_balance,2,white_balance(2),max/saturated,4,0,0,0,0,"RS(155,125)",1,0.7452,"RS(155,154)",0.993548,1,3830,0.9192,0.94128
1,10,white_balance,white_balance,3,white_balance(3),luma/mean,4,0,0,0,0,"RS(155,125)",1,0.7452,"RS(155,154)",0.993548,1,3830,0.9192,0.94128
1,10,white_balance,white_balance,3,white_balance(3),luma/saturated,4,0,0,0,0,"RS(155,125)",1,0.7452,"RS(155,154)",0.993548,1,3830,0.9192,0.94128
1,10,white_balance,white_balance,3,white_balance(3),max/mean,4,0,0,0,0,"RS(155,125)",1,0.7452,"RS(155,154)",0.993548,1,3830,0.9192,0.94128
1,10,white_balance,white_balance,3,white_balance(3),max/saturated,4,0,0,0,0,"RS(155,125)",1,0.7452,"RS(155,154)",0.993548,1,3830,0.9192,0.94128
1,10,white_balance,white_balance,4,white_balance(4),luma/mean,4,0,0,0,0,"RS(155,125)",1,0.7452,"RS(155,154)",0.993548,1,3830,0.9192,0.94128
1,10,white_balance,white_balance,4,white_balance(4),luma/saturated,4,0,0,0,0,"RS(155,125)",1,0.7452,"RS(155,154)",0.993548,1,3830,0.9192,0.94128
1,10,white_balance,white_balance,4,white_balance(4),max/mean,4,0,0,0,0,"RS(155,125)",1,0.7452,"RS(155,154)",0.993548,1,3830,0.9192,0.94128
1,10,white_balance,white_balance,4,white_balance(4),max/saturated,4,0,0,0,0,"RS(155,125)",1,0.7452,"RS(155,154)",0.993548,1,3830,0.9192,0.94128
2,4,blur,blur,0.5,blur(0.5),luma/mean,4,0,0,0,0,"RS(155,125)",1,4.5852,"RS(255,254)",0.996078,1,23602,5.66448,5.7072
2,4,blur,blur,0.5,blur(0.5),luma/saturated,4,0,0,0,0,"RS(155,125)",1,4.5852,"RS(255,254)",0.996078,1,23602,5.66448,5.7072
2,4,blur,blur,0.5,blur(0.5),max/mean,4,0,0,0,0,"RS(155,125)",1,4.5852,"RS(255,254)",0.996078,1,23602,5.66448,5.7072
2,4,blur,blur,0.5,blur(0.5),max/saturated,4,0,0,0,0,"RS(155,125)",1,4.5852,"RS(255,254)",0.996078,1,23602,5.66448,5.7072
2,4,blur,blur,0.75,blur(0.75),luma/mean,4,0,0,0,0,"RS(155,125)",1,4.5852,"RS(255,254)",0.996078,1,23602,5.66448,5.7072
2,4,blur,blur,0.75,blur(0.75),luma/saturated,4,0,0,0,0,"RS(155,125)",1,4.5852,"RS(255,254)",0.996078,1,23602,5.66448,5.7072
2,4,blur,blur,0.75,blur(0.75),max/mean,4,0,0,0,0,"RS(155,125)",1,4.5852,"RS(255,254)",0.996078,1,23602,5.66448,5.7072
2,4,blur,blur,0.75,blur(0.75),max/saturated,4,0,0,0,0,"RS(155,125)",1,4.5852,"RS(255,254)",0.996078,1,23602,5.66448,5.7072
2,4,blur,blur,1,blur(1),luma/mean,4,0.169674,0,0.169674,0.304227,"RS(155,125)",0,0,"RS(255,63)",0.247059,1,5839,1.40136,5.7072
2,4,blur,blur,1,blur(1),luma/saturated,4,0.169674,0,0.169674,0.304227,"RS(155,125)",0,0,"RS(255,63)",0.247059,1,5839,1.40136,5.7072
2,4,blur,blur,1,blur(1),max/mean,4,0.255013,0,0.255013,0.437561,"RS(155,125)",0,0,"RS(255,254)",0.996078,0,23602,0,5.7072
2,4,blur,blur,1,blur(1),max/saturated,4,0.255013,0,0.255013,0.437561,"RS(155,125)",0,0,"RS(255,254)",0.996078,0,23602,0,5.7072
2,4,blur,blur,1.25,blur(1.25),luma/mean,4,0.448473,0,0.448473,0.673234,"RS(155,125)",0,0,"RS(255,254)",0.996078,0,23602,0,5.7072
2,4,blur,blur,1.25,blur(1.25),luma/saturated,4,0.448473,0,0.448473,0.673234,"RS(155,125)",0,0,"RS(255,254)",0.996078,0,23602,0,5.7072
2,4,blur,blur,1.25,blur(1.25),max/mean,4,0.548597,0,0.548597,0.76829,"RS(155,125)",0,0,"RS(255,254)",0.996078,0,23602,0,5.7072
2,4,blur,blur,1.25,blur(1.25),max/saturated,4,0.548597,0,0.548597,0.76829,"RS(155,125)",0,0,"RS(255,254)",0.996078,0,23602,0,5.7072
2,4,blur,blur,1.5,blur(1.5),luma/mean,4,0.532433,0,0.532433,0.754818,"RS(155,125)",0,0,"RS(255,254)",0.996078,0,23602,0,5.7072
2,4,blur,blur,1.5,blur(1.5),luma/saturated,4,0.532433,0,0.532433,0.754818,"RS(155,125)",0,0,"RS(255,254)",0.996078,0,23602,0,5.7072
2,4,blur,blur,1.5,blur(1.5),max/mean,4,0.655061,0,0.655061,0.84824,"RS(155,125)",0,0,"RS(255,254)",0.996078,0,23602,0,5.7072
2,4,blur,blur,1.5,blur(1.5),max/saturated,4,0.655061,0,0.655061,0.84824,"RS(155,125)",0,0,"RS(255,254)",0.996078,0,23602,0,5.7072
2,4,blur,blur,2,blur(2),luma/mean,4,0.633877,0.000887037,0.634008,0.838393,"RS(155,125)",0,0,"RS(255,254)",0.996078,0,23602,0,5.7072
2,4,blur,blur,2,blur(2),luma/saturated,4,0.633877,6.57065e-05,0.633884,0.838267,"RS(155,125)",0,0,"RS(255,254)",0.996078,0,23602,0,5.7072
2,4,blur,blur,2,blur(2),max/mean,4,0.76782,0.000459945,0.767859,0.917721,"RS(155,125)",0,0,"RS(255,254)",0.996078,0,23602,0,5.7072
2,4,blur,blur,2,blur(2),max/saturated,4,0.76782,0.000183978,0.767846,0.917668,"RS(155,125)",0,0,"RS(255,254)",0.996078,0,23602,0,5.7072
2,4,chroma_bilinear,chroma,1,"chroma(1,full_range=False,matrix=bt601,upsample=bilinear)",luma/mean,4,0,0,0,0,"RS(155,125)",1,4.5852,"RS(255,254)",0.996078,1,23602,5.66448,5.7072
2,4,chroma_bilinear,chroma,1,"chroma(1,full_range=False,matrix=bt601,upsample=bilinear)",luma/saturated,4,0,0,0,0,"RS(155,125)",1,4.5852,"RS(255,254)",0.996078,1,23602,5.66448,5.7072
2,4,chroma_bilinear,chroma,1,"chroma(1,full_range=False,matrix=bt601,upsample=bilinear)",max/mean,4,0,0,0,0,"RS(155,125)",1,4.5852,"RS(255,254)",0.996078,1,23602,5.66448,5.7072
2,4,chroma_bilinear,chroma,1,"chroma(1,full_range=False,matrix=bt601,upsample=bilinear)",max/saturated,4,0,0,0,0,"RS(155,125)",1,4.5852,"RS(255,254)",0.996078,1,23602,5.66448,5.7072
2,4,chroma_bilinear,chroma,1.5,"chroma(1.5,full_range=False,matrix=bt601,upsample=bilinear)",luma/mean,4,0,0,0,0,"RS(155,125)",1,4.5852,"RS(255,254)",0.996078,1,23602,5.66448,5.7072
2,4,chroma_bilinear,chroma,1.5,"chroma(1.5,full_range=False,matrix=bt601,upsample=bilinear)",luma/saturated,4,0,0,0,0,"RS(155,125)",1,4.5852,"RS(255,254)",0.996078,1,23602,5.66448,5.7072
2,4,chroma_bilinear,chroma,1.5,"chroma(1.5,full_range=False,matrix=bt601,upsample=bilinear)",max/mean,4,0,0,0,0,"RS(155,125)",1,4.5852,"RS(255,254)",0.996078,1,23602,5.66448,5.7072
2,4,chroma_bilinear,chroma,1.5,"chroma(1.5,full_range=False,matrix=bt601,upsample=bilinear)",max/saturated,4,0,0,0,0,"RS(155,125)",1,4.5852,"RS(255,254)",0.996078,1,23602,5.66448,5.7072
2,4,chroma_bilinear,chroma,2,"chroma(2,full_range=False,matrix=bt601,upsample=bilinear)",luma/mean,4,0,0,0,0,"RS(155,125)",1,4.5852,"RS(255,254)",0.996078,1,23602,5.66448,5.7072
2,4,chroma_bilinear,chroma,2,"chroma(2,full_range=False,matrix=bt601,upsample=bilinear)",luma/saturated,4,0,0,0,0,"RS(155,125)",1,4.5852,"RS(255,254)",0.996078,1,23602,5.66448,5.7072
2,4,chroma_bilinear,chroma,2,"chroma(2,full_range=False,matrix=bt601,upsample=bilinear)",max/mean,4,0,0,0,0,"RS(155,125)",1,4.5852,"RS(255,254)",0.996078,1,23602,5.66448,5.7072
2,4,chroma_bilinear,chroma,2,"chroma(2,full_range=False,matrix=bt601,upsample=bilinear)",max/saturated,4,0,0,0,0,"RS(155,125)",1,4.5852,"RS(255,254)",0.996078,1,23602,5.66448,5.7072
2,4,chroma_bilinear,chroma,3,"chroma(3,full_range=False,matrix=bt601,upsample=bilinear)",luma/mean,4,0,0.0256912,0.0256912,0.0409445,"RS(155,125)",1,4.5852,"RS(255,211)",0.827451,1,19603,4.70472,5.7072
2,4,chroma_bilinear,chroma,3,"chroma(3,full_range=False,matrix=bt601,upsample=bilinear)",luma/saturated,4,0,0.00131413,0.00131413,0.00210837,"RS(155,125)",1,4.5852,"RS(255,249)",0.976471,1,23137,5.55288,5.7072
2,4,chroma_bilinear,chroma,3,"chroma(3,full_range=False,matrix=bt601,upsample=bilinear)",max/mean,4,0,0.0257175,0.0257175,0.0409867,"RS(155,125)",1,4.5852,"RS(255,211)",0.827451,1,19603,4.70472,5.7072
2,4,chroma_bilinear,chroma,3,"chroma(3,full_range=False,matrix=bt601,upsample=bilinear)",max/saturated,4,0,0.00131413,0.00131413,0.00210837,"RS(155,125)",1,4.5852,"RS(255,249)",0.976471,1,23137,5.55288,5.7072
2,4,chroma_bilinear,chroma,4,"chroma(4,full_range=False,matrix=bt601,upsample=bilinear)",luma/mean,4,0,0.191337,0.191337,0.293749,"RS(155,125)",0,0,"RS(255,65)",0.254902,1,6025,1.446,5.7072
2,4,chroma_bilinear,chroma,4,"chroma(4,full_range=False,matrix=bt601,upsample=bilinear)",luma/saturated,4,0,0.0596155,0.0596155,0.0936643,"RS(155,125)",0,0,"RS(255,179)",0.701961,1,16627,3.99048,5.7072
2,4,chroma_bilinear,chroma,4,"chroma(4,full_range=False,matrix=bt601,upsample=bilinear)",max/mean,4,0,0.191442,0.191442,0.293875,"RS(155,125)",0,0,"RS(255,65)",0.254902,1,6025,1.446,5.7072
2,4,chroma_bilinear,chroma,4,"chroma(4,full_range=False,matrix=bt601,upsample=bilinear)",max/saturated,4,0,0.0595826,0.0595826,0.0936116,"RS(155,125)",0,0,"RS(255,179)",0.701961,1,16627,3.99048,5.7072
2,4,chroma_bt709_bilinear,chroma,2,"chroma(2,full_range=False,matrix=bt709,upsample=bilinear)",luma/mean,4,0,0,0,0,"RS(155,125)",1,4.5852,"RS(255,254)",0.996078,1,23602,5.66448,5.7072
2,4,chroma_bt709_bilinear,chroma,2,"chroma(2,full_range=False,matrix=bt709,upsample=bilinear)",luma/saturated,4,0,0,0,0,"RS(155,125)",1,4.5852,"RS(255,254)",0.996078,1,23602,5.66448,5.7072
2,4,chroma_bt709_bilinear,chroma,2,"chroma(2,full_range=False,matrix=bt709,upsample=bilinear)",max/mean,4,0,0,0,0,"RS(155,125)",1,4.5852,"RS(255,254)",0.996078,1,23602,5.66448,5.7072
2,4,chroma_bt709_bilinear,chroma,2,"chroma(2,full_range=False,matrix=bt709,upsample=bilinear)",max/saturated,4,0,0,0,0,"RS(155,125)",1,4.5852,"RS(255,254)",0.996078,1,23602,5.66448,5.7072
2,4,chroma_bt709_nearest,chroma,2,"chroma(2,full_range=False,matrix=bt709,upsample=nearest)",luma/mean,4,0,0,0,0,"RS(155,125)",1,4.5852,"RS(255,254)",0.996078,1,23602,5.66448,5.7072
2,4,chroma_bt709_nearest,chroma,2,"chroma(2,full_range=False,matrix=bt709,upsample=nearest)",luma/saturated,4,0,0,0,0,"RS(155,125)",1,4.5852,"RS(255,254)",0.996078,1,23602,5.66448,5.7072
2,4,chroma_bt709_nearest,chroma,2,"chroma(2,full_range=False,matrix=bt709,upsample=nearest)",max/mean,4,0,0,0,0,"RS(155,125)",1,4.5852,"RS(255,254)",0.996078,1,23602,5.66448,5.7072
2,4,chroma_bt709_nearest,chroma,2,"chroma(2,full_range=False,matrix=bt709,upsample=nearest)",max/saturated,4,0,0,0,0,"RS(155,125)",1,4.5852,"RS(255,254)",0.996078,1,23602,5.66448,5.7072
2,4,chroma_nearest,chroma,1,"chroma(1,full_range=False,matrix=bt601,upsample=nearest)",luma/mean,4,0,0,0,0,"RS(155,125)",1,4.5852,"RS(255,254)",0.996078,1,23602,5.66448,5.7072
2,4,chroma_nearest,chroma,1,"chroma(1,full_range=False,matrix=bt601,upsample=nearest)",luma/saturated,4,0,0,0,0,"RS(155,125)",1,4.5852,"RS(255,254)",0.996078,1,23602,5.66448,5.7072
2,4,chroma_nearest,chroma,1,"chroma(1,full_range=False,matrix=bt601,upsample=nearest)",max/mean,4,0,0,0,0,"RS(155,125)",1,4.5852,"RS(255,254)",0.996078,1,23602,5.66448,5.7072
2,4,chroma_nearest,chroma,1,"chroma(1,full_range=False,matrix=bt601,upsample=nearest)",max/saturated,4,0,0,0,0,"RS(155,125)",1,4.5852,"RS(255,254)",0.996078,1,23602,5.66448,5.7072
2,4,chroma_nearest,chroma,1.5,"chroma(1.5,full_range=False,matrix=bt601,upsample=nearest)",luma/mean,4,0,0.00298964,0.00298964,0.00479654,"RS(155,125)",1,4.5852,"RS(255,245)",0.960784,1,22765,5.4636,5.7072
2,4,chroma_nearest,chroma,1.5,"chroma(1.5,full_range=False,matrix=bt601,upsample=nearest)",luma/saturated,4,0,0.000289108,0.000289108,0.000463841,"RS(155,125)",1,4.5852,"RS(255,251)",0.984314,1,23323,5.59752,5.7072
2,4,chroma_nearest,chroma,1.5,"chroma(1.5,full_range=False,matrix=bt601,upsample=nearest)",max/mean,4,0.000729342,0.00299622,0.00372556,0.00612482,"RS(155,125)",1,4.5852,"RS(155,147)",0.948387,1,22471,5.39304,5.7072
2,4,chroma_nearest,chroma,1.5,"chroma(1.5,full_range=False,matrix=bt601,upsample=nearest)",max/saturated,4,0.000729342,0.000295679,0.00102502,0.00179211,"RS(155,125)",1,4.5852,"RS(255,247)",0.968627,1,22951,5.50824,5.7072
2,4,chroma_nearest,chroma,2,"chroma(2,full_range=False,matrix=bt601,upsample=nearest)",luma/mean,4,0,0,0,0,"RS(155,125)",1,4.5852,"RS(255,254)",0.996078,1,23602,5.66448,5.7072
2,4,chroma_nearest,chroma,2,"chroma(2,full_range=False,matrix=bt601,upsample=nearest)",luma/saturated,4,0,0,0,0,"RS(155,125)",1,4.5852,"RS(255,254)",0.996078,1,23602,5.66448,5.7072
2,4,chroma_nearest,chroma,2,"chroma(2,full_range=False,matrix=bt601,upsample=nearest)",max/mean,4,0,0,0,0,"RS(155,125)",1,4.5852,"RS(255,254)",0.996078,1,23602,5.66448,5.7072
2,4,chroma_nearest,chroma,2,"chroma(2,full_range=False,matrix=bt601,upsample=nearest)",max/saturated,4,0,0,0,0,"RS(155,125)",1,4.5852,"RS(255,254)",0.996078,1,23602,5.66448,5.7072
2,4,chroma_nearest,chroma,3,"chroma(3,full_range=False,matrix=bt601,upsample=nearest)",luma/mean,4,0,0.032137,0.032137,0.0509066,"RS(155,125)",0.5,2.2926,"RS(255,209)",0.819608,1,19417,4.66008,5.7072
2,4,chroma_nearest,chroma,3,"chroma(3,full_range=False,matrix=bt601,upsample=nearest)",luma/saturated,4,0,0.00570989,0.00570989,0.0091187,"RS(155,125)",1,4.5852,"RS(255,241)",0.945098,1,22393,5.37432,5.7072
2,4,chroma_nearest,chroma,3,"chroma(3,full_range=False,matrix=bt601,upsample=nearest)",max/mean,4,1.31413e-05,0.0321239,0.032137,0.0509066,"RS(155,125)",0.5,2.2926,"RS(255,209)",0.819608,1,19417,4.66008,5.7072
2,4,chroma_nearest,chroma,3,"chroma(3,full_range=False,matrix=bt601,upsample=nearest)",max/saturated,4,1.31413e-05,0.00574932,0.00576246,0.00920304,"RS(155,125)",1,4.5852,"RS(255,241)",0.945098,1,22393,5.37432,5.7072
2,4,chroma_nearest,chroma,4,"chroma(4,full_range=False,matrix=bt601,upsample=nearest)",luma/mean,4,0,0.122221,0.122221,0.189184,"RS(155,125)",0,0,"RS(255,119)",0.466667,1,11047,2.65128,5.7072
2,4,chroma_nearest,chroma,4,"chroma(4,full_range=False,matrix=bt601,upsample=nearest)",luma/saturated,4,0,0.0335826,0.0335826,0.052899,"RS(155,125)",0.25,1.1463,"RS(255,205)",0.803922,1,19045,4.5708,5.7072
2,4,chroma_nearest,chroma,4,"chroma(4,full_range=False,matrix=bt601,upsample=nearest)",max/mean,4,0,0.12224,0.12224,0.189216,"RS(155,125)",0,0,"RS(255,119)",0.466667,1,11047,2.65128,5.7072
2,4,chroma_nearest,chroma,4,"chroma(4,full_range=False,matrix=bt601,upsample=nearest)",max/saturated,4,0,0.0348507,0.0348507,0.0549863,"RS(155,125)",0,0,"RS(255,203)",0.796078,1,18859,4.52616,5.7072
2,4,clean,clean,0,clean,luma/mean,4,0,0,0,0,"RS(155,125)",1,4.5852,"RS(255,254)",0.996078,1,23602,5.66448,5.7072
2,4,clean,clean,0,clean,luma/saturated,4,0,0,0,0,"RS(155,125)",1,4.5852,"RS(255,254)",0.996078,1,23602,5.66448,5.7072
2,4,clean,clean,0,clean,max/mean,4,0,0,0,0,"RS(155,125)",1,4.5852,"RS(255,254)",0.996078,1,23602,5.66448,5.7072
2,4,clean,clean,0,clean,max/saturated,4,0,0,0,0,"RS(155,125)",1,4.5852,"RS(255,254)",0.996078,1,23602,5.66448,5.7072
2,4,noise,noise,10,noise(10),luma/mean,4,0,0,0,0,"RS(155,125)",1,4.5852,"RS(255,254)",0.996078,1,23602,5.66448,5.7072
2,4,noise,noise,10,noise(10),luma/saturated,4,0,0,0,0,"RS(155,125)",1,4.5852,"RS(255,254)",0.996078,1,23602,5.66448,5.7072
2,4,noise,noise,10,noise(10),max/mean,4,0,0,0,0,"RS(155,125)",1,4.5852,"RS(255,254)",0.996078,1,23602,5.66448,5.7072
2,4,noise,noise,10,noise(10),max/saturated,4,0,0,0,0,"RS(155,125)",1,4.5852,"RS(255,254)",0.996078,1,23602,5.66448,5.7072
2,4,noise,noise,20,noise(20),luma/mean,4,0,0,0,0,"RS(155,125)",1,4.5852,"RS(255,254)",0.996078,1,23602,5.66448,5.7072
2,4,noise,noise,20,noise(20),luma/saturated,4,0,0,0,0,"RS(155,125)",1,4.5852,"RS(255,254)",0.996078,1,23602,5.66448,5.7072
2,4,noise,noise,20,noise(20),max/mean,4,0,0,0,0,"RS(155,125)",1,4.5852,"RS(255,254)",0.996078,1,23602,5.66448,5.7072
2,4,noise,noise,20,noise(20),max/saturated,4,0,0,0,0,"RS(155,125)",1,4.5852,"RS(255,254)",0.996078,1,23602,5.66448,5.7072
2,4,noise,noise,40,noise(40),luma/mean,4,0,0,0,0,"RS(155,125)",1,4.5852,"RS(255,254)",0.996078,1,23602,5.66448,5.7072
2,4,noise,noise,40,noise(40),luma/saturated,4,0,0,0,0,"RS(155,125)",1,4.5852,"RS(255,254)",0.996078,1,23602,5.66448,5.7072
2,4,noise,noise,40,noise(40),max/mean,4,0,0,0,0,"RS(155,125)",1,4.5852,"RS(255,254)",0.996078,1,23602,5.66448,5.7072
2,4,noise,noise,40,noise(40),max/saturated,4,0,0,0,0,"RS(155,125)",1,4.5852,"RS(255,254)",0.996078,1,23602,5.66448,5.7072
2,4,noise,noise,60,noise(60),luma/mean,4,1.97119e-05,0,1.97119e-05,3.16256e-05,"RS(155,125)",1,4.5852,"RS(255,253)",0.992157,1,23509,5.64216,5.7072
2,4,noise,noise,60,noise(60),luma/saturated,4,1.97119e-05,0,1.97119e-05,3.16256e-05,"RS(155,125)",1,4.5852,"RS(255,253)",0.992157,1,23509,5.64216,5.7072
2,4,noise,noise,60,noise(60),max/mean,4,0,0,0,0,"RS(155,125)",1,4.5852,"RS(255,254)",0.996078,1,23602,5.66448,5.7072
2,4,noise,noise,60,noise(60),max/saturated,4,0,6.57065e-06,6.57065e-06,1.05419e-05,"RS(155,125)",1,4.5852,"RS(255,253)",0.992157,1,23509,5.64216,5.7072
2,4,noise,noise,80,noise(80),luma/mean,4,0.00235886,0,0.00235886,0.004533,"RS(155,125)",1,4.5852,"RS(255,245)",0.960784,1,22765,5.4636,5.7072
2,4,noise,noise,80,noise(80),luma/saturated,4,0.00235886,9.85597e-05,0.00245085,0.00468058,"RS(155,125)",1,4.5852,"RS(255,245)",0.960784,1,22765,5.4636,5.7072
2,4,noise,noise,80,noise(80),max/mean,4,0.000571646,0,0.000571646,0.00102256,"RS(155,125)",1,4.5852,"RS(255,251)",0.984314,1,23323,5.59752,5.7072
2,4,noise,noise,80,noise(80),max/saturated,4,0.000571646,0.000519081,0.00107759,0.00183428,"RS(155,125)",1,4.5852,"RS(155,149)",0.96129,1,22777,5.46648,5.7072
2,4,perspective,perspective,0.05,perspective(0.05),luma/mean,4,0.00291737,0,0.00291737,0.00542905,"RS(155,125)",1,4.5852,"RS(255,239)",0.937255,1,22207,5.32968,5.7072
2,4,perspective,perspective,0.05,perspective(0.05),luma/saturated,4,0.00291737,0,0.00291737,0.00542905,"RS(155,125)",1,4.5852,"RS(255,239)",0.937255,1,22207,5.32968,5.7072
2,4,perspective,perspective,0.05,perspective(0.05),max/mean,4,0.00291737,0,0.00291737,0.00542905,"RS(155,125)",1,4.5852,"RS(255,239)",0.937255,1,22207,5.32968,5.7072
2,4,perspective,perspective,0.05,perspective(0.05),max/saturated,4,0.00291737,0,0.00291737,0.00542905,"RS(155,125)",1,4.5852,"RS(255,239)",0.937255,1,22207,5.32968,5.7072
2,4,perspective,perspective,0.1,perspective(0.1),luma/mean,4,0.00873896,0,0.00873896,0.0165191,"RS(155,125)",1,4.5852,"RS(255,225)",0.882353,1,20905,5.0172,5.7072
2,4,perspective,perspective,0.1,perspective(0.1),luma/saturated,4,0.00873896,0,0.00873896,0.0165191,"RS(155,125)",1,4.5852,"RS(255,225)",0.882353,1,20905,5.0172,5.7072
2,4,perspective,perspective,0.1,perspective(0.1),max/mean,4,0.00876524,0,0.00876524,0.0165612,"RS(155,125)",1,4.5852,"RS(255,223)",0.87451,1,20719,4.97256,5.7072
2,4,perspective,perspective,0.1,perspective(0.1),max/saturated,4,0.00876524,0,0.00876524,0.0165612,"RS(155,125)",1,4.5852,"RS(255,223)",0.87451,1,20719,4.97256,5.7072
2,4,perspective,perspective,0.15,perspective(0.15),luma/mean,4,0.0220117,0,0.0220117,0.0412608,"RS(155,125)",1,4.5852,"RS(255,209)",0.819608,1,19417,4.66008,5.7072
2,4,perspective,perspective,0.15,perspective(0.15),luma/saturated,4,0.0220117,0,0.0220117,0.0412608,"RS(155,125)",1,4.5852,"RS(255,209)",0.819608,1,19417,4.66008,5.7072
2,4,perspective,perspective,0.15,perspective(0.15),max/mean,4,0.0219328,0,0.0219328,0.0411238,"RS(155,125)",1,4.5852,"RS(255,209)",0.819608,1,19417,4.66008,5.7072
2,4,perspective,perspective,0.15,perspective(0.15),max/saturated,4,0.0219328,0,0.0219328,0.0411238,"RS(155,125)",1,4.5852,"RS(255,209)",0.819608,1,19417,4.66008,5.7072
2,4,perspective,perspective,0.2,perspective(0.2),luma/mean,4,0.0632425,0,0.0632425,0.114801,"RS(155,125)",0.25,1.1463,"RS(255,131)",0.513725,1,12163,2.91912,5.7072
2,4,perspective,perspective,0.2,perspective(0.2),luma/saturated,4,0.0632425,0,0.0632425,0.114801,"RS(155,125)",0.25,1.1463,"RS(255,131)",0.513725,1,12163,2.91912,5.7072
2,4,perspective,perspective,0.2,perspective(0.2),max/mean,4,0.0634133,0,0.0634133,0.115201,"RS(155,125)",0.25,1.1463,"RS(255,133)",0.521569,1,12349,2.96376,5.7072
2,4,perspective,perspective,0.2,perspective(0.2),max/saturated,4,0.0634133,0,0.0634133,0.115201,"RS(155,125)",0.25,1.1463,"RS(255,133)",0.521569,1,12349,2.96376,5.7072
2,4,perspective,perspective,0.3,perspective(0.3),luma/mean,4,0.256229,0.000170837,0.256262,0.389416,"RS(155,125)",0,0,"RS(255,155)",0.607843,0.25,14395,0.8637,5.7072
2,4,perspective,perspective,0.3,perspective(0.3),luma/saturated,4,0.256229,0.000236543,0.256268,0.389427,"RS(155,125)",0,0,"RS(255,155)",0.607843,0.25,14395,0.8637,5.7072
2,4,perspective,perspective,0.3,perspective(0.3),max/mean,4,0.258338,0.000131413,0.258364,0.391567,"RS(155,125)",0,0,"RS(255,153)",0.6,0.25,14209,0.85254,5.7072
2,4,perspective,perspective,0.3,perspective(0.3),max/saturated,4,0.258338,0.000243114,0.258371,0.391567,"RS(155,125)",0,0,"RS(255,153)",0.6,0.25,14209,0.85254,5.7072
2,4,white_balance,white_balance,0.5,white_balance(0.5),luma/mean,4,0,0,0,0,"RS(155,125)",1,4.5852,"RS(255,254)",0.996078,1,23602,5.66448,5.7072
2,4,white_balance,white_balance,0.5,white_balance(0.5),luma/saturated,4,0,0,0,0,"RS(155,125)",1,4.5852,"RS(255,254)",0.996078,1,23602,5.66448,5.7072
2,4,white_balance,white_balance,0.5,white_balance(0.5),max/mean,4,0,0,0,0,"RS(155,125)",1,4.5852,"RS(255,254)",0.996078,1,23602,5.66448,5.7072
2,4,white_balance,white_balance,0.5,white_balance(0.5),max/saturated,4,0,0,0,0,"RS(155,125)",1,4.5852,"RS(255,254)",0.996078,1,23602,5.66448,5.7072
2,4,white_balance,white_balance,1,white_balance(1),luma/mean,4,0,0,0,0,"RS(155,125)",1,4.5852,"RS(255,254)",0.996078,1,23602,5.66448,5.7072
2,4,white_balance,white_balance,1,white_balance(1),luma/saturated,4,0,0,0,0,"RS(155,125)",1,4.5852,"RS(255,254)",0.996078,1,23602,5.66448,5.7072
2,4,white_balance,white_balance,1,white_balance(1),max/mean,4,0,0,0,0,"RS(155,125)",1,4.5852,"RS(255,254)",0.996078,1,23602,5.66448,5.7072
2,4,white_balance,white_balance,1,white_balance(1),max/saturated,4,0,0,0,0,"RS(155,125)",1,4.5852,"RS(255,254)",0.996078,1,23602,5.66448,5.7072
2,4,white_balance,white_balance,2,white_balance(2),luma/mean,4,0,0,0,0,"RS(155,125)",1,4.5852,"RS(255,254)",0.996078,1,23602,5.66448,5.7072
2,4,white_balance,white_balance,2,white_balance(2),luma/saturated,4,0,0,0,0,"RS(155,125)",1,4.5852,"RS(255,254)",0.996078,1,23602,5.66448,5.7072
2,4,white_balance,white_balance,2,white_balance(2),max/mean,4,0,0,0,0,"RS(155,125)",1,4.5852,"RS(255,254)",0.996078,1,23602,5.66448,5.7072
2,4,white_balance,white_balance,2,white_balance(2),max/saturated,4,0,0,0,0,"RS(155,125)",1,4.5852,"RS(255,254)",0.996078,1,23602,5.66448,5.7072
2,4,white_balance,white_balance,3,white_balance(3),luma/mean,4,0,0,0,0,"RS(155,125)",1,4.5852,"RS(255,254)",0.996078,1,23602,5.66448,5.7072
2,4,white_balance,white_balance,3,white_balance(3),luma/saturated,4,0,0,0,0,"RS(155,125)",1,4.5852,"RS(255,254)",0.996078,1,23602,5.66448,5.7072
2,4,white_balance,white_balance,3,white_balance(3),max/mean,4,0,0,0,0,"RS(155,125)",1,4.5852,"RS(255,254)",0.996078,1,23602,5.66448,5.7072
2,4,white_balance,white_balance,3,white_balance(3),max/saturated,4,0,0,0,0,"RS(155,125)",1,4.5852,"RS(255,254)",0.996078,1,23602,5.66448,5.7072
2,4,white_balance,white_balance,4,white_balance(4),luma/mean,4,0,0,0,0,"RS(155,125)",1,4.5852,"RS(255,254)",0.996078,1,23602,5.66448,5.7072
2,4,white_balance,white_balance,4,white_balance(4),luma/saturated,4,0,0,0,0,"RS(155,125)",1,4.5852,"RS(255,254)",0.996078,1,23602,5.66448,5.7072
2,4,white_balance,white_balance,4,white_balance(4),max/mean,4,0,0,0,0,"RS(155,125)",1,4.5852,"RS(255,254)",0.996078,1,23602,5.66448,5.7072
2,4,white_balance,white_balance,4,white_balance(4),max/saturated,4,0,0,0,0,"RS(155,125)",1,4.5852,"RS(255,254)",0.996078,1,23602,5.66448,5.7072
2,5,blur,blur,0.5,blur(0.5),luma/mean,4,0,0,0,0,"RS(155,125)",1,3.1752,"RS(155,154)",0.993548,1,16304,3.91296,3.966
2,5,blur,blur,0.5,blur(0.5),luma/saturated,4,0,0,0,0,"RS(155,125)",1,3.1752,"RS(155,154)",0.993548,1,16304,3.91296,3.966
2,5,blur,blur,0.5,blur(0.5),max/mean,4,0,0,0,0,"RS(155,125)",1,3.1752,"RS(155,154)",0.993548,1,16304,3.91296,3.966
2,5,blur,blur,0.5,blur(0.5),max/saturated,4,0,0,0,0,"RS(155,125)",1,3.1752,"RS(155,154)",0.993548,1,16304,3.91296,3.966
2,5,blur,blur,0.75,blur(0.75),luma/mean,4,0,0,0,0,"RS(155,125)",1,3.1752,"RS(155,154)",0.993548,1,16304,3.91296,3.966
2,5,blur,blur,0.75,blur(0.75),luma/saturated,4,0,0,0,0,"RS(155,125)",1,3.1752,"RS(155,154)",0.993548,1,16304,3.91296,3.966
2,5,blur,blur,0.75,blur(0.75),max/mean,4,0,0,0,0,"RS(155,125)",1,3.1752,"RS(155,154)",0.993548,1,16304,3.91296,3.966
2,5,blur,blur,0.75,blur(0.75),max/saturated,4,0,0,0,0,"RS(155,125)",1,3.1752,"RS(155,154)",0.993548,1,16304,3.91296,3.966
2,5,blur,blur,1,blur(1),luma/mean,4,0.0001891,0,0.0001891,0.000365186,"RS(155,125)",1,3.1752,"RS(155,153)",0.987097,1,16198,3.88752,3.966
2,5,blur,blur,1,blur(1),luma/saturated,4,0.0001891,0,0.0001891,0.000365186,"RS(155,125)",1,3.1752,"RS(155,153)",0.987097,1,16198,3.88752,3.966
2,5,blur,blur,1,blur(1),max/mean,4,0,0,0,0,"RS(155,125)",1,3.1752,"RS(155,154)",0.993548,1,16304,3.91296,3.966
2,5,blur,blur,1,blur(1),max/saturated,4,0,0,0,0,"RS(155,125)",1,3.1752,"RS(155,154)",0.993548,1,16304,3.91296,3.966
2,5,blur,blur,1.25,blur(1.25),luma/mean,4,0.184619,0,0.184619,0.312629,"RS(155,125)",0,0,"RS(255,57)",0.223529,1,3628,0.87072,3.966
2,5,blur,blur,1.25,blur(1.25),luma/saturated,4,0.184619,0,0.184619,0.312629,"RS(155,125)",0,0,"RS(255,57)",0.223529,1,3628,0.87072,3.966
2,5,blur,blur,1.25,blur(1.25),max/mean,4,0.342867,0,0.342867,0.530858,"RS(155,125)",0,0,"RS(255,254)",0.996078,0,16236,0,3.966
2,5,blur,blur,1.25,blur(1.25),max/saturated,4,0.342867,0,0.342867,0.530858,"RS(155,125)",0,0,"RS(255,254)",0.996078,0,16236,0,3.966
2,5,blur,blur,1.5,blur(1.5),luma/mean,4,0.40215,0,0.40215,0.604093,"RS(155,125)",0,0,"RS(255,254)",0.996078,0,16236,0,3.966
2,5,blur,blur,1.5,blur(1.5),luma/saturated,4,0.40215,0,0.40215,0.604093,"RS(155,125)",0,0,"RS(255,254)",0.996078,0,16236,0,3.966
2,5,blur,blur,1.5,blur(1.5),max/mean,4,0.500435,0,0.500435,0.709404,"RS(155,125)",0,0,"RS(255,254)",0.996078,0,16236,0,3.966
2,5,blur,blur,1.5,blur(1.5),max/saturated,4,0.500435,0,0.500435,0.709404,"RS(155,125)",0,0,"RS(255,254)",0.996078,0,16236,0,3.966
2,5,blur,blur,2,blur(2),luma/mean,4,0.576576,0,0.576576,0.777632,"RS(155,125)",0,0,"RS(255,254)",0.996078,0,16236,0,3.966
2,5,blur,blur,2,blur(2),luma/saturated,4,0.576576,0,0.576576,0.777632,"RS(155,125)",0,0,"RS(255,254)",0.996078,0,16236,0,3.966
2,5,blur,blur,2,blur(2),max/mean,4,0.700654,0,0.700654,0.869918,"RS(155,125)",0,0,"RS(255,254)",0.996078,0,16236,0,3.966
2,5,blur,blur,2,blur(2),max/saturated,4,0.700654,0,0.700654,0.869918,"RS(155,125)",0,0,"RS(255,254)",0.996078,0,16236,0,3.966
2,5,chroma_bilinear,chroma,1,"chroma(1,full_range=False,matrix=bt601,upsample=bilinear)",luma/mean,4,0,0,0,0,"RS(155,125)",1,3.1752,"RS(155,154)",0.993548,1,16304,3.91296,3.966
2,5,chroma_bilinear,chroma,1,"chroma(1,full_range=False,matrix=bt601,upsample=bilinear)",luma/saturated,4,0,0,0,0,"RS(155,125)",1,3.1752,"RS(155,154)",0.993548,1,16304,3.91296,3.966
2,5,chroma_bilinear,chroma,1,"chroma(1,full_range=False,matrix=bt601,upsample=bilinear)",max/mean,4,0,0,0,0,"RS(155,125)",1,3.1752,"RS(155,154)",0.993548,1,16304,3.91296,3.966
2,5,chroma_bilinear,chroma,1,"chroma(1,full_range=False,matrix=bt601,upsample=bilinear)",max/saturated,4,0,0,0,0,"RS(155,125)",1,3.1752,"RS(155,154)",0.993548,1,16304,3.91296,3.966
2,5,chroma_bilinear,chroma,1.5,"chroma(1.5,full_range=False,matrix=bt601,upsample=bilinear)",luma/mean,4,0,0,0,0,"RS(155,125)",1,3.1752,"RS(155,154)",0.993548,1,16304,3.91296,3.966
2,5,chroma_bilinear,chroma,1.5,"chroma(1.5,full_range=False,matrix=bt601,upsample=bilinear)",luma/saturated,4,0,0,0,0,"RS(155,125)",1,3.1752,"RS(155,154)",0.993548,1,16304,3.91296,3.966
2,5,chroma_bilinear,chroma,1.5,"chroma(1.5,full_range=False,matrix=bt601,upsample=bilinear)",max/mean,4,0,0,0,0,"RS(155,125)",1,3.1752,"RS(155,154)",0.993548,1,16304,3.91296,3.966
2,5,chroma_bilinear,chroma,1.5,"chroma(1.5,full_range=False,matrix=bt601,upsample=bilinear)",max/saturated,4,0,0,0,0,"RS(155,125)",1,3.1752,"RS(155,154)",0.993548,1,16304,3.91296,3.966
2,5,chroma_bilinear,chroma,2,"chroma(2,full_range=False,matrix=bt601,upsample=bilinear)",luma/mean,4,0,0,0,0,"RS(155,125)",1,3.1752,"RS(155,154)",0.993548,1,16304,3.91296,3.966
2,5,chroma_bilinear,chroma,2,"chroma(2,full_range=False,matrix=bt601,upsample=bilinear)",luma/saturated,4,0,0,0,0,"RS(155,125)",1,3.1752,"RS(155,154)",0.993548,1,16304,3.91296,3.966
2,5,chroma_bilinear,chroma,2,"chroma(2,full_range=False,matrix=bt601,upsample=bilinear)",max/mean,4,0,0,0,0,"RS(155,125)",1,3.1752,"RS(155,154)",0.993548,1,16304,3.91296,3.966
2,5,chroma_bilinear,chroma,2,"chroma(2,full_range=False,matrix=bt601,upsample=bilinear)",max/saturated,4,0,0,0,0,"RS(155,125)",1,3.1752,"RS(155,154)",0.993548,1,16304,3.91296,3.966
2,5,chroma_bilinear,chroma,3,"chroma(3,full_range=False,matrix=bt601,upsample=bilinear)",luma/mean,4,0,0.0133032,0.0133032,0.0213938,"RS(155,125)",1,3.1752,"RS(155,137)",0.883871,1,14502,3.48048,3.966
2,5,chroma_bilinear,chroma,3,"chroma(3,full_range=False,matrix=bt601,upsample=bilinear)",luma/saturated,4,0,0.000368746,0.000368746,0.000593427,"RS(155,125)",1,3.1752,"RS(255,251)",0.984314,1,16044,3.85056,3.966
2,5,chroma_bilinear,chroma,3,"chroma(3,full_range=False,matrix=bt601,upsample=bilinear)",max/mean,4,0,0.0133127,0.0133127,0.021409,"RS(155,125)",1,3.1752,"RS(155,137)",0.883871,1,14502,3.48048,3.966
2,5,chroma_bilinear,chroma,3,"chroma(3,full_range=False,matrix=bt601,upsample=bilinear)",max/saturated,4,0,0.000368746,0.000368746,0.000593427,"RS(155,125)",1,3.1752,"RS(255,251)",0.984314,1,16044,3.85056,3.966
2,5,chroma_bilinear,chroma,4,"chroma(4,full_range=False,matrix=bt601,upsample=bilinear)",luma/mean,4,0,0.0818899,0.0818899,0.12996,"RS(155,125)",0,0,"RS(255,157)",0.615686,1,10028,2.40672,3.966
2,5,chroma_bilinear,chroma,4,"chroma(4,full_range=False,matrix=bt601,upsample=bilinear)",luma/saturated,4,0,0.00890662,0.00890662,0.0143335,"RS(155,125)",1,3.1752,"RS(155,143)",0.922581,1,15138,3.63312,3.966
2,5,chroma_bilinear,chroma,4,"chroma(4,full_range=False,matrix=bt601,upsample=bilinear)",max/mean,4,0,0.0819277,0.0819277,0.130021,"RS(155,125)",0,0,"RS(255,157)",0.615686,1,10028,2.40672,3.966
2,5,chroma_bilinear,chroma,4,"chroma(4,full_range=False,matrix=bt601,upsample=bilinear)",max/saturated,4,0,0.00890662,0.00890662,0.0143335,"RS(155,125)",1,3.1752,"RS(155,143)",0.922581,1,15138,3.63312,3.966
2,5,chroma_bt709_bilinear,chroma,2,"chroma(2,full_range=False,matrix=bt709,upsample=bilinear)",luma/mean,4,0,0,0,0,"RS(155,125)",1,3.1752,"RS(155,154)",0.993548,1,16304,3.91296,3.966
2,5,chroma_bt709_bilinear,chroma,2,"chroma(2,full_range=False,matrix=bt709,upsample=bilinear)",luma/saturated,4,0,0,0,0,"RS(155,125)",1,3.1752,"RS(155,154)",0.993548,1,16304,3.91296,3.966
2,5,chroma_bt709_bilinear,chroma,2,"chroma(2,full_range=False,matrix=bt709,upsample=bilinear)",max/mean,4,0,0,0,0,"RS(155,125)",1,3.1752,"RS(155,154)",0.993548,1,16304,3.91296,3.966
2,5,chroma_bt709_bilinear,chroma,2,"chroma(2,full_range=False,matrix=bt709,upsample=bilinear)",max/saturated,4,0,0,0,0,"RS(155,125)",1,3.1752,"RS(155,154)",0.993548,1,16304,3.91296,3.966
2,5,chroma_bt709_nearest,chroma,2,"chroma(2,full_range=False,matrix=bt709,upsample=nearest)",luma/mean,4,0,0,0,0,"RS(155,125)",1,3.1752,"RS(155,154)",0.993548,1,16304,3.91296,3.966
2,5,chroma_bt709_nearest,chroma,2,"chroma(2,full_range=False,matrix=bt709,upsample=nearest)",luma/saturated,4,0,0,0,0,"RS(155,125)",1,3.1752,"RS(155,154)",0.993548,1,16304,3.91296,3.966
2,5,chroma_bt709_nearest,chroma,2,"chroma(2,full_range=False,matrix=bt709,upsample=nearest)",max/mean,4,0,0,0,0,"RS(155,125)",1,3.1752,"RS(155,154)",0.993548,1,16304,3.91296,3.966
2,5,chroma_bt709_nearest,chroma,2,"chroma(2,full_range=False,matrix=bt709,upsample=nearest)",max/saturated,4,0,0,0,0,"RS(155,125)",1,3.1752,"RS(155,154)",0.993548,1,16304,3.91296,3.966
2,5,chroma_nearest,chroma,1,"chroma(1,full_range=False,matrix=bt601,upsample=nearest)",luma/mean,4,0,0,0,0,"RS(155,125)",1,3.1752,"RS(155,154)",0.993548,1,16304,3.91296,3.966
2,5,chroma_nearest,chroma,1,"chroma(1,full_range=False,matrix=bt601,upsample=nearest)",luma/saturated,4,0,0,0,0,"RS(155,125)",1,3.1752,"RS(155,154)",0.993548,1,16304,3.91296,3.966
2,5,chroma_nearest,chroma,1,"chroma(1,full_range=False,matrix=bt601,upsample=nearest)",max/mean,4,0,0,0,0,"RS(155,125)",1,3.1752,"RS(155,154)",0.993548,1,16304,3.91296,3.966
2,5,chroma_nearest,chroma,1,"chroma(1,full_range=False,matrix=bt601,upsample=nearest)",max/saturated,4,0,0,0,0,"RS(155,125)",1,3.1752,"RS(155,154)",0.993548,1,16304,3.91296,3.966
2,5,chroma_nearest,chroma,1.5,"chroma(1.5,full_range=False,matrix=bt601,upsample=nearest)",luma/mean,4,0,0,0,0,"RS(155,125)",1,3.1752,"RS(155,154)",0.993548,1,16304,3.91296,3.966
2,5,chroma_nearest,chroma,1.5,"chroma(1.5,full_range=False,matrix=bt601,upsample=nearest)",luma/saturated,4,0,0,0,0,"RS(155,125)",1,3.1752,"RS(155,154)",0.993548,1,16304,3.91296,3.966
2,5,chroma_nearest,chroma,1.5,"chroma(1.5,full_range=False,matrix=bt601,upsample=nearest)",max/mean,4,0,0,0,0,"RS(155,125)",1,3.1752,"RS(155,154)",0.993548,1,16304,3.91296,3.966
2,5,chroma_nearest,chroma,1.5,"chroma(1.5,full_range=False,matrix=bt601,upsample=nearest)",max/saturated,4,0,0,0,0,"RS(155,125)",1,3.1752,"RS(155,154)",0.993548,1,16304,3.91296,3.966
2,5,chroma_nearest,chroma,2,"chroma(2,full_range=False,matrix=bt601,upsample=nearest)",luma/mean,4,0,0,0,0,"RS(155,125)",1,3.1752,"RS(155,154)",0.993548,1,16304,3.91296,3.966
2,5,chroma_nearest,chroma,2,"chroma(2,full_range=False,matrix=bt601,upsample=nearest)",luma/saturated,4,0,0,0,0,"RS(155,125)",1,3.1752,"RS(155,154)",0.993548,1,16304,3.91296,3.966
2,5,chroma_nearest,chroma,2,"chroma(2,full_range=False,matrix=bt601,upsample=nearest)",max/mean,4,0,0,0,0,"RS(155,125)",1,3.1752,"RS(155,154)",0.993548,1,16304,3.91296,3.966
2,5,chroma_nearest,chroma,2,"chroma(2,full_range=False,matrix=bt601,upsample=nearest)",max/saturated,4,0,0,0,0,"RS(155,125)",1,3.1752,"RS(155,154)",0.993548,1,16304,3.91296,3.966
2,5,chroma_nearest,chroma,3,"chroma(3,full_range=False,matrix=bt601,upsample=nearest)",luma/mean,4,0,0.0107598,0.0107598,0.0173007,"RS(155,125)",1,3.1752,"RS(255,233)",0.913725,1,14892,3.57408,3.966
2,5,chroma_nearest,chroma,3,"chroma(3,full_range=False,matrix=bt601,upsample=nearest)",luma/saturated,4,0,8.50951e-05,8.50951e-05,0.000136945,"RS(155,125)",1,3.1752,"RS(155,153)",0.987097,1,16198,3.88752,3.966
2,5,chroma_nearest,chroma,3,"chroma(3,full_range=False,matrix=bt601,upsample=nearest)",max/mean,4,0,0.0107409,0.0107409,0.0172702,"RS(155,125)",1,3.1752,"RS(255,233)",0.913725,1,14892,3.57408,3.966
2,5,chroma_nearest,chroma,3,"chroma(3,full_range=False,matrix=bt601,upsample=nearest)",max/saturated,4,0,8.50951e-05,8.50951e-05,0.000136945,"RS(155,125)",1,3.1752,"RS(155,153)",0.987097,1,16198,3.88752,3.966
2,5,chroma_nearest,chroma,4,"chroma(4,full_range=False,matrix=bt601,upsample=nearest)",luma/mean,4,0,0.0342744,0.0342744,0.0547018,"RS(155,125)",0.5,1.5876,"RS(255,207)",0.811765,1,13228,3.17472,3.966
2,5,chroma_nearest,chroma,4,"chroma(4,full_range=False,matrix=bt601,upsample=nearest)",luma/saturated,4,0,0.00461405,0.00461405,0.00741023,"RS(155,125)",1,3.1752,"RS(155,145)",0.935484,1,15350,3.684,3.966
2,5,chroma_nearest,chroma,4,"chroma(4,full_range=False,matrix=bt601,upsample=nearest)",max/mean,4,0,0.0342744,0.0342744,0.0547018,"RS(155,125)",0.5,1.5876,"RS(255,207)",0.811765,1,13228,3.17472,3.966
2,5,chroma_nearest,chroma,4,"chroma(4,full_range=False,matrix=bt601,upsample=nearest)",max/saturated,4,0,0.00521917,0.00521917,0.00839927,"RS(155,125)",1,3.1752,"RS(255,239)",0.937255,1,15276,3.66624,3.966
2,5,clean,clean,0,clean,luma/mean,4,0,0,0,0,"RS(155,125)",1,3.1752,"RS(155,154)",0.993548,1,16304,3.91296,3.966
2,5,clean,clean,0,clean,luma/saturated,4,0,0,0,0,"RS(155,125)",1,3.1752,"RS(155,154)",0.993548,1,16304,3.91296,3.966
2,5,clean,clean,0,clean,max/mean,4,0,0,0,0,"RS(155,125)",1,3.1752,"RS(155,154)",0.993548,1,16304,3.91296,3.966
2,5,clean,clean,0,clean,max/saturated,4,0,0,0,0,"RS(155,125)",1,3.1752,"RS(155,154)",0.993548,1,16304,3.91296,3.966
2,5,noise,noise,10,noise(10),luma/mean,4,0,0,0,0,"RS(155,125)",1,3.1752,"RS(155,154)",0.993548,1,16304,3.91296,3.966
2,5,noise,noise,10,noise(10),luma/saturated,4,0,0,0,0,"RS(155,125)",1,3.1752,"RS(155,154)",0.993548,1,16304,3.91296,3.966
2,5,noise,noise,10,noise(10),max/mean,4,0,0,0,0,"RS(155,125)",1,3.1752,"RS(155,154)",0.993548,1,16304,3.91296,3.966
2,5,noise,noise,10,noise(10),max/saturated,4,0,0,0,0,"RS(155,125)",1,3.1752,"RS(155,154)",0.993548,1,16304,3.91296,3.966
2,5,noise,noise,20,noise(20),luma/mean,4,0,0,0,0,"RS(155,125)",1,3.1752,"RS(155,154)",0.993548,1,16304,3.91296,3.966
2,5,noise,noise,20,noise(20),luma/saturated,4,0,0,0,0,"RS(155,125)",1,3.1752,"RS(155,154)",0.993548,1,16304,3.91296,3.966
2,5,noise,noise,20,noise(20),max/mean,4,0,0,0,0,"RS(155,125)",1,3.1752,"RS(155,154)",0.993548,1,16304,3.91296,3.966
2,5,noise,noise,20,noise(20),max/saturated,4,0,0,0,0,"RS(155,125)",1,3.1752,"RS(155,154)",0.993548,1,16304,3.91296,3.966
2,5,noise,noise,40,noise(40),luma/mean,4,0,0,0,0,"RS(155,125)",1,3.1752,"RS(155,154)",0.993548,1,16304,3.91296,3.966
2,5,noise,noise,40,noise(40),luma/saturated,4,0,0,0,0,"RS(155,125)",1,3.1752,"RS(155,154)",0.993548,1,16304,3.91296,3.966
2,5,noise,noise,40,noise(40),max/mean,4,0,0,0,0,"RS(155,125)",1,3.1752,"RS(155,154)",0.993548,1,16304,3.91296,3.966
2,5,noise,noise,40,noise(40),max/saturated,4,0,0,0,0,"RS(155,125)",1,3.1752,"RS(155,154)",0.993548,1,16304,3.91296,3.966
2,5,noise,noise,60,noise(60),luma/mean,4,0,0,0,0,"RS(155,125)",1,3.1752,"RS(155,154)",0.993548,1,16304,3.91296,3.966
2,5,noise,noise,60,noise(60),luma/saturated,4,0,0,0,0,"RS(155,125)",1,3.1752,"RS(155,154)",0.993548,1,16304,3.91296,3.966
2,5,noise,noise,60,noise(60),max/mean,4,0,0,0,0,"RS(155,125)",1,3.1752,"RS(155,154)",0.993548,1,16304,3.91296,3.966
2,5,noise,noise,60,noise(60),max/saturated,4,0,0,0,0,"RS(155,125)",1,3.1752,"RS(155,154)",0.993548,1,16304,3.91296,3.966
2,5,noise,noise,80,noise(80),luma/mean,4,4.72751e-05,0,4.72751e-05,0.000106512,"RS(155,125)",1,3.1752,"RS(155,153)",0.987097,1,16198,3.88752,3.966
2,5,noise,noise,80,noise(80),luma/saturated,4,4.72751e-05,1.891e-05,6.61851e-05,0.000136945,"RS(155,125)",1,3.1752,"RS(155,153)",0.987097,1,16198,3.88752,3.966
2,5,noise,noise,80,noise(80),max/mean,4,9.45501e-06,0,9.45501e-06,1.52161e-05,"RS(155,125)",1,3.1752,"RS(155,153)",0.987097,1,16198,3.88752,3.966
2,5,noise,noise,80,noise(80),max/saturated,4,9.45501e-06,9.45501e-06,1.891e-05,3.04321e-05,"RS(155,125)",1,3.1752,"RS(155,153)",0.987097,1,16198,3.88752,3.966
2,5,perspective,perspective,0.05,perspective(0.05),luma/mean,4,0,0,0,0,"RS(155,125)",1,3.1752,"RS(155,154)",0.993548,1,16304,3.91296,3.966
2,5,perspective,perspective,0.05,perspective(0.05),luma/saturated,4,0,0,0,0,"RS(155,125)",1,3.1752,"RS(155,154)",0.993548,1,16304,3.91296,3.966
2,5,perspective,perspective,0.05,perspective(0.05),max/mean,4,0,0,0,0,"RS(155,125)",1,3.1752,"RS(155,154)",0.993548,1,16304,3.91296,3.966
2,5,perspective,perspective,0.05,perspective(0.05),max/saturated,4,0,0,0,0,"RS(155,125)",1,3.1752,"RS(155,154)",0.993548,1,16304,3.91296,3.966
2,5,perspective,perspective,0.1,perspective(0.1),luma/mean,4,0,0,0,0,"RS(155,125)",1,3.1752,"RS(155,154)",0.993548,1,16304,3.91296,3.966
2,5,perspective,perspective,0.1,perspective(0.1),luma/saturated,4,0,0,0,0,"RS(155,125)",1,3.1752,"RS(155,154)",0.993548,1,16304,3.91296,3.966
2,5,perspective,perspective,0.1,perspective(0.1),max/mean,4,0,0,0,0,"RS(155,125)",1,3.1752,"RS(155,154)",0.993548,1,16304,3.91296,3.966
2,5,perspective,perspective,0.1,perspective(0.1),max/saturated,4,0,0,0,0,"RS(155,125)",1,3.1752,"RS(155,154)",0.993548,1,16304,3.91296,3.966
2,5,perspective,perspective,0.15,perspective(0.15),luma/mean,4,0.00035929,0,0.00035929,0.000730371,"RS(155,125)",1,3.1752,"RS(255,249)",0.976471,1,15916,3.81984,3.966
2,5,perspective,perspective,0.15,perspective(0.15),luma/saturated,4,0.00035929,0,0.00035929,0.000730371,"RS(155,125)",1,3.1752,"RS(255,249)",0.976471,1,15916,3.81984,3.966
2,5,perspective,perspective,0.15,perspective(0.15),max/mean,4,0.00035929,0,0.00035929,0.000730371,"RS(155,125)",1,3.1752,"RS(255,249)",0.976471,1,15916,3.81984,3.966
2,5,perspective,perspective,0.15,perspective(0.15),max/saturated,4,0.00035929,0,0.00035929,0.000730371,"RS(155,125)",1,3.1752,"RS(255,249)",0.976471,1,15916,3.81984,3.966
2,5,perspective,perspective,0.2,perspective(0.2),luma/mean,4,0.0056541,0,0.0056541,0.0107425,"RS(155,125)",1,3.1752,"RS(255,221)",0.866667,1,14124,3.38976,3.966
2,5,perspective,perspective,0.2,perspective(0.2),luma/saturated,4,0.0056541,0,0.0056541,0.0107425,"RS(155,125)",1,3.1752,"RS(255,221)",0.866667,1,14124,3.38976,3.966
2,5,perspective,perspective,0.2,perspective(0.2),max/mean,4,0.00581483,0,0.00581483,0.0110164,"RS(155,125)",1,3.1752,"RS(255,221)",0.866667,1,14124,3.38976,3.966
2,5,perspective,perspective,0.2,perspective(0.2),max/saturated,4,0.00581483,0,0.00581483,0.0110164,"RS(155,125)",1,3.1752,"RS(255,221)",0.866667,1,14124,3.38976,3.966
2,5,perspective,perspective,0.3,perspective(0.3),luma/mean,4,0.0934723,4.72751e-05,0.0934817,0.151765,"RS(155,125)",0.25,0.7938,"RS(255,151)",0.592157,0.75,9644,1.73592,3.966
2,5,perspective,perspective,0.3,perspective(0.3),luma/saturated,4,0.0934723,6.61851e-05,0.0934817,0.151765,"RS(155,125)",0.25,0.7938,"RS(255,151)",0.592157,0.75,9644,1.73592,3.966
2,5,perspective,perspective,0.3,perspective(0.3),max/mean,4,0.0959211,5.67301e-05,0.0959306,0.155143,"RS(155,125)",0.25,0.7938,"RS(255,159)",0.623529,0.75,10156,1.82808,3.966
2,5,perspective,perspective,0.3,perspective(0.3),max/saturated,4,0.0959211,6.61851e-05,0.0959306,0.155158,"RS(155,125)",0.25,0.7938,"RS(255,159)",0.623529,0.75,10156,1.82808,3.966
2,5,white_balance,white_balance,0.5,white_balance(0.5),luma/mean,4,0,0,0,0,"RS(155,125)",1,3.1752,"RS(155,154)",0.993548,1,16304,3.91296,3.966
2,5,white_balance,white_balance,0.5,white_balance(0.5),luma/saturated,4,0,0,0,0,"RS(155,125)",1,3.1752,"RS(155,154)",0.993548,1,16304,3.91296,3.966
2,5,white_balance,white_balance,0.5,white_balance(0.5),max/mean,4,0,0,0,0,"RS(155,125)",1,3.1752,"RS(155,154)",0.993548,1,16304,3.91296,3.966
2,5,white_balance,white_balance,0.5,white_balance(0.5),max/saturated,4,0,0,0,0,"RS(155,125)",1,3.1752,"RS(155,154)",0.993548,1,16304,3.91296,3.966
2,5,white_balance,white_balance,1,white_balance(1),luma/mean,4,0,0,0,0,"RS(155,125)",1,3.1752,"RS(155,154)",0.993548,1,16304,3.91296,3.966
2,5,white_balance,white_balance,1,white_balance(1),luma/saturated,4,0,0,0,0,"RS(155,125)",1,3.1752,"RS(155,154)",0.993548,1,16304,3.91296,3.966
2,5,white_balance,white_balance,1,white_balance(1),max/mean,4,0,0,0,0,"RS(155,125)",1,3.1752,"RS(155,154)",0.993548,1,16304,3.91296,3.966
2,5,white_balance,white_balance,1,white_balance(1),max/saturated,4,0,0,0,0,"RS(155,125)",1,3.1752,"RS(155,154)",0.993548,1,16304,3.91296,3.966
2,5,white_balance,white_balance,2,white_balance(2),luma/mean,4,0,0,0,0,"RS(155,125)",1,3.1752,"RS(155,154)",0.993548,1,16304,3.91296,3.966
2,5,white_balance,white_balance,2,white_balance(2),luma/saturated,4,0,0,0,0,"RS(155,125)",1,3.1752,"RS(155,154)",0.993548,1,16304,3.91296,3.966
2,5,white_balance,white_balance,2,white_balance(2),max/mean,4,0,0,0,0,"RS(155,125)",1,3.1752,"RS(155,154)",0.993548,1,16304,3.91296,3.966
2,5,white_balance,white_balance,2,white_balance(2),max/saturated,4,0,0,0,0,"RS(155,125)",1,3.1752,"RS(155,154)",0.993548,1,16304,3.91296,3.966
2,5,white_balance,white_balance,3,white_balance(3),luma/mean,4,0,0,0,0,"RS(155,125)",1,3.1752,"RS(155,154)",0.993548,1,16304,3.91296,3.966
2,5,white_balance,white_balance,3,white_balance(3),luma/saturated,4,0,0,0,0,"RS(155,125)",1,3.1752,"RS(155,154)",0.993548,1,16304,3.91296,3.966
2,5,white_balance,white_balance,3,white_balance(3),max/mean,4,0,0,0,0,"RS(155,125)",1,3.1752,"RS(155,154)",0.993548,1,16304,3.91296,3.966
2,5,white_balance,white_balance,3,white_balance(3),max/saturated,4,0,0,0,0,"RS(155,125)",1,3.1752,"RS(155,154)",0.993548,1,16304,3.91296,3.966
2,5,white_balance,white_balance,4,white_balance(4),luma/mean,4,0,0,0,0,"RS(155,125)",1,3.1752,"RS(155,154)",0.993548,1,16304,3.91296,3.966
2,5,white_balance,white_balance,4,white_balance(4),luma/saturated,4,0,0,0,0,"RS(155,125)",1,3.1752,"RS(155,154)",0.993548,1,16304,3.91296,3.966
2,5,white_balance,white_balance,4,white_balance(4),max/mean,4,0,0,0,0,"RS(155,125)",1,3.1752,"RS(155,154)",0.993548,1,16304,3.91296,3.966
2,5,white_balance,white_balance,4,white_balance(4),max/saturated,4,0,0,0,0,"RS(155,125)",1,3.1752,"RS(155,154)",0.993548,1,16304,3.91296,3.966
2,6,blur,blur,0.5,blur(0.5),luma/mean,4,0,0,0,0,"RS(155,125)",1,2.3052,"RS(255,254)",0.996078,1,11918,2.86032,2.8956
2,6,blur,blur,0.5,blur(0.5),luma/saturated,4,0,0,0,0,"RS(155,125)",1,2.3052,"RS(255,254)",0.996078,1,11918,2.86032,2.8956
2,6,blur,blur,0.5,blur(0.5),max/mean,4,0,0,0,0,"RS(155,125)",1,2.3052,"RS(255,254)",0.996078,1,11918,2.86032,2.8956
2,6,blur,blur,0.5,blur(0.5),max/saturated,4,0,0,0,0,"RS(155,125)",1,2.3052,"RS(255,254)",0.996078,1,11918,2.86032,2.8956
2,6,blur,blur,0.75,blur(0.75),luma/mean,4,0,0,0,0,"RS(155,125)",1,2.3052,"RS(255,254)",0.996078,1,11918,2.86032,2.8956
2,6,blur,blur,0.75,blur(0.75),luma/saturated,4,0,0,0,0,"RS(155,125)",1,2.3052,"RS(255,254)",0.996078,1,11918,2.86032,2.8956
2,6,blur,blur,0.75,blur(0.75),max/mean,4,0,0,0,0,"RS(155,125)",1,2.3052,"RS(255,254)",0.996078,1,11918,2.86032,2.8956
2,6,blur,blur,0.75,blur(0.75),max/saturated,4,0,0,0,0,"RS(155,125)",1,2.3052,"RS(255,254)",0.996078,1,11918,2.86032,2.8956
2,6,blur,blur,1,blur(1),luma/mean,4,0,0,0,0,"RS(155,125)",1,2.3052,"RS(255,254)",0.996078,1,11918,2.86032,2.8956
2,6,blur,blur,1,blur(1),luma/saturated,4,0,0,0,0,"RS(155,125)",1,2.3052,"RS(255,254)",0.996078,1,11918,2.86032,2.8956
2,6,blur,blur,1,blur(1),max/mean,4,0,0,0,0,"RS(155,125)",1,2.3052,"RS(255,254)",0.996078,1,11918,2.86032,2.8956
2,6,blur,blur,1,blur(1),max/saturated,4,0,0,0,0,"RS(155,125)",1,2.3052,"RS(255,254)",0.996078,1,11918,2.86032,2.8956
2,6,blur,blur,1.25,blur(1.25),luma/mean,4,0.0003367,0,0.0003367,0.000628404,"RS(155,125)",1,2.3052,"RS(255,253)",0.992157,1,11871,2.84904,2.8956
2,6,blur,blur,1.25,blur(1.25),luma/saturated,4,0.0003367,0,0.0003367,0.000628404,"RS(155,125)",1,2.3052,"RS(255,253)",0.992157,1,11871,2.84904,2.8956
2,6,blur,blur,1.25,blur(1.25),max/mean,4,0.00182595,0,0.00182595,0.00349811,"RS(155,125)",1,2.3052,"RS(255,245)",0.960784,1,11495,2.7588,2.8956
2,6,blur,blur,1.25,blur(1.25),max/saturated,4,0.00182595,0,0.00182595,0.00349811,"RS(155,125)",1,2.3052,"RS(255,245)",0.960784,1,11495,2.7588,2.8956
2,6,blur,blur,1.5,blur(1.5),luma/mean,4,0.0813779,0,0.0813779,0.144763,"RS(155,125)",0,0,"RS(255,147)",0.576471,1,6889,1.65336,2.8956
2,6,blur,blur,1.5,blur(1.5),luma/saturated,4,0.0813779,0,0.0813779,0.144763,"RS(155,125)",0,0,"RS(255,147)",0.576471,1,6889,1.65336,2.8956
2,6,blur,blur,1.5,blur(1.5),max/mean,4,0.18209,0,0.18209,0.309133,"RS(155,125)",0,0,"RS(255,63)",0.247059,0.75,2941,0.52938,2.8956
2,6,blur,blur,1.5,blur(1.5),max/saturated,4,0.18209,0,0.18209,0.309133,"RS(155,125)",0,0,"RS(255,63)",0.247059,0.75,2941,0.52938,2.8956
2,6,blur,blur,2,blur(2),luma/mean,4,0.412963,0,0.412963,0.61925,"RS(155,125)",0,0,"RS(255,254)",0.996078,0,11918,0,2.8956
2,6,blur,blur,2,blur(2),luma/saturated,4,0.412963,0,0.412963,0.61925,"RS(155,125)",0,0,"RS(255,254)",0.996078,0,11918,0,2.8956
2,6,blur,blur,2,blur(2),max/mean,4,0.608055,0,0.608055,0.804797,"RS(155,125)",0,0,"RS(255,254)",0.996078,0,11918,0,2.8956
2,6,blur,blur,2,blur(2),max/saturated,4,0.608055,0,0.608055,0.804797,"RS(155,125)",0,0,"RS(255,254)",0.996078,0,11918,0,2.8956
2,6,chroma_bilinear,chroma,1,"chroma(1,full_range=False,matrix=bt601,upsample=bilinear)",luma/mean,4,0,0,0,0,"RS(155,125)",1,2.3052,"RS(255,254)",0.996078,1,11918,2.86032,2.8956
2,6,chroma_bilinear,chroma,1,"chroma(1,full_range=False,matrix=bt601,upsample=bilinear)",luma/saturated,4,0,0,0,0,"RS(155,125)",1,2.3052,"RS(255,254)",0.996078,1,11918,2.86032,2.8956
2,6,chroma_bilinear,chroma,1,"chroma(1,full_range=False,matrix=bt601,upsample=bilinear)",max/mean,4,0,0,0,0,"RS(155,125)",1,2.3052,"RS(255,254)",0.996078,1,11918,2.86032,2.8956
2,6,chroma_bilinear,chroma,1,"chroma(1,full_range=False,matrix=bt601,upsample=bilinear)",max/saturated,4,0,0,0,0,"RS(155,125)",1,2.3052,"RS(255,254)",0.996078,1,11918,2.86032,2.8956
2,6,chroma_bilinear,chroma,1.5,"chroma(1.5,full_range=False,matrix=bt601,upsample=bilinear)",luma/mean,4,0,0,0,0,"RS(155,125)",1,2.3052,"RS(255,254)",0.996078,1,11918,2.86032,2.8956
2,6,chroma_bilinear,chroma,1.5,"chroma(1.5,full_range=False,matrix=bt601,upsample=bilinear)",luma/saturated,4,0,0,0,0,"RS(155,125)",1,2.3052,"RS(255,254)",0.996078,1,11918,2.86032,2.8956
2,6,chroma_bilinear,chroma,1.5,"chroma(1.5,full_range=False,matrix=bt601,upsample=bilinear)",max/mean,4,0,0,0,0,"RS(155,125)",1,2.3052,"RS(255,254)",0.996078,1,11918,2.86032,2.8956
2,6,chroma_bilinear,chroma,1.5,"chroma(1.5,full_range=False,matrix=bt601,upsample=bilinear)",max/saturated,4,0,0,0,0,"RS(155,125)",1,2.3052,"RS(255,254)",0.996078,1,11918,2.86032,2.8956
2,6,chroma_bilinear,chroma,2,"chroma(2,full_range=False,matrix=bt601,upsample=bilinear)",luma/mean,4,0,0,0,0,"RS(155,125)",1,2.3052,"RS(255,254)",0.996078,1,11918,2.86032,2.8956
2,6,chroma_bilinear,chroma,2,"chroma(2,full_range=False,matrix=bt601,upsample=bilinear)",luma/saturated,4,0,0,0,0,"RS(155,125)",1,2.3052,"RS(255,254)",0.996078,1,11918,2.86032,2.8956
2,6,chroma_bilinear,chroma,2,"chroma(2,full_range=False,matrix=bt601,upsample=bilinear)",max/mean,4,0,0,0,0,"RS(155,125)",1,2.3052,"RS(255,254)",0.996078,1,11918,2.86032,2.8956
2,6,chroma_bilinear,chroma,2,"chroma(2,full_range=False,matrix=bt601,upsample=bilinear)",max/saturated,4,0,0,0,0,"RS(155,125)",1,2.3052,"RS(255,254)",0.996078,1,11918,2.86032,2.8956
2,6,chroma_bilinear,chroma,3,"chroma(3,full_range=False,matrix=bt601,upsample=bilinear)",luma/mean,4,0,0.00014245,0.00014245,0.000230415,"RS(155,125)",1,2.3052,"RS(255,253)",0.992157,1,11871,2.84904,2.8956
2,6,chroma_bilinear,chroma,3,"chroma(3,full_range=False,matrix=bt601,upsample=bilinear)",luma/saturated,4,0,0,0,0,"RS(155,125)",1,2.3052,"RS(255,254)",0.996078,1,11918,2.86032,2.8956
2,6,chroma_bilinear,chroma,3,"chroma(3,full_range=False,matrix=bt601,upsample=bilinear)",max/mean,4,0,0.00014245,0.00014245,0.000230415,"RS(155,125)",1,2.3052,"RS(255,253)",0.992157,1,11871,2.84904,2.8956
2,6,chroma_bilinear,chroma,3,"chroma(3,full_range=False,matrix=bt601,upsample=bilinear)",max/saturated,4,0,0,0,0,"RS(155,125)",1,2.3052,"RS(255,254)",0.996078,1,11918,2.86032,2.8956
2,6,chroma_bilinear,chroma,4,"chroma(4,full_range=False,matrix=bt601,upsample=bilinear)",luma/mean,4,0,0.021756,0.021756,0.0348555,"RS(155,125)",1,2.3052,"RS(255,219)",0.858824,1,10273,2.46552,2.8956
2,6,chroma_bilinear,chroma,4,"chroma(4,full_range=False,matrix=bt601,upsample=bilinear)",luma/saturated,4,0,0.000686351,0.000686351,0.00111018,"RS(155,125)",1,2.3052,"RS(255,251)",0.984314,1,11777,2.82648,2.8956
2,6,chroma_bilinear,chroma,4,"chroma(4,full_range=False,matrix=bt601,upsample=bilinear)",max/mean,4,0,0.021756,0.021756,0.0348555,"RS(155,125)",1,2.3052,"RS(255,219)",0.858824,1,10273,2.46552,2.8956
2,6,chroma_bilinear,chroma,4,"chroma(4,full_range=False,matrix=bt601,upsample=bilinear)",max/saturated,4,0,0.000699301,0.000699301,0.00113113,"RS(155,125)",1,2.3052,"RS(255,251)",0.984314,1,11777,2.82648,2.8956
2,6,chroma_bt709_bilinear,chroma,2,"chroma(2,full_range=False,matrix=bt709,upsample=bilinear)",luma/mean,4,0,0,0,0,"RS(155,125)",1,2.3052,"RS(255,254)",0.996078,1,11918,2.86032,2.8956
2,6,chroma_bt709_bilinear,chroma,2,"chroma(2,full_range=False,matrix=bt709,upsample=bilinear)",luma/saturated,4,0,0,0,0,"RS(155,125)",1,2.3052,"RS(255,254)",0.996078,1,11918,2.86032,2.8956
2,6,chroma_bt709_bilinear,chroma,2,"chroma(2,full_range=False,matrix=bt709,upsample=bilinear)",max/mean,4,0,0,0,0,"RS(155,125)",1,2.3052,"RS(255,254)",0.996078,1,11918,2.86032,2.8956
2,6,chroma_bt709_bilinear,chroma,2,"chroma(2,full_range=False,matrix=bt709,upsample=bilinear)",max/saturated,4,0,0,0,0,"RS(155,125)",1,2.3052,"RS(255,254)",0.996078,1,11918,2.86032,2.8956
2,6,chroma_bt709_nearest,chroma,2,"chroma(2,full_range=False,matrix=bt709,upsample=nearest)",luma/mean,4,0,0,0,0,"RS(155,125)",1,2.3052,"RS(255,254)",0.996078,1,11918,2.86032,2.8956
2,6,chroma_bt709_nearest,chroma,2,"chroma(2,full_range=False,matrix=bt709,upsample=nearest)",luma/saturated,4,0,0,0,0,"RS(155,125)",1,2.3052,"RS(255,254)",0.996078,1,11918,2.86032,2.8956
2,6,chroma_bt709_nearest,chroma,2,"chroma(2,full_range=False,matrix=bt709,upsample=nearest)",max/mean,4,0,0,0,0,"RS(155,125)",1,2.3052,"RS(255,254)",0.996078,1,11918,2.86032,2.8956
2,6,chroma_bt709_nearest,chroma,2,"chroma(2,full_range=False,matrix=bt709,upsample=nearest)",max/saturated,4,0,0,0,0,"RS(155,125)",1,2.3052,"RS(255,254)",0.996078,1,11918,2.86032,2.8956
2,6,chroma_nearest,chroma,1,"chroma(1,full_range=False,matrix=bt601,upsample=nearest)",luma/mean,4,0,0,0,0,"RS(155,125)",1,2.3052,"RS(255,254)",0.996078,1,11918,2.86032,2.8956
2,6,chroma_nearest,chroma,1,"chroma(1,full_range=False,matrix=bt601,upsample=nearest)",luma/saturated,4,0,0,0,0,"RS(155,125)",1,2.3052,"RS(255,254)",0.996078,1,11918,2.86032,2.8956
2,6,chroma_nearest,chroma,1,"chroma(1,full_range=False,matrix=bt601,upsample=nearest)",max/mean,4,0,0,0,0,"RS(155,125)",1,2.3052,"RS(255,254)",0.996078,1,11918,2.86032,2.8956
2,6,chroma_nearest,chroma,1,"chroma(1,full_range=False,matrix=bt601,upsample=nearest)",max/saturated,4,0,0,0,0,"RS(155,125)",1,2.3052,"RS(255,254)",0.996078,1,11918,2.86032,2.8956
2,6,chroma_nearest,chroma,1.5,"chroma(1.5,full_range=False,matrix=bt601,upsample=nearest)",luma/mean,4,0,0,0,0,"RS(155,125)",1,2.3052,"RS(255,254)",0.996078,1,11918,2.86032,2.8956
2,6,chroma_nearest,chroma,1.5,"chroma(1.5,full_range=False,matrix=bt601,upsample=nearest)",luma/saturated,4,0,0,0,0,"RS(155,125)",1,2.3052,"RS(255,254)",0.996078,1,11918,2.86032,2.8956
2,6,chroma_nearest,chroma,1.5,"chroma(1.5,full_range=False,matrix=bt601,upsample=nearest)",max/mean,4,0,0,0,0,"RS(155,125)",1,2.3052,"RS(255,254)",0.996078,1,11918,2.86032,2.8956
2,6,chroma_nearest,chroma,1.5,"chroma(1.5,full_range=False,matrix=bt601,upsample=nearest)",max/saturated,4,0,0,0,0,"RS(155,125)",1,2.3052,"RS(255,254)",0.996078,1,11918,2.86032,2.8956
2,6,chroma_nearest,chroma,2,"chroma(2,full_range=False,matrix=bt601,upsample=nearest)",luma/mean,4,0,0,0,0,"RS(155,125)",1,2.3052,"RS(255,254)",0.996078,1,11918,2.86032,2.8956
2,6,chroma_nearest,chroma,2,"chroma(2,full_range=False,matrix=bt601,upsample=nearest)",luma/saturated,4,0,0,0,0,"RS(155,125)",1,2.3052,"RS(255,254)",0.996078,1,11918,2.86032,2.8956
2,6,chroma_nearest,chroma,2,"chroma(2,full_range=False,matrix=bt601,upsample=nearest)",max/mean,4,0,0,0,0,"RS(155,125)",1,2.3052,"RS(255,254)",0.996078,1,11918,2.86032,2.8956
2,6,chroma_nearest,chroma,2,"chroma(2,full_range=False,matrix=bt601,upsample=nearest)",max/saturated,4,0,0,0,0,"RS(155,125)",1,2.3052,"RS(255,254)",0.996078,1,11918,2.86032,2.8956
2,6,chroma_nearest,chroma,3,"chroma(3,full_range=False,matrix=bt601,upsample=nearest)",luma/mean,4,0,0.0018389,0.0018389,0.00297444,"RS(155,125)",1,2.3052,"RS(255,247)",0.968627,1,11589,2.78136,2.8956
2,6,chroma_nearest,chroma,3,"chroma(3,full_range=False,matrix=bt601,upsample=nearest)",luma/saturated,4,0,0.00045325,0.00045325,0.000733138,"RS(155,125)",1,2.3052,"RS(155,151)",0.974194,1,11607,2.78568,2.8956
2,6,chroma_nearest,chroma,3,"chroma(3,full_range=False,matrix=bt601,upsample=nearest)",max/mean,4,0,0.00182595,0.00182595,0.0029535,"RS(155,125)",1,2.3052,"RS(255,247)",0.968627,1,11589,2.78136,2.8956
2,6,chroma_nearest,chroma,3,"chroma(3,full_range=False,matrix=bt601,upsample=nearest)",max/saturated,4,0,0.00045325,0.00045325,0.000733138,"RS(155,125)",1,2.3052,"RS(155,151)",0.974194,1,11607,2.78568,2.8956
2,6,chroma_nearest,chroma,4,"chroma(4,full_range=False,matrix=bt601,upsample=nearest)",luma/mean,4,0,0.0112665,0.0112665,0.0179724,"RS(155,125)",1,2.3052,"RS(255,235)",0.921569,1,11025,2.646,2.8956
2,6,chroma_nearest,chroma,4,"chroma(4,full_range=False,matrix=bt601,upsample=nearest)",luma/saturated,4,0,0.00032375,0.00032375,0.00052367,"RS(155,125)",1,2.3052,"RS(255,251)",0.984314,1,11777,2.82648,2.8956
2,6,chroma_nearest,chroma,4,"chroma(4,full_range=False,matrix=bt601,upsample=nearest)",max/mean,4,0,0.0112536,0.0112536,0.0179514,"RS(155,125)",1,2.3052,"RS(255,235)",0.921569,1,11025,2.646,2.8956
2,6,chroma_nearest,chroma,4,"chroma(4,full_range=False,matrix=bt601,upsample=nearest)",max/saturated,4,0,0.00047915,0.00047915,0.000775031,"RS(155,125)",1,2.3052,"RS(255,251)",0.984314,1,11777,2.82648,2.8956
2,6,clean,clean,0,clean,luma/mean,4,0,0,0,0,"RS(155,125)",1,2.3052,"RS(255,254)",0.996078,1,11918,2.86032,2.8956
2,6,clean,clean,0,clean,luma/saturated,4,0,0,0,0,"RS(155,125)",1,2.3052,"RS(255,254)",0.996078,1,11918,2.86032,2.8956
2,6,clean,clean,0,clean,max/mean,4,0,0,0,0,"RS(155,125)",1,2.3052,"RS(255,254)",0.996078,1,11918,2.86032,2.8956
2,6,clean,clean,0,clean,max/saturated,4,0,0,0,0,"RS(155,125)",1,2.3052,"RS(255,254)",0.996078,1,11918,2.86032,2.8956
2,6,noise,noise,10,noise(10),luma/mean,4,0,0,0,0,"RS(155,125)",1,2.3052,"RS(255,254)",0.996078,1,11918,2.86032,2.8956
2,6,noise,noise,10,noise(10),luma/saturated,4,0,0,0,0,"RS(155,125)",1,2.3052,"RS(255,254)",0.996078,1,11918,2.86032,2.8956
2,6,noise,noise,10,noise(10),max/mean,4,0,0,0,0,"RS(155,125)",1,2.3052,"RS(255,254)",0.996078,1,11918,2.86032,2.8956
2,6,noise,noise,10,noise(10),max/saturated,4,0,0,0,0,"RS(155,125)",1,2.3052,"RS(255,254)",0.996078,1,11918,2.86032,2.8956
2,6,noise,noise,20,noise(20),luma/mean,4,0,0,0,0,"RS(155,125)",1,2.3052,"RS(255,254)",0.996078,1,11918,2.86032,2.8956
2,6,noise,noise,20,noise(20),luma/saturated,4,0,0,0,0,"RS(155,125)",1,2.3052,"RS(255,254)",0.996078,1,11918,2.86032,2.8956
2,6,noise,noise,20,noise(20),max/mean,4,0,0,0,0,"RS(155,125)",1,2.3052,"RS(255,254)",0.996078,1,11918,2.86032,2.8956
2,6,noise,noise,20,noise(20),max/saturated,4,0,0,0,0,"RS(155,125)",1,2.3052,"RS(255,254)",0.996078,1,11918,2.86032,2.8956
2,6,noise,noise,40,noise(40),luma/mean,4,0,0,0,0,"RS(155,125)",1,2.3052,"RS(255,254)",0.996078,1,11918,2.86032,2.8956
2,6,noise,noise,40,noise(40),luma/saturated,4,0,0,0,0,"RS(155,125)",1,2.3052,"RS(255,254)",0.996078,1,11918,2.86032,2.8956
2,6,noise,noise,40,noise(40),max/mean,4,0,0,0,0,"RS(155,125)",1,2.3052,"RS(255,254)",0.996078,1,11918,2.86032,2.8956
2,6,noise,noise,40,noise(40),max/saturated,4,0,0,0,0,"RS(155,125)",1,2.3052,"RS(255,254)",0.996078,1,11918,2.86032,2.8956
2,6,noise,noise,60,noise(60),luma/mean,4,0,0,0,0,"RS(155,125)",1,2.3052,"RS(255,254)",0.996078,1,11918,2.86032,2.8956
2,6,noise,noise,60,noise(60),luma/saturated,4,0,0,0,0,"RS(155,125)",1,2.3052,"RS(255,254)",0.996078,1,11918,2.86032,2.8956
2,6,noise,noise,60,noise(60),max/mean,4,0,0,0,0,"RS(155,125)",1,2.3052,"RS(255,254)",0.996078,1,11918,2.86032,2.8956
2,6,noise,noise,60,noise(60),max/saturated,4,0,0,0,0,"RS(155,125)",1,2.3052,"RS(255,254)",0.996078,1,11918,2.86032,2.8956
2,6,noise,noise,80,noise(80),luma/mean,4,1.295e-05,0,1.295e-05,2.09468e-05,"RS(155,125)",1,2.3052,"RS(255,253)",0.992157,1,11871,2.84904,2.8956
2,6,noise,noise,80,noise(80),luma/saturated,4,1.295e-05,0,1.295e-05,2.09468e-05,"RS(155,125)",1,2.3052,"RS(255,253)",0.992157,1,11871,2.84904,2.8956
2,6,noise,noise,80,noise(80),max/mean,4,0,0,0,0,"RS(155,125)",1,2.3052,"RS(255,254)",0.996078,1,11918,2.86032,2.8956
2,6,noise,noise,80,noise(80),max/saturated,4,0,0,0,0,"RS(155,125)",1,2.3052,"RS(255,254)",0.996078,1,11918,2.86032,2.8956
2,6,perspective,perspective,0.05,perspective(0.05),luma/mean,4,0,0,0,0,"RS(155,125)",1,2.3052,"RS(255,254)",0.996078,1,11918,2.86032,2.8956
2,6,perspective,perspective,0.05,perspective(0.05),luma/saturated,4,0,0,0,0,"RS(155,125)",1,2.3052,"RS(255,254)",0.996078,1,11918,2.86032,2.8956
2,6,perspective,perspective,0.05,perspective(0.05),max/mean,4,0,0,0,0,"RS(155,125)",1,2.3052,"RS(255,254)",0.996078,1,11918,2.86032,2.8956
2,6,perspective,perspective,0.05,perspective(0.05),max/saturated,4,0,0,0,0,"RS(155,125)",1,2.3052,"RS(255,254)",0.996078,1,11918,2.86032,2.8956
2,6,perspective,perspective,0.1,perspective(0.1),luma/mean,4,0,0,0,0,"RS(155,125)",1,2.3052,"RS(255,254)",0.996078,1,11918,2.86032,2.8956
2,6,perspective,perspective,0.1,perspective(0.1),luma/saturated,4,0,0,0,0,"RS(155,125)",1,2.3052,"RS(255,254)",0.996078,1,11918,2.86032,2.8956
2,6,perspective,perspective,0.1,perspective(0.1),max/mean,4,0,0,0,0,"RS(155,125)",1,2.3052,"RS(255,254)",0.996078,1,11918,2.86032,2.8956
2,6,perspective,perspective,0.1,perspective(0.1),max/saturated,4,0,0,0,0,"RS(155,125)",1,2.3052,"RS(255,254)",0.996078,1,11918,2.86032,2.8956
2,6,perspective,perspective,0.15,perspective(0.15),luma/mean,4,0,0,0,0,"RS(155,125)",1,2.3052,"RS(255,254)",0.996078,1,11918,2.86032,2.8956
2,6,perspective,perspective,0.15,perspective(0.15),luma/saturated,4,0,0,0,0,"RS(155,125)",1,2.3052,"RS(255,254)",0.996078,1,11918,2.86032,2.8956
2,6,perspective,perspective,0.15,perspective(0.15),max/mean,4,0,0,0,0,"RS(155,125)",1,2.3052,"RS(255,254)",0.996078,1,11918,2.86032,2.8956
2,6,perspective,perspective,0.15,perspective(0.15),max/saturated,4,0,0,0,0,"RS(155,125)",1,2.3052,"RS(255,254)",0.996078,1,11918,2.86032,2.8956
2,6,perspective,perspective,0.2,perspective(0.2),luma/mean,4,3.885e-05,0,3.885e-05,6.28404e-05,"RS(155,125)",1,2.3052,"RS(255,253)",0.992157,1,11871,2.84904,2.8956
2,6,perspective,perspective,0.2,perspective(0.2),luma/saturated,4,3.885e-05,0,3.885e-05,6.28404e-05,"RS(155,125)",1,2.3052,"RS(255,253)",0.992157,1,11871,2.84904,2.8956
2,6,perspective,perspective,0.2,perspective(0.2),max/mean,4,3.885e-05,0,3.885e-05,6.28404e-05,"RS(155,125)",1,2.3052,"RS(255,253)",0.992157,1,11871,2.84904,2.8956
2,6,perspective,perspective,0.2,perspective(0.2),max/saturated,4,3.885e-05,0,3.885e-05,6.28404e-05,"RS(155,125)",1,2.3052,"RS(255,253)",0.992157,1,11871,2.84904,2.8956
2,6,perspective,perspective,0.3,perspective(0.3),luma/mean,4,0.0319477,0,0.0319477,0.0518643,"RS(155,125)",0.75,1.7289,"RS(255,217)",0.85098,0.75,10179,1.83222,2.8956
2,6,perspective,perspective,0.3,perspective(0.3),luma/saturated,4,0.0319477,0,0.0319477,0.0518643,"RS(155,125)",0.75,1.7289,"RS(255,217)",0.85098,0.75,10179,1.83222,2.8956
2,6,perspective,perspective,0.3,perspective(0.3),max/mean,4,0.0319477,0,0.0319477,0.0513615,"RS(155,125)",0.5,1.1526,"RS(255,219)",0.858824,0.75,10273,1.84914,2.8956
2,6,perspective,perspective,0.3,perspective(0.3),max/saturated,4,0.0319477,0,0.0319477,0.0513615,"RS(155,125)",0.5,1.1526,"RS(255,219)",0.858824,0.75,10273,1.84914,2.8956
2,6,white_balance,white_balance,0.5,white_balance(0.5),luma/mean,4,0,0,0,0,"RS(155,125)",1,2.3052,"RS(255,254)",0.996078,1,11918,2.86032,2.8956
2,6,white_balance,white_balance,0.5,white_balance(0.5),luma/saturated,4,0,0,0,0,"RS(155,125)",1,2.3052,"RS(255,254)",0.996078,1,11918,2.86032,2.8956
2,6,white_balance,white_balance,0.5,white_balance(0.5),max/mean,4,0,0,0,0,"RS(155,125)",1,2.3052,"RS(255,254)",0.996078,1,11918,2.86032,2.8956
2,6,white_balance,white_balance,0.5,white_balance(0.5),max/saturated,4,0,0,0,0,"RS(155,125)",1,2.3052,"RS(255,254)",0.996078,1,11918,2.86032,2.8956
2,6,white_balance,white_balance,1,white_balance(1),luma/mean,4,0,0,0,0,"RS(155,125)",1,2.3052,"RS(255,254)",0.996078,1,11918,2.86032,2.8956
2,6,white_balance,white_balance,1,white_balance(1),luma/saturated,4,0,0,0,0,"RS(155,125)",1,2.3052,"RS(255,254)",0.996078,1,11918,2.86032,2.8956
2,6,white_balance,white_balance,1,white_balance(1),max/mean,4,0,0,0,0,"RS(155,125)",1,2.3052,"RS(255,254)",0.996078,1,11918,2.86032,2.8956
2,6,white_balance,white_balance,1,white_balance(1),max/saturated,4,0,0,0,0,"RS(155,125)",1,2.3052,"RS(255,254)",0.996078,1,11918,2.86032,2.8956
2,6,white_balance,white_balance,2,white_balance(2),luma/mean,4,0,0,0,0,"RS(155,125)",1,2.3052,"RS(255,254)",0.996078,1,11918,2.86032,2.8956
2,6,white_balance,white_balance,2,white_balance(2),luma/saturated,4,0,0,0,0,"RS(155,125)",1,2.3052,"RS(255,254)",0.996078,1,11918,2.86032,2.8956
2,6,white_balance,white_balance,2,white_balance(2),max/mean,4,0,0,0,0,"RS(155,125)",1,2.3052,"RS(255,254)",0.996078,1,11918,2.86032,2.8956
2,6,white_balance,white_balance,2,white_balance(2),max/saturated,4,0,0,0,0,"RS(155,125)",1,2.3052,"RS(255,254)",0.996078,1,11918,2.86032,2.8956
2,6,white_balance,white_balance,3,white_balance(3),luma/mean,4,0,0,0,0,"RS(155,125)",1,2.3052,"RS(255,254)",0.996078,1,11918,2.86032,2.8956
2,6,white_balance,white_balance,3,white_balance(3),luma/saturated,4,0,0,0,0,"RS(155,125)",1,2.3052,"RS(255,254)",0.996078,1,11918,2.86032,2.8956
2,6,white_balance,white_balance,3,white_balance(3),max/mean,4,0,0,0,0,"RS(155,125)",1,2.3052,"RS(255,254)",0.996078,1,11918,2.86032,2.8956
2,6,white_balance,white_balance,3,white_balance(3),max/saturated,4,0,0,0,0,"RS(155,125)",1,2.3052,"RS(255,254)",0.996078,1,11918,2.86032,2.8956
2,6,white_balance,white_balance,4,white_balance(4),luma/mean,4,0,0,0,0,"RS(155,125)",1,2.3052,"RS(255,254)",0.996078,1,11918,2.86032,2.8956
2,6,white_balance,white_balance,4,white_balance(4),luma/saturated,4,0,0,0,0,"RS(155,125)",1,2.3052,"RS(255,254)",0.996078,1,11918,2.86032,2.8956
2,6,white_balance,white_balance,4,white_balance(4),max/mean,4,0,0,0,0,"RS(155,125)",1,2.3052,"RS(255,254)",0.996078,1,11918,2.86032,2.8956
2,6,white_balance,white_balance,4,white_balance(4),max/saturated,4,0,0,0,0,"RS(155,125)",1,2.3052,"RS(255,254)",0.996078,1,11918,2.86032,2.8956
2,8,blur,blur,0.5,blur(0.5),luma/mean,4,0,0,0,0,"RS(155,125)",1,1.4052,"RS(155,154)",0.993548,1,7218,1.73232,1.75488
2,8,blur,blur,0.5,blur(0.5),luma/saturated,4,0,0,0,0,"RS(155,125)",1,1.4052,"RS(155,154)",0.993548,1,7218,1.73232,1.75488
2,8,blur,blur,0.5,blur(0.5),max/mean,4,0,0,0,0,"RS(155,125)",1,1.4052,"RS(155,154)",0.993548,1,7218,1.73232,1.75488
2,8,blur,blur,0.5,blur(0.5),max/saturated,4,0,0,0,0,"RS(155,125)",1,1.4052,"RS(155,154)",0.993548,1,7218,1.73232,1.75488
2,8,blur,blur,0.75,blur(0.75),luma/mean,4,0,0,0,0,"RS(155,125)",1,1.4052,"RS(155,154)",0.993548,1,7218,1.73232,1.75488
2,8,blur,blur,0.75,blur(0.75),luma/saturated,4,0,0,0,0,"RS(155,125)",1,1.4052,"RS(155,154)",0.993548,1,7218,1.73232,1.75488
2,8,blur,blur,0.75,blur(0.75),max/mean,4,0,0,0,0,"RS(155,125)",1,1.4052,"RS(155,154)",0.993548,1,7218,1.73232,1.75488
2,8,blur,blur,0.75,blur(0.75),max/saturated,4,0,0,0,0,"RS(155,125)",1,1.4052,"RS(155,154)",0.993548,1,7218,1.73232,1.75488
2,8,blur,blur,1,blur(1),luma/mean,4,0,0,0,0,"RS(155,125)",1,1.4052,"RS(155,154)",0.993548,1,7218,1.73232,1.75488
2,8,blur,blur,1,blur(1),luma/saturated,4,0,0,0,0,"RS(155,125)",1,1.4052,"RS(155,154)",0.993548,1,7218,1.73232,1.75488
2,8,blur,blur,1,blur(1),max/mean,4,0,0,0,0,"RS(155,125)",1,1.4052,"RS(155,154)",0.993548,1,7218,1.73232,1.75488
2,8,blur,blur,1,blur(1),max/saturated,4,0,0,0,0,"RS(155,125)",1,1.4052,"RS(155,154)",0.993548,1,7218,1.73232,1.75488
2,8,blur,blur,1.25,blur(1.25),luma/mean,4,0,0,0,0,"RS(155,125)",1,1.4052,"RS(155,154)",0.993548,1,7218,1.73232,1.75488
2,8,blur,blur,1.25,blur(1.25),luma/saturated,4,0,0,0,0,"RS(155,125)",1,1.4052,"RS(155,154)",0.993548,1,7218,1.73232,1.75488
2,8,blur,blur,1.25,blur(1.25),max/mean,4,0,0,0,0,"RS(155,125)",1,1.4052,"RS(155,154)",0.993548,1,7218,1.73232,1.75488
2,8,blur,blur,1.25,blur(1.25),max/saturated,4,0,0,0,0,"RS(155,125)",1,1.4052,"RS(155,154)",0.993548,1,7218,1.73232,1.75488
2,8,blur,blur,1.5,blur(1.5),luma/mean,4,0.0261966,0,0.0261966,0.043617,"RS(155,125)",1,1.4052,"RS(255,217)",0.85098,1,6056,1.45344,1.75488
2,8,blur,blur,1.5,blur(1.5),luma/saturated,4,0.0261966,0,0.0261966,0.043617,"RS(155,125)",1,1.4052,"RS(255,217)",0.85098,1,6056,1.45344,1.75488
2,8,blur,blur,1.5,blur(1.5),max/mean,4,0.0715598,0,0.0715598,0.113315,"RS(155,125)",0,0,"RS(155,105)",0.677419,1,4915,1.1796,1.75488
2,8,blur,blur,1.5,blur(1.5),max/saturated,4,0.0715598,0,0.0715598,0.113315,"RS(155,125)",0,0,"RS(155,105)",0.677419,1,4915,1.1796,1.75488
2,8,blur,blur,2,blur(2),luma/mean,4,0.20953,0,0.20953,0.355182,"RS(155,125)",0,0,"RS(255,43)",0.168627,1,1184,0.28416,1.75488
2,8,blur,blur,2,blur(2),luma/saturated,4,0.20953,0,0.20953,0.355182,"RS(155,125)",0,0,"RS(255,43)",0.168627,1,1184,0.28416,1.75488
2,8,blur,blur,2,blur(2),max/mean,4,0.329295,0,0.329295,0.519012,"RS(155,125)",0,0,"RS(255,254)",0.996078,0,7092,0,1.75488
2,8,blur,blur,2,blur(2),max/saturated,4,0.329295,0,0.329295,0.519012,"RS(155,125)",0,0,"RS(255,254)",0.996078,0,7092,0,1.75488
2,8,chroma_bilinear,chroma,1,"chroma(1,full_range=False,matrix=bt601,upsample=bilinear)",luma/mean,4,0,0,0,0,"RS(155,125)",1,1.4052,"RS(155,154)",0.993548,1,7218,1.73232,1.75488
2,8,chroma_bilinear,chroma,1,"chroma(1,full_range=False,matrix=bt601,upsample=bilinear)",luma/saturated,4,0,0,0,0,"RS(155,125)",1,1.4052,"RS(155,154)",0.993548,1,7218,1.73232,1.75488
2,8,chroma_bilinear,chroma,1,"chroma(1,full_range=False,matrix=bt601,upsample=bilinear)",max/mean,4,0,0,0,0,"RS(155,125)",1,1.4052,"RS(155,154)",0.993548,1,7218,1.73232,1.75488
2,8,chroma_bilinear,chroma,1,"chroma(1,full_range=False,matrix=bt601,upsample=bilinear)",max/saturated,4,0,0,0,0,"RS(155,125)",1,1.4052,"RS(155,154)",0.993548,1,7218,1.73232,1.75488
2,8,chroma_bilinear,chroma,1.5,"chroma(1.5,full_range=False,matrix=bt601,upsample=bilinear)",luma/mean,4,0,0,0,0,"RS(155,125)",1,1.4052,"RS(155,154)",0.993548,1,7218,1.73232,1.75488
2,8,chroma_bilinear,chroma,1.5,"chroma(1.5,full_range=False,matrix=bt601,upsample=bilinear)",luma/saturated,4,0,0,0,0,"RS(155,125)",1,1.4052,"RS(155,154)",0.993548,1,7218,1.73232,1.75488
2,8,chroma_bilinear,chroma,1.5,"chroma(1.5,full_range=False,matrix=bt601,upsample=bilinear)",max/mean,4,0,0,0,0,"RS(155,125)",1,1.4052,"RS(155,154)",0.993548,1,7218,1.73232,1.75488
2,8,chroma_bilinear,chroma,1.5,"chroma(1.5,full_range=False,matrix=bt601,upsample=bilinear)",max/saturated,4,0,0,0,0,"RS(155,125)",1,1.4052,"RS(155,154)",0.993548,1,7218,1.73232,1.75488
2,8,chroma_bilinear,chroma,2,"chroma(2,full_range=False,matrix=bt601,upsample=bilinear)",luma/mean,4,0,0,0,0,"RS(155,125)",1,1.4052,"RS(155,154)",0.993548,1,7218,1.73232,1.75488
2,8,chroma_bilinear,chroma,2,"chroma(2,full_range=False,matrix=bt601,upsample=bilinear)",luma/saturated,4,0,0,0,0,"RS(155,125)",1,1.4052,"RS(155,154)",0.993548,1,7218,1.73232,1.75488
2,8,chroma_bilinear,chroma,2,"chroma(2,full_range=False,matrix=bt601,upsample=bilinear)",max/mean,4,0,0,0,0,"RS(155,125)",1,1.4052,"RS(155,154)",0.993548,1,7218,1.73232,1.75488
2,8,chroma_bilinear,chroma,2,"chroma(2,full_range=False,matrix=bt601,upsample=bilinear)",max/saturated,4,0,0,0,0,"RS(155,125)",1,1.4052,"RS(155,154)",0.993548,1,7218,1.73232,1.75488
2,8,chroma_bilinear,chroma,3,"chroma(3,full_range=False,matrix=bt601,upsample=bilinear)",luma/mean,4,0,0,0,0,"RS(155,125)",1,1.4052,"RS(155,154)",0.993548,1,7218,1.73232,1.75488
2,8,chroma_bilinear,chroma,3,"chroma(3,full_range=False,matrix=bt601,upsample=bilinear)",luma/saturated,4,0,0,0,0,"RS(155,125)",1,1.4052,"RS(155,154)",0.993548,1,7218,1.73232,1.75488
2,8,chroma_bilinear,chroma,3,"chroma(3,full_range=False,matrix=bt601,upsample=bilinear)",max/mean,4,0,0,0,0,"RS(155,125)",1,1.4052,"RS(155,154)",0.993548,1,7218,1.73232,1.75488
2,8,chroma_bilinear,chroma,3,"chroma(3,full_range=False,matrix=bt601,upsample=bilinear)",max/saturated,4,0,0,0,0,"RS(155,125)",1,1.4052,"RS(155,154)",0.993548,1,7218,1.73232,1.75488
2,8,chroma_bilinear,chroma,4,"chroma(4,full_range=False,matrix=bt601,upsample=bilinear)",luma/mean,4,0,0.000769231,0.000769231,0.00123542,"RS(155,125)",1,1.4052,"RS(155,151)",0.974194,1,7077,1.69848,1.75488
2,8,chroma_bilinear,chroma,4,"chroma(4,full_range=False,matrix=bt601,upsample=bilinear)",luma/saturated,4,0,0,0,0,"RS(155,125)",1,1.4052,"RS(155,154)",0.993548,1,7218,1.73232,1.75488
2,8,chroma_bilinear,chroma,4,"chroma(4,full_range=False,matrix=bt601,upsample=bilinear)",max/mean,4,0,0.000769231,0.000769231,0.00123542,"RS(155,125)",1,1.4052,"RS(155,151)",0.974194,1,7077,1.69848,1.75488
2,8,chroma_bilinear,chroma,4,"chroma(4,full_range=False,matrix=bt601,upsample=bilinear)",max/saturated,4,0,0,0,0,"RS(155,125)",1,1.4052,"RS(155,154)",0.993548,1,7218,1.73232,1.75488
2,8,chroma_bt709_bilinear,chroma,2,"chroma(2,full_range=False,matrix=bt709,upsample=bilinear)",luma/mean,4,0,0,0,0,"RS(155,125)",1,1.4052,"RS(155,154)",0.993548,1,7218,1.73232,1.75488
2,8,chroma_bt709_bilinear,chroma,2,"chroma(2,full_range=False,matrix=bt709,upsample=bilinear)",luma/saturated,4,0,0,0,0,"RS(155,125)",1,1.4052,"RS(155,154)",0.993548,1,7218,1.73232,1.75488
2,8,chroma_bt709_bilinear,chroma,2,"chroma(2,full_range=False,matrix=bt709,upsample=bilinear)",max/mean,4,0,0,0,0,"RS(155,125)",1,1.4052,"RS(155,154)",0.993548,1,7218,1.73232,1.75488
2,8,chroma_bt709_bilinear,chroma,2,"chroma(2,full_range=False,matrix=bt709,upsample=bilinear)",max/saturated,4,0,0,0,0,"RS(155,125)",1,1.4052,"RS(155,154)",0.993548,1,7218,1.73232,1.75488
2,8,chroma_bt709_nearest,chroma,2,"chroma(2,full_range=False,matrix=bt709,upsample=nearest)",luma/mean,4,0,0,0,0,"RS(155,125)",1,1.4052,"RS(155,154)",0.993548,1,7218,1.73232,1.75488
2,8,chroma_bt709_nearest,chroma,2,"chroma(2,full_range=False,matrix=bt709,upsample=nearest)",luma/saturated,4,0,0,0,0,"RS(155,125)",1,1.4052,"RS(155,154)",0.993548,1,7218,1.73232,1.75488
2,8,chroma_bt709_nearest,chroma,2,"chroma(2,full_range=False,matrix=bt709,upsample=nearest)",max/mean,4,0,0,0,0,"RS(155,125)",1,1.4052,"RS(155,154)",0.993548,1,7218,1.73232,1.75488
2,8,chroma_bt709_nearest,chroma,2,"chroma(2,full_range=False,matrix=bt709,upsample=nearest)",max/saturated,4,0,0,0,0,"RS(155,125)",1,1.4052,"RS(155,154)",0.993548,1,7218,1.73232,1.75488
2,8,chroma_nearest,chroma,1,"chroma(1,full_range=False,matrix=bt601,upsample=nearest)",luma/mean,4,0,0,0,0,"RS(155,125)",1,1.4052,"RS(155,154)",0.993548,1,7218,1.73232,1.75488
2,8,chroma_nearest,chroma,1,"chroma(1,full_range=False,matrix=bt601,upsample=nearest)",luma/saturated,4,0,0,0,0,"RS(155,125)",1,1.4052,"RS(155,154)",0.993548,1,7218,1.73232,1.75488
2,8,chroma_nearest,chroma,1,"chroma(1,full_range=False,matrix=bt601,upsample=nearest)",max/mean,4,0,0,0,0,"RS(155,125)",1,1.4052,"RS(155,154)",0.993548,1,7218,1.73232,1.75488
2,8,chroma_nearest,chroma,1,"chroma(1,full_range=False,matrix=bt601,upsample=nearest)",max/saturated,4,0,0,0,0,"RS(155,125)",1,1.4052,"RS(155,154)",0.993548,1,7218,1.73232,1.75488
2,8,chroma_nearest,chroma,1.5,"chroma(1.5,full_range=False,matrix=bt601,upsample=nearest)",luma/mean,4,0,0,0,0,"RS(155,125)",1,1.4052,"RS(155,154)",0.993548,1,7218,1.73232,1.75488
2,8,chroma_nearest,chroma,1.5,"chroma(1.5,full_range=False,matrix=bt601,upsample=nearest)",luma/saturated,4,0,0,0,0,"RS(155,125)",1,1.4052,"RS(155,154)",0.993548,1,7218,1.73232,1.75488
2,8,chroma_nearest,chroma,1.5,"chroma(1.5,full_range=False,matrix=bt601,upsample=nearest)",max/mean,4,0,0,0,0,"RS(155,125)",1,1.4052,"RS(155,154)",0.993548,1,7218,1.73232,1.75488
2,8,chroma_nearest,chroma,1.5,"chroma(1.5,full_range=False,matrix=bt601,upsample=nearest)",max/saturated,4,0,0,0,0,"RS(155,125)",1,1.4052,"RS(155,154)",0.993548,1,7218,1.73232,1.75488
2,8,chroma_nearest,chroma,2,"chroma(2,full_range=False,matrix=bt601,upsample=nearest)",luma/mean,4,0,0,0,0,"RS(155,125)",1,1.4052,"RS(155,154)",0.993548,1,7218,1.73232,1.75488
2,8,chroma_nearest,chroma,2,"chroma(2,full_range=False,matrix=bt601,upsample=nearest)",luma/saturated,4,0,0,0,0,"RS(155,125)",1,1.4052,"RS(155,154)",0.993548,1,7218,1.73232,1.75488
2,8,chroma_nearest,chroma,2,"chroma(2,full_range=False,matrix=bt601,upsample=nearest)",max/mean,4,0,0,0,0,"RS(155,125)",1,1.4052,"RS(155,154)",0.993548,1,7218,1.73232,1.75488
2,8,chroma_nearest,chroma,2,"chroma(2,full_range=False,matrix=bt601,upsample=nearest)",max/saturated,4,0,0,0,0,"RS(155,125)",1,1.4052,"RS(155,154)",0.993548,1,7218,1.73232,1.75488
2,8,chroma_nearest,chroma,3,"chroma(3,full_range=False,matrix=bt601,upsample=nearest)",luma/mean,4,0,0,0,0,"RS(155,125)",1,1.4052,"RS(155,154)",0.993548,1,7218,1.73232,1.75488
2,8,chroma_nearest,chroma,3,"chroma(3,full_range=False,matrix=bt601,upsample=nearest)",luma/saturated,4,0,0,0,0,"RS(155,125)",1,1.4052,"RS(155,154)",0.993548,1,7218,1.73232,1.75488
2,8,chroma_nearest,chroma,3,"chroma(3,full_range=False,matrix=bt601,upsample=nearest)",max/mean,4,0,0,0,0,"RS(155,125)",1,1.4052,"RS(155,154)",0.993548,1,7218,1.73232,1.75488
2,8,chroma_nearest,chroma,3,"chroma(3,full_range=False,matrix=bt601,upsample=nearest)",max/saturated,4,0,0,0,0,"RS(155,125)",1,1.4052,"RS(155,154)",0.993548,1,7218,1.73232,1.75488
2,8,chroma_nearest,chroma,4,"chroma(4,full_range=False,matrix=bt601,upsample=nearest)",luma/mean,4,0,0.000641026,0.000641026,0.00102951,"RS(155,125)",1,1.4052,"RS(155,151)",0.974194,1,7077,1.69848,1.75488
2,8,chroma_nearest,chroma,4,"chroma(4,full_range=False,matrix=bt601,upsample=nearest)",luma/saturated,4,0,4.2735e-05,4.2735e-05,6.86342e-05,"RS(155,125)",1,1.4052,"RS(155,153)",0.987097,1,7171,1.72104,1.75488
2,8,chroma_nearest,chroma,4,"chroma(4,full_range=False,matrix=bt601,upsample=nearest)",max/mean,4,0,0.000641026,0.000641026,0.00102951,"RS(155,125)",1,1.4052,"RS(155,151)",0.974194,1,7077,1.69848,1.75488
2,8,chroma_nearest,chroma,4,"chroma(4,full_range=False,matrix=bt601,upsample=nearest)",max/saturated,4,0,6.41026e-05,6.41026e-05,0.000102951,"RS(155,125)",1,1.4052,"RS(155,153)",0.987097,1,7171,1.72104,1.75488
2,8,clean,clean,0,clean,luma/mean,4,0,0,0,0,"RS(155,125)",1,1.4052,"RS(155,154)",0.993548,1,7218,1.73232,1.75488
2,8,clean,clean,0,clean,luma/saturated,4,0,0,0,0,"RS(155,125)",1,1.4052,"RS(155,154)",0.993548,1,7218,1.73232,1.75488
2,8,clean,clean,0,clean,max/mean,4,0,0,0,0,"RS(155,125)",1,1.4052,"RS(155,154)",0.993548,1,7218,1.73232,1.75488
2,8,clean,clean,0,clean,max/saturated,4,0,0,0,0,"RS(155,125)",1,1.4052,"RS(155,154)",0.993548,1,7218,1.73232,1.75488
2,8,noise,noise,10,noise(10),luma/mean,4,0,0,0,0,"RS(155,125)",1,1.4052,"RS(155,154)",0.993548,1,7218,1.73232,1.75488
2,8,noise,noise,10,noise(10),luma/saturated,4,0,0,0,0,"RS(155,125)",1,1.4052,"RS(155,154)",0.993548,1,7218,1.73232,1.75488
2,8,noise,noise,10,noise(10),max/mean,4,0,0,0,0,"RS(155,125)",1,1.4052,"RS(155,154)",0.993548,1,7218,1.73232,1.75488
2,8,noise,noise,10,noise(10),max/saturated,4,0,0,0,0,"RS(155,125)",1,1.4052,"RS(155,154)",0.993548,1,7218,1.73232,1.75488
2,8,noise,noise,20,noise(20),luma/mean,4,0,0,0,0,"RS(155,125)",1,1.4052,"RS(155,154)",0.993548,1,7218,1.73232,1.75488
2,8,noise,noise,20,noise(20),luma/saturated,4,0,0,0,0,"RS(155,125)",1,1.4052,"RS(155,154)",0.993548,1,7218,1.73232,1.75488
2,8,noise,noise,20,noise(20),max/mean,4,0,0,0,0,"RS(155,125)",1,1.4052,"RS(155,154)",0.993548,1,7218,1.73232,1.75488
2,8,noise,noise,20,noise(20),max/saturated,4,0,0,0,0,"RS(155,125)",1,1.4052,"RS(155,154)",0.993548,1,7218,1.73232,1.75488
2,8,noise,noise,40,noise(40),luma/mean,4,0,0,0,0,"RS(155,125)",1,1.4052,"RS(155,154)",0.993548,1,7218,1.73232,1.75488
2,8,noise,noise,40,noise(40),luma/saturated,4,0,0,0,0,"RS(155,125)",1,1.4052,"RS(155,154)",0.993548,1,7218,1.73232,1.75488
2,8,noise,noise,40,noise(40),max/mean,4,0,0,0,0,"RS(155,125)",1,1.4052,"RS(155,154)",0.993548,1,7218,1.73232,1.75488
2,8,noise,noise,40,noise(40),max/saturated,4,0,0,0,0,"RS(155,125)",1,1.4052,"RS(155,154)",0.993548,1,7218,1.73232,1.75488
2,8,noise,noise,60,noise(60),luma/mean,4,0,0,0,0,"RS(155,125)",1,1.4052,"RS(155,154)",0.993548,1,7218,1.73232,1.75488
2,8,noise,noise,60,noise(60),luma/saturated,4,0,0,0,0,"RS(155,125)",1,1.4052,"RS(155,154)",0.993548,1,7218,1.73232,1.75488
2,8,noise,noise,60,noise(60),max/mean,4,0,0,0,0,"RS(155,125)",1,1.4052,"RS(155,154)",0.993548,1,7218,1.73232,1.75488
2,8,noise,noise,60,noise(60),max/saturated,4,0,0,0,0,"RS(155,125)",1,1.4052,"RS(155,154)",0.993548,1,7218,1.73232,1.75488
2,8,noise,noise,80,noise(80),luma/mean,4,0,0,0,0,"RS(155,125)",1,1.4052,"RS(155,154)",0.993548,1,7218,1.73232,1.75488
2,8,noise,noise,80,noise(80),luma/saturated,4,0,0,0,0,"RS(155,125)",1,1.4052,"RS(155,154)",0.993548,1,7218,1.73232,1.75488
2,8,noise,noise,80,noise(80),max/mean,4,0,0,0,0,"RS(155,125)",1,1.4052,"RS(155,154)",0.993548,1,7218,1.73232,1.75488
2,8,noise,noise,80,noise(80),max/saturated,4,0,0,0,0,"RS(155,125)",1,1.4052,"RS(155,154)",0.993548,1,7218,1.73232,1.75488
2,8,perspective,perspective,0.05,perspective(0.05),luma/mean,4,0,0,0,0,"RS(155,125)",1,1.4052,"RS(155,154)",0.993548,1,7218,1.73232,1.75488
2,8,perspective,perspective,0.05,perspective(0.05),luma/saturated,4,0,0,0,0,"RS(155,125)",1,1.4052,"RS(155,154)",0.993548,1,7218,1.73232,1.75488
2,8,perspective,perspective,0.05,perspective(0.05),max/mean,4,0,0,0,0,"RS(155,125)",1,1.4052,"RS(155,154)",0.993548,1,7218,1.73232,1.75488
2,8,perspective,perspective,0.05,perspective(0.05),max/saturated,4,0,0,0,0,"RS(155,125)",1,1.4052,"RS(155,154)",0.993548,1,7218,1.73232,1.75488
2,8,perspective,perspective,0.1,perspective(0.1),luma/mean,4,0,0,0,0,"RS(155,125)",1,1.4052,"RS(155,154)",0.993548,1,7218,1.73232,1.75488
2,8,perspective,perspective,0.1,perspective(0.1),luma/saturated,4,0,0,0,0,"RS(155,125)",1,1.4052,"RS(155,154)",0.993548,1,7218,1.73232,1.75488
2,8,perspective,perspective,0.1,perspective(0.1),max/mean,4,0,0,0,0,"RS(155,125)",1,1.4052,"RS(155,154)",0.993548,1,7218,1.73232,1.75488
2,8,perspective,perspective,0.1,perspective(0.1),max/saturated,4,0,0,0,0,"RS(155,125)",1,1.4052,"RS(155,154)",0.993548,1,7218,1.73232,1.75488
2,8,perspective,perspective,0.15,perspective(0.15),luma/mean,4,0,0,0,0,"RS(155,125)",1,1.4052,"RS(155,154)",0.993548,1,7218,1.73232,1.75488
2,8,perspective,perspective,0.15,perspective(0.15),luma/saturated,4,0,0,0,0,"RS(155,125)",1,1.4052,"RS(155,154)",0.993548,1,7218,1.73232,1.75488
2,8,perspective,perspective,0.15,perspective(0.15),max/mean,4,0,0,0,0,"RS(155,125)",1,1.4052,"RS(155,154)",0.993548,1,7218,1.73232,1.75488
2,8,perspective,perspective,0.15,perspective(0.15),max/saturated,4,0,0,0,0,"RS(155,125)",1,1.4052,"RS(155,154)",0.993548,1,7218,1.73232,1.75488
2,8,perspective,perspective,0.2,perspective(0.2),luma/mean,4,0,0,0,0,"RS(155,125)",1,1.4052,"RS(155,154)",0.993548,1,7218,1.73232,1.75488
2,8,perspective,perspective,0.2,perspective(0.2),luma/saturated,4,0,0,0,0,"RS(155,125)",1,1.4052,"RS(155,154)",0.993548,1,7218,1.73232,1.75488
2,8,perspective,perspective,0.2,perspective(0.2),max/mean,4,0,0,0,0,"RS(155,125)",1,1.4052,"RS(155,154)",0.993548,1,7218,1.73232,1.75488
2,8,perspective,perspective,0.2,perspective(0.2),max/saturated,4,0,0,0,0,"RS(155,125)",1,1.4052,"RS(155,154)",0.993548,1,7218,1.73232,1.75488
2,8,perspective,perspective,0.3,perspective(0.3),luma/mean,4,0.00944444,0,0.00944444,0.0164722,"RS(155,125)",0.75,1.0539,"RS(255,209)",0.819608,1,5832,1.39968,1.75488
2,8,perspective,perspective,0.3,perspective(0.3),luma/saturated,4,0.00944444,0,0.00944444,0.0164722,"RS(155,125)",0.75,1.0539,"RS(255,209)",0.819608,1,5832,1.39968,1.75488
2,8,perspective,perspective,0.3,perspective(0.3),max/mean,4,0.00957265,0,0.00957265,0.016884,"RS(155,125)",0.75,1.0539,"RS(255,209)",0.819608,1,5832,1.39968,1.75488
2,8,perspective,perspective,0.3,perspective(0.3),max/saturated,4,0.00957265,0,0.00957265,0.016884,"RS(155,125)",0.75,1.0539,"RS(255,209)",0.819608,1,5832,1.39968,1.75488
2,8,white_balance,white_balance,0.5,white_balance(0.5),luma/mean,4,0,0,0,0,"RS(155,125)",1,1.4052,"RS(155,154)",0.993548,1,7218,1.73232,1.75488
2,8,white_balance,white_balance,0.5,white_balance(0.5),luma/saturated,4,0,0,0,0,"RS(155,125)",1,1.4052,"RS(155,154)",0.993548,1,7218,1.73232,1.75488
2,8,white_balance,white_balance,0.5,white_balance(0.5),max/mean,4,0,0,0,0,"RS(155,125)",1,1.4052,"RS(155,154)",0.993548,1,7218,1.73232,1.75488
2,8,white_balance,white_balance,0.5,white_balance(0.5),max/saturated,4,0,0,0,0,"RS(155,125)",1,1.4052,"RS(155,154)",0.993548,1,7218,1.73232,1.75488
2,8,white_balance,white_balance,1,white_balance(1),luma/mean,4,0,0,0,0,"RS(155,125)",1,1.4052,"RS(155,154)",0.993548,1,7218,1.73232,1.75488
2,8,white_balance,white_balance,1,white_balance(1),luma/saturated,4,0,0,0,0,"RS(155,125)",1,1.4052,"RS(155,154)",0.993548,1,7218,1.73232,1.75488
2,8,white_balance,white_balance,1,white_balance(1),max/mean,4,0,0,0,0,"RS(155,125)",1,1.4052,"RS(155,154)",0.993548,1,7218,1.73232,1.75488
2,8,white_balance,white_balance,1,white_balance(1),max/saturated,4,0,0,0,0,"RS(155,125)",1,1.4052,"RS(155,154)",0.993548,1,7218,1.73232,1.75488
2,8,white_balance,white_balance,2,white_balance(2),luma/mean,4,0,0,0,0,"RS(155,125)",1,1.4052,"RS(155,154)",0.993548,1,7218,1.73232,1.75488
2,8,white_balance,white_balance,2,white_balance(2),luma/saturated,4,0,0,0,0,"RS(155,125)",1,1.4052,"RS(155,154)",0.993548,1,7218,1.73232,1.75488
2,8,white_balance,white_balance,2,white_balance(2),max/mean,4,0,0,0,0,"RS(155,125)",1,1.4052,"RS(155,154)",0.993548,1,7218,1.73232,1.75488
2,8,white_balance,white_balance,2,white_balance(2),max/saturated,4,0,0,0,0,"RS(155,125)",1,1.4052,"RS(155,154)",0.993548,1,7218,1.73232,1.75488
2,8,white_balance,white_balance,3,white_balance(3),luma/mean,4,0,0,0,0,"RS(155,125)",1,1.4052,"RS(155,154)",0.993548,1,7218,1.73232,1.75488
2,8,white_balance,white_balance,3,white_balance(3),luma/saturated,4,0,0,0,0,"RS(155,125)",1,1.4052,"RS(155,154)",0.993548,1,7218,1.73232,1.75488
2,8,white_balance,white_balance,3,white_balance(3),max/mean,4,0,0,0,0,"RS(155,125)",1,1.4052,"RS(155,154)",0.993548,1,7218,1.73232,1.75488
2,8,white_balance,white_balance,3,white_balance(3),max/saturated,4,0,0,0,0,"RS(155,125)",1,1.4052,"RS(155,154)",0.993548,1,7218,1.73232,1.75488
2,8,white_balance,white_balance,4,white_balance(4),luma/mean,4,0,0,0,0,"RS(155,125)",1,1.4052,"RS(155,154)",0.993548,1,7218,1.73232,1.75488
2,8,white_balance,white_balance,4,white_balance(4),luma/saturated,4,0,0,0,0,"RS(155,125)",1,1.4052,"RS(155,154)",0.993548,1,7218,1.73232,1.75488
2,8,white_balance,white_balance,4,white_balance(4),max/mean,4,0,0,0,0,"RS(155,125)",1,1.4052,"RS(155,154)",0.993548,1,7218,1.73232,1.75488
2,8,white_balance,white_balance,4,white_balance(4),max/saturated,4,0,0,0,0,"RS(155,125)",1,1.4052,"RS(155,154)",0.993548,1,7218,1.73232,1.75488
2,10,blur,blur,0.5,blur(0.5),luma/mean,4,0,0,0,0,"RS(155,125)",1,0.9252,"RS(255,254)",0.996078,1,4806,1.15344,1.17648
2,10,blur,blur,0.5,blur(0.5),luma/saturated,4,0,0,0,0,"RS(155,125)",1,0.9252,"RS(255,254)",0.996078,1,4806,1.15344,1.17648
2,10,blur,blur,0.5,blur(0.5),max/mean,4,0,0,0,0,"RS(155,125)",1,0.9252,"RS(255,254)",0.996078,1,4806,1.15344,1.17648
2,10,blur,blur,0.5,blur(0.5),max/saturated,4,0,0,0,0,"RS(155,125)",1,0.9252,"RS(255,254)",0.996078,1,4806,1.15344,1.17648
2,10,blur,blur,0.75,blur(0.75),luma/mean,4,0,0,0,0,"RS(155,125)",1,0.9252,"RS(255,254)",0.996078,1,4806,1.15344,1.17648
2,10,blur,blur,0.75,blur(0.75),luma/saturated,4,0,0,0,0,"RS(155,125)",1,0.9252,"RS(255,254)",0.996078,1,4806,1.15344,1.17648
2,10,blur,blur,0.75,blur(0.75),max/mean,4,0,0,0,0,"RS(155,125)",1,0.9252,"RS(255,254)",0.996078,1,4806,1.15344,1.17648
2,10,blur,blur,0.75,blur(0.75),max/saturated,4,0,0,0,0,"RS(155,125)",1,0.9252,"RS(255,254)",0.996078,1,4806,1.15344,1.17648
2,10,blur,blur,1,blur(1),luma/mean,4,0,0,0,0,"RS(155,125)",1,0.9252,"RS(255,254)",0.996078,1,4806,1.15344,1.17648
2,10,blur,blur,1,blur(1),luma/saturated,4,0,0,0,0,"RS(155,125)",1,0.9252,"RS(255,254)",0.996078,1,4806,1.15344,1.17648
2,10,blur,blur,1,blur(1),max/mean,4,0,0,0,0,"RS(155,125)",1,0.9252,"RS(255,254)",0.996078,1,4806,1.15344,1.17648
2,10,blur,blur,1,blur(1),max/saturated,4,0,0,0,0,"RS(155,125)",1,0.9252,"RS(255,254)",0.996078,1,4806,1.15344,1.17648
2,10,blur,blur,1.25,blur(1.25),luma/mean,4,0,0,0,0,"RS(155,125)",1,0.9252,"RS(255,254)",0.996078,1,4806,1.15344,1.17648
2,10,blur,blur,1.25,blur(1.25),luma/saturated,4,0,0,0,0,"RS(155,125)",1,0.9252,"RS(255,254)",0.996078,1,4806,1.15344,1.17648
2,10,blur,blur,1.25,blur(1.25),max/mean,4,0,0,0,0,"RS(155,125)",1,0.9252,"RS(255,254)",0.996078,1,4806,1.15344,1.17648
2,10,blur,blur,1.25,blur(1.25),max/saturated,4,0,0,0,0,"RS(155,125)",1,0.9252,"RS(255,254)",0.996078,1,4806,1.15344,1.17648
2,10,blur,blur,1.5,blur(1.5),luma/mean,4,9.56145e-05,0,9.56145e-05,0.000260146,"RS(155,125)",1,0.9252,"RS(255,253)",0.992157,1,4787,1.14888,1.17648
2,10,blur,blur,1.5,blur(1.5),luma/saturated,4,9.56145e-05,0,9.56145e-05,0.000260146,"RS(155,125)",1,0.9252,"RS(255,253)",0.992157,1,4787,1.14888,1.17648
2,10,blur,blur,1.5,blur(1.5),max/mean,4,0.000892402,0,0.000892402,0.00176899,"RS(155,125)",1,0.9252,"RS(255,251)",0.984314,1,4749,1.13976,1.17648
2,10,blur,blur,1.5,blur(1.5),max/saturated,4,0.000892402,0,0.000892402,0.00176899,"RS(155,125)",1,0.9252,"RS(255,251)",0.984314,1,4749,1.13976,1.17648
2,10,blur,blur,2,blur(2),luma/mean,4,0.106451,0,0.106451,0.201925,"RS(155,125)",0,0,"RS(255,111)",0.435294,1,2089,0.50136,1.17648
2,10,blur,blur,2,blur(2),luma/saturated,4,0.106451,0,0.106451,0.201925,"RS(155,125)",0,0,"RS(255,111)",0.435294,1,2089,0.50136,1.17648
2,10,blur,blur,2,blur(2),max/mean,4,0.183707,0,0.183707,0.330957,"RS(155,125)",0,0,"RS(255,57)",0.223529,1,1063,0.25512,1.17648
2,10,blur,blur,2,blur(2),max/saturated,4,0.183707,0,0.183707,0.330957,"RS(155,125)",0,0,"RS(255,57)",0.223529,1,1063,0.25512,1.17648
2,10,chroma_bilinear,chroma,1,"chroma(1,full_range=False,matrix=bt601,upsample=bilinear)",luma/mean,4,0,0,0,0,"RS(155,125)",1,0.9252,"RS(255,254)",0.996078,1,4806,1.15344,1.17648
2,10,chroma_bilinear,chroma,1,"chroma(1,full_range=False,matrix=bt601,upsample=bilinear)",luma/saturated,4,0,0,0,0,"RS(155,125)",1,0.9252,"RS(255,254)",0.996078,1,4806,1.15344,1.17648
2,10,chroma_bilinear,chroma,1,"chroma(1,full_range=False,matrix=bt601,upsample=bilinear)",max/mean,4,0,0,0,0,"RS(155,125)",1,0.9252,"RS(255,254)",0.996078,1,4806,1.15344,1.17648
2,10,chroma_bilinear,chroma,1,"chroma(1,full_range=False,matrix=bt601,upsample=bilinear)",max/saturated,4,0,0,0,0,"RS(155,125)",1,0.9252,"RS(255,254)",0.996078,1,4806,1.15344,1.17648
2,10,chroma_bilinear,chroma,1.5,"chroma(1.5,full_range=False,matrix=bt601,upsample=bilinear)",luma/mean,4,0,0,0,0,"RS(155,125)",1,0.9252,"RS(255,254)",0.996078,1,4806,1.15344,1.17648
2,10,chroma_bilinear,chroma,1.5,"chroma(1.5,full_range=False,matrix=bt601,upsample=bilinear)",luma/saturated,4,0,0,0,0,"RS(155,125)",1,0.9252,"RS(255,254)",0.996078,1,4806,1.15344,1.17648
2,10,chroma_bilinear,chroma,1.5,"chroma(1.5,full_range=False,matrix=bt601,upsample=bilinear)",max/mean,4,0,0,0,0,"RS(155,125)",1,0.9252,"RS(255,254)",0.996078,1,4806,1.15344,1.17648
2,10,chroma_bilinear,chroma,1.5,"chroma(1.5,full_range=False,matrix=bt601,upsample=bilinear)",max/saturated,4,0,0,0,0,"RS(155,125)",1,0.9252,"RS(255,254)",0.996078,1,4806,1.15344,1.17648
2,10,chroma_bilinear,chroma,2,"chroma(2,full_range=False,matrix=bt601,upsample=bilinear)",luma/mean,4,0,0,0,0,"RS(155,125)",1,0.9252,"RS(255,254)",0.996078,1,4806,1.15344,1.17648
2,10,chroma_bilinear,chroma,2,"chroma(2,full_range=False,matrix=bt601,upsample=bilinear)",luma/saturated,4,0,0,0,0,"RS(155,125)",1,0.9252,"RS(255,254)",0.996078,1,4806,1.15344,1.17648
2,10,chroma_bilinear,chroma,2,"chroma(2,full_range=False,matrix=bt601,upsample=bilinear)",max/mean,4,0,0,0,0,"RS(155,125)",1,0.9252,"RS(255,254)",0.996078,1,4806,1.15344,1.17648
2,10,chroma_bilinear,chroma,2,"chroma(2,full_range=False,matrix=bt601,upsample=bilinear)",max/saturated,4,0,0,0,0,"RS(155,125)",1,0.9252,"RS(255,254)",0.996078,1,4806,1.15344,1.17648
2,10,chroma_bilinear,chroma,3,"chroma(3,full_range=False,matrix=bt601,upsample=bilinear)",luma/mean,4,0,0,0,0,"RS(155,125)",1,0.9252,"RS(255,254)",0.996078,1,4806,1.15344,1.17648
2,10,chroma_bilinear,chroma,3,"chroma(3,full_range=False,matrix=bt601,upsample=bilinear)",luma/saturated,4,0,0,0,0,"RS(155,125)",1,0.9252,"RS(255,254)",0.996078,1,4806,1.15344,1.17648
2,10,chroma_bilinear,chroma,3,"chroma(3,full_range=False,matrix=bt601,upsample=bilinear)",max/mean,4,0,0,0,0,"RS(155,125)",1,0.9252,"RS(255,254)",0.996078,1,4806,1.15344,1.17648
2,10,chroma_bilinear,chroma,3,"chroma(3,full_range=False,matrix=bt601,upsample=bilinear)",max/saturated,4,0,0,0,0,"RS(155,125)",1,0.9252,"RS(255,254)",0.996078,1,4806,1.15344,1.17648
2,10,chroma_bilinear,chroma,4,"chroma(4,full_range=False,matrix=bt601,upsample=bilinear)",luma/mean,4,0,3.18715e-05,3.18715e-05,5.20291e-05,"RS(155,125)",1,0.9252,"RS(255,253)",0.992157,1,4787,1.14888,1.17648
2,10,chroma_bilinear,chroma,4,"chroma(4,full_range=False,matrix=bt601,upsample=bilinear)",luma/saturated,4,0,0,0,0,"RS(155,125)",1,0.9252,"RS(255,254)",0.996078,1,4806,1.15344,1.17648
2,10,chroma_bilinear,chroma,4,"chroma(4,full_range=False,matrix=bt601,upsample=bilinear)",max/mean,4,0,3.18715e-05,3.18715e-05,5.20291e-05,"RS(155,125)",1,0.9252,"RS(255,253)",0.992157,1,4787,1.14888,1.17648
2,10,chroma_bilinear,chroma,4,"chroma(4,full_range=False,matrix=bt601,upsample=bilinear)",max/saturated,4,0,0,0,0,"RS(155,125)",1,0.9252,"RS(255,254)",0.996078,1,4806,1.15344,1.17648
2,10,chroma_bt709_bilinear,chroma,2,"chroma(2,full_range=False,matrix=bt709,upsample=bilinear)",luma/mean,4,0,0,0,0,"RS(155,125)",1,0.9252,"RS(255,254)",0.996078,1,4806,1.15344,1.17648
2,10,chroma_bt709_bilinear,chroma,2,"chroma(2,full_range=False,matrix=bt709,upsample=bilinear)",luma/saturated,4,0,0,0,0,"RS(155,125)",1,0.9252,"RS(255,254)",0.996078,1,4806,1.15344,1.17648
2,10,chroma_bt709_bilinear,chroma,2,"chroma(2,full_range=False,matrix=bt709,upsample=bilinear)",max/mean,4,0,0,0,0,"RS(155,125)",1,0.9252,"RS(255,254)",0.996078,1,4806,1.15344,1.17648
2,10,chroma_bt709_bilinear,chroma,2,"chroma(2,full_range=False,matrix=bt709,upsample=bilinear)",max/saturated,4,0,0,0,0,"RS(155,125)",1,0.9252,"RS(255,254)",0.996078,1,4806,1.15344,1.17648
2,10,chroma_bt709_nearest,chroma,2,"chroma(2,full_range=False,matrix=bt709,upsample=nearest)",luma/mean,4,0,0,0,0,"RS(155,125)",1,0.9252,"RS(255,254)",0.996078,1,4806,1.15344,1.17648
2,10,chroma_bt709_nearest,chroma,2,"chroma(2,full_range=False,matrix=bt709,upsample=nearest)",luma/saturated,4,0,0,0,0,"RS(155,125)",1,0.9252,"RS(255,254)",0.996078,1,4806,1.15344,1.17648
2,10,chroma_bt709_nearest,chroma,2,"chroma(2,full_range=False,matrix=bt709,upsample=nearest)",max/mean,4,0,0,0,0,"RS(155,125)",1,0.9252,"RS(255,254)",0.996078,1,4806,1.15344,1.17648
2,10,chroma_bt709_nearest,chroma,2,"chroma(2,full_range=False,matrix=bt709,upsample=nearest)",max/saturated,4,0,0,0,0,"RS(155,125)",1,0.9252,"RS(255,254)",0.996078,1,4806,1.15344,1.17648
2,10,chroma_nearest,chroma,1,"chroma(1,full_range=False,matrix=bt601,upsample=nearest)",luma/mean,4,0,0,0,0,"RS(155,125)",1,0.9252,"RS(255,254)",0.996078,1,4806,1.15344,1.17648
2,10,chroma_nearest,chroma,1,"chroma(1,full_range=False,matrix=bt601,upsample=nearest)",luma/saturated,4,0,0,0,0,"RS(155,125)",1,0.9252,"RS(255,254)",0.996078,1,4806,1.15344,1.17648
2,10,chroma_nearest,chroma,1,"chroma(1,full_range=False,matrix=bt601,upsample=nearest)",max/mean,4,0,0,0,0,"RS(155,125)",1,0.9252,"RS(255,254)",0.996078,1,4806,1.15344,1.17648
2,10,chroma_nearest,chroma,1,"chroma(1,full_range=False,matrix=bt601,upsample=nearest)",max/saturated,4,0,0,0,0,"RS(155,125)",1,0.9252,"RS(255,254)",0.996078,1,4806,1.15344,1.17648
2,10,chroma_nearest,chroma,1.5,"chroma(1.5,full_range=False,matrix=bt601,upsample=nearest)",luma/mean,4,0,0,0,0,"RS(155,125)",1,0.9252,"RS(255,254)",0.996078,1,4806,1.15344,1.17648
2,10,chroma_nearest,chroma,1.5,"chroma(1.5,full_range=False,matrix=bt601,upsample=nearest)",luma/saturated,4,0,0,0,0,"RS(155,125)",1,0.9252,"RS(255,254)",0.996078,1,4806,1.15344,1.17648
2,10,chroma_nearest,chroma,1.5,"chroma(1.5,full_range=False,matrix=bt601,upsample=nearest)",max/mean,4,0,0,0,0,"RS(155,125)",1,0.9252,"RS(255,254)",0.996078,1,4806,1.15344,1.17648
2,10,chroma_nearest,chroma,1.5,"chroma(1.5,full_range=False,matrix=bt601,upsample=nearest)",max/saturated,4,0,0,0,0,"RS(155,125)",1,0.9252,"RS(255,254)",0.996078,1,4806,1.15344,1.17648
2,10,chroma_nearest,chroma,2,"chroma(2,full_range=False,matrix=bt601,upsample=nearest)",luma/mean,4,0,0,0,0,"RS(155,125)",1,0.9252,"RS(255,254)",0.996078,1,4806,1.15344,1.17648
2,10,chroma_nearest,chroma,2,"chroma(2,full_range=False,matrix=bt601,upsample=nearest)",luma/saturated,4,0,0,0,0,"RS(155,125)",1,0.9252,"RS(255,254)",0.996078,1,4806,1.15344,1.17648
2,10,chroma_nearest,chroma,2,"chroma(2,full_range=False,matrix=bt601,upsample=nearest)",max/mean,4,0,0,0,0,"RS(155,125)",1,0.9252,"RS(255,254)",0.996078,1,4806,1.15344,1.17648
2,10,chroma_nearest,chroma,2,"chroma(2,full_range=False,matrix=bt601,upsample=nearest)",max/saturated,4,0,0,0,0,"RS(155,125)",1,0.9252,"RS(255,254)",0.996078,1,4806,1.15344,1.17648
2,10,chroma_nearest,chroma,3,"chroma(3,full_range=False,matrix=bt601,upsample=nearest)",luma/mean,4,0,0,0,0,"RS(155,125)",1,0.9252,"RS(255,254)",0.996078,1,4806,1.15344,1.17648
2,10,chroma_nearest,chroma,3,"chroma(3,full_range=False,matrix=bt601,upsample=nearest)",luma/saturated,4,0,0,0,0,"RS(155,125)",1,0.9252,"RS(255,254)",0.996078,1,4806,1.15344,1.17648
2,10,chroma_nearest,chroma,3,"chroma(3,full_range=False,matrix=bt601,upsample=nearest)",max/mean,4,0,0,0,0,"RS(155,125)",1,0.9252,"RS(255,254)",0.996078,1,4806,1.15344,1.17648
2,10,chroma_nearest,chroma,3,"chroma(3,full_range=False,matrix=bt601,upsample=nearest)",max/saturated,4,0,0,0,0,"RS(155,125)",1,0.9252,"RS(255,254)",0.996078,1,4806,1.15344,1.17648
2,10,chroma_nearest,chroma,4,"chroma(4,full_range=False,matrix=bt601,upsample=nearest)",luma/mean,4,0,0,0,0,"RS(155,125)",1,0.9252,"RS(255,254)",0.996078,1,4806,1.15344,1.17648
2,10,chroma_nearest,chroma,4,"chroma(4,full_range=False,matrix=bt601,upsample=nearest)",luma/saturated,4,0,0,0,0,"RS(155,125)",1,0.9252,"RS(255,254)",0.996078,1,4806,1.15344,1.17648
2,10,chroma_nearest,chroma,4,"chroma(4,full_range=False,matrix=bt601,upsample=nearest)",max/mean,4,0,0,0,0,"RS(155,125)",1,0.9252,"RS(255,254)",0.996078,1,4806,1.15344,1.17648
2,10,chroma_nearest,chroma,4,"chroma(4,full_range=False,matrix=bt601,upsample=nearest)",max/saturated,4,0,0,0,0,"RS(155,125)",1,0.9252,"RS(255,254)",0.996078,1,4806,1.15344,1.17648
2,10,clean,clean,0,clean,luma/mean,4,0,0,0,0,"RS(155,125)",1,0.9252,"RS(255,254)",0.996078,1,4806,1.15344,1.17648
2,10,clean,clean,0,clean,luma/saturated,4,0,0,0,0,"RS(155,125)",1,0.9252,"RS(255,254)",0.996078,1,4806,1.15344,1.17648
2,10,clean,clean,0,clean,max/mean,4,0,0,0,0,"RS(155,125)",1,0.9252,"RS(255,254)",0.996078,1,4806,1.15344,1.17648
2,10,clean,clean,0,clean,max/saturated,4,0,0,0,0,"RS(155,125)",1,0.9252,"RS(255,254)",0.996078,1,4806,1.15344,1.17648
2,10,noise,noise,10,noise(10),luma/mean,4,0,0,0,0,"RS(155,125)",1,0.9252,"RS(255,254)",0.996078,1,4806,1.15344,1.17648
2,10,noise,noise,10,noise(10),luma/saturated,4,0,0,0,0,"RS(155,125)",1,0.9252,"RS(255,254)",0.996078,1,4806,1.15344,1.17648
2,10,noise,noise,10,noise(10),max/mean,4,0,0,0,0,"RS(155,125)",1,0.9252,"RS(255,254)",0.996078,1,4806,1.15344,1.17648
2,10,noise,noise,10,noise(10),max/saturated,4,0,0,0,0,"RS(155,125)",1,0.9252,"RS(255,254)",0.996078,1,4806,1.15344,1.17648
2,10,noise,noise,20,noise(20),luma/mean,4,0,0,0,0,"RS(155,125)",1,0.9252,"RS(255,254)",0.996078,1,4806,1.15344,1.17648
2,10,noise,noise,20,noise(20),luma/saturated,4,0,0,0,0,"RS(155,125)",1,0.9252,"RS(255,254)",0.996078,1,4806,1.15344,1.17648
2,10,noise,noise,20,noise(20),max/mean,4,0,0,0,0,"RS(155,125)",1,0.9252,"RS(255,254)",0.996078,1,4806,1.15344,1.17648
2,10,noise,noise,20,noise(20),max/saturated,4,0,0,0,0,"RS(155,125)",1,0.9252,"RS(255,254)",0.996078,1,4806,1.15344,1.17648
2,10,noise,noise,40,noise(40),luma/mean,4,0,0,0,0,"RS(155,125)",1,0.9252,"RS(255,254)",0.996078,1,4806,1.15344,1.17648
2,10,noise,noise,40,noise(40),luma/saturated,4,0,0,0,0,"RS(155,125)",1,0.9252,"RS(255,254)",0.996078,1,4806,1.15344,1.17648
2,10,noise,noise,40,noise(40),max/mean,4,0,0,0,0,"RS(155,125)",1,0.9252,"RS(255,254)",0.996078,1,4806,1.15344,1.17648
2,10,noise,noise,40,noise(40),max/saturated,4,0,0,0,0,"RS(155,125)",1,0.9252,"RS(255,254)",0.996078,1,4806,1.15344,1.17648
2,10,noise,noise,60,noise(60),luma/mean,4,0,0,0,0,"RS(155,125)",1,0.9252,"RS(255,254)",0.996078,1,4806,1.15344,1.17648
2,10,noise,noise,60,noise(60),luma/saturated,4,0,0,0,0,"RS(155,125)",1,0.9252,"RS(255,254)",0.996078,1,4806,1.15344,1.17648
2,10,noise,noise,60,noise(60),max/mean,4,0,0,0,0,"RS(155,125)",1,0.9252,"RS(255,254)",0.996078,1,4806,1.15344,1.17648
2,10,noise,noise,60,noise(60),max/saturated,4,0,0,0,0,"RS(155,125)",1,0.9252,"RS(255,254)",0.996078,1,4806,1.15344,1.17648
2,10,noise,noise,80,noise(80),luma/mean,4,0,0,0,0,"RS(155,125)",1,0.9252,"RS(255,254)",0.996078,1,4806,1.15344,1.17648
2,10,noise,noise,80,noise(80),luma/saturated,4,0,0,0,0,"RS(155,125)",1,0.9252,"RS(255,254)",0.996078,1,4806,1.15344,1.17648
2,10,noise,noise,80,noise(80),max/mean,4,0,0,0,0,"RS(155,125)",1,0.9252,"RS(255,254)",0.996078,1,4806,1.15344,1.17648
2,10,noise,noise,80,noise(80),max/saturated,4,0,0,0,0,"RS(155,125)",1,0.9252,"RS(255,254)",0.996078,1,4806,1.15344,1.17648
2,10,perspective,perspective,0.05,perspective(0.05),luma/mean,4,0,0,0,0,"RS(155,125)",1,0.9252,"RS(255,254)",0.996078,1,4806,1.15344,1.17648
2,10,perspective,perspective,0.05,perspective(0.05),luma/saturated,4,0,0,0,0,"RS(155,125)",1,0.9252,"RS(255,254)",0.996078,1,4806,1.15344,1.17648
2,10,perspective,perspective,0.05,perspective(0.05),max/mean,4,0,0,0,0,"RS(155,125)",1,0.9252,"RS(255,254)",0.996078,1,4806,1.15344,1.17648
2,10,perspective,perspective,0.05,perspective(0.05),max/saturated,4,0,0,0,0,"RS(155,125)",1,0.9252,"RS(255,254)",0.996078,1,4806,1.15344,1.17648
2,10,perspective,perspective,0.1,perspective(0.1),luma/mean,4,0,0,0,0,"RS(155,125)",1,0.9252,"RS(255,254)",0.996078,1,4806,1.15344,1.17648
2,10,perspective,perspective,0.1,perspective(0.1),luma/saturated,4,0,0,0,0,"RS(155,125)",1,0.9252,"RS(255,254)",0.996078,1,4806,1.15344,1.17648
2,10,perspective,perspective,0.1,perspective(0.1),max/mean,4,0,0,0,0,"RS(155,125)",1,0.9252,"RS(255,254)",0.996078,1,4806,1.15344,1.17648
2,10,perspective,perspective,0.1,perspective(0.1),max/saturated,4,0,0,0,0,"RS(155,125)",1,0.9252,"RS(255,254)",0.996078,1,4806,1.15344,1.17648
2,10,perspective,perspective,0.15,perspective(0.15),luma/mean,4,0,0,0,0,"RS(155,125)",1,0.9252,"RS(255,254)",0.996078,1,4806,1.15344,1.17648
2,10,perspective,perspective,0.15,perspective(0.15),luma/saturated,4,0,0,0,0,"RS(155,125)",1,0.9252,"RS(255,254)",0.996078,1,4806,1.15344,1.17648
2,10,perspective,perspective,0.15,perspective(0.15),max/mean,4,0,0,0,0,"RS(155,125)",1,0.9252,"RS(255,254)",0.996078,1,4806,1.15344,1.17648
2,10,perspective,perspective,0.15,perspective(0.15),max/saturated,4,0,0,0,0,"RS(155,125)",1,0.9252,"RS(255,254)",0.996078,1,4806,1.15344,1.17648
2,10,perspective,perspective,0.2,perspective(0.2),luma/mean,4,0,0,0,0,"RS(155,125)",1,0.9252,"RS(255,254)",0.996078,1,4806,1.15344,1.17648
2,10,perspective,perspective,0.2,perspective(0.2),luma/saturated,4,0,0,0,0,"RS(155,125)",1,0.9252,"RS(255,254)",0.996078,1,4806,1.15344,1.17648
2,10,perspective,perspective,0.2,perspective(0.2),max/mean,4,0,0,0,0,"RS(155,125)",1,0.9252,"RS(255,254)",0.996078,1,4806,1.15344,1.17648
2,10,perspective,perspective,0.2,perspective(0.2),max/saturated,4,0,0,0,0,"RS(155,125)",1,0.9252,"RS(255,254)",0.996078,1,4806,1.15344,1.17648
2,10,perspective,perspective,0.3,perspective(0.3),luma/mean,4,0.00101989,0,0.00101989,0.00202914,"RS(155,125)",1,0.9252,"RS(255,245)",0.960784,1,4635,1.1124,1.17648
2,10,perspective,perspective,0.3,perspective(0.3),luma/saturated,4,0.00101989,0,0.00101989,0.00202914,"RS(155,125)",1,0.9252,"RS(255,245)",0.960784,1,4635,1.1124,1.17648
2,10,perspective,perspective,0.3,perspective(0.3),max/mean,4,0.00108363,0,0.00108363,0.00202914,"RS(155,125)",1,0.9252,"RS(155,149)",0.96129,1,4599,1.10376,1.17648
2,10,perspective,perspective,0.3,perspective(0.3),max/saturated,4,0.00108363,0,0.00108363,0.00202914,"RS(155,125)",1,0.9252,"RS(155,149)",0.96129,1,4599,1.10376,1.17648
2,10,white_balance,white_balance,0.5,white_balance(0.5),luma/mean,4,0,0,0,0,"RS(155,125)",1,0.9252,"RS(255,254)",0.996078,1,4806,1.15344,1.17648
2,10,white_balance,white_balance,0.5,white_balance(0.5),luma/saturated,4,0,0,0,0,"RS(155,125)",1,0.9252,"RS(255,254)",0.996078,1,4806,1.15344,1.17648
2,10,white_balance,white_balance,0.5,white_balance(0.5),max/mean,4,0,0,0,0,"RS(155,125)",1,0.9252,"RS(255,254)",0.996078,1,4806,1.15344,1.17648
2,10,white_balance,white_balance,0.5,white_balance(0.5),max/saturated,4,0,0,0,0,"RS(155,125)",1,0.9252,"RS(255,254)",0.996078,1,4806,1.15344,1.17648
2,10,white_balance,white_balance,1,white_balance(1),luma/mean,4,0,0,0,0,"RS(155,125)",1,0.9252,"RS(255,254)",0.996078,1,4806,1.15344,1.17648
2,10,white_balance,white_balance,1,white_balance(1),luma/saturated,4,0,0,0,0,"RS(155,125)",1,0.9252,"RS(255,254)",0.996078,1,4806,1.15344,1.17648
2,10,white_balance,white_balance,1,white_balance(1),max/mean,4,0,0,0,0,"RS(155,125)",1,0.9252,"RS(255,254)",0.996078,1,4806,1.15344,1.17648
2,10,white_balance,white_balance,1,white_balance(1),max/saturated,4,0,0,0,0,"RS(155,125)",1,0.9252,"RS(255,254)",0.996078,1,4806,1.15344,1.17648
2,10,white_balance,white_balance,2,white_balance(2),luma/mean,4,0,0,0,0,"RS(155,125)",1,0.9252,"RS(255,254)",0.996078,1,4806,1.15344,1.17648
2,10,white_balance,white_balance,2,white_balance(2),luma/saturated,4,0,0,0,0,"RS(155,125)",1,0.9252,"RS(255,254)",0.996078,1,4806,1.15344,1.17648
2,10,white_balance,white_balance,2,white_balance(2),max/mean,4,0,0,0,0,"RS(155,125)",1,0.9252,"RS(255,254)",0.996078,1,4806,1.15344,1.17648
2,10,white_balance,white_balance,2,white_balance(2),max/saturated,4,0,0,0,0,"RS(155,125)",1,0.9252,"RS(255,254)",0.996078,1,4806,1.15344,1.17648
2,10,white_balance,white_balance,3,white_balance(3),luma/mean,4,0,0,0,0,"RS(155,125)",1,0.9252,"RS(255,254)",0.996078,1,4806,1.15344,1.17648
2,10,white_balance,white_balance,3,white_balance(3),luma/saturated,4,0,0,0,0,"RS(155,125)",1,0.9252,"RS(255,254)",0.996078,1,4806,1.15344,1.17648
2,10,white_balance,white_balance,3,white_balance(3),max/mean,4,0,0,0,0,"RS(155,125)",1,0.9252,"RS(255,254)",0.996078,1,4806,1.15344,1.17648
2,10,white_balance,white_balance,3,white_balance(3),max/saturated,4,0,0,0,0,"RS(155,125)",1,0.9252,"RS(255,254)",0.996078,1,4806,1.15344,1.17648
2,10,white_balance,white_balance,4,white_balance(4),luma/mean,4,0,0,0,0,"RS(155,125)",1,0.9252,"RS(255,254)",0.996078,1,4806,1.15344,1.17648
2,10,white_balance,white_balance,4,white_balance(4),luma/saturated,4,0,0,0,0,"RS(155,125)",1,0.9252,"RS(255,254)",0.996078,1,4806,1.15344,1.17648
2,10,white_balance,white_balance,4,white_balance(4),max/mean,4,0,0,0,0,"RS(155,125)",1,0.9252,"RS(255,254)",0.996078,1,4806,1.15344,1.17648
2,10,white_balance,white_balance,4,white_balance(4),max/saturated,4,0,0,0,0,"RS(155,125)",1,0.9252,"RS(255,254)",0.996078,1,4806,1.15344,1.17648
4,4,blur,blur,0.5,blur(0.5),luma/mean,4,0,0,0,0,"RS(155,125)",1,5.5152,"RS(155,154)",0.993548,1,28316,6.79584,6.84864
4,4,blur,blur,0.5,blur(0.5),luma/saturated,4,0,0,0,0,"RS(155,125)",1,5.5152,"RS(155,154)",0.993548,1,28316,6.79584,6.84864
4,4,blur,blur,0.5,blur(0.5),max/mean,4,0,0,0,0,"RS(155,125)",1,5.5152,"RS(155,154)",0.993548,1,28316,6.79584,6.84864
4,4,blur,blur,0.5,blur(0.5),max/saturated,4,0,0,0,0,"RS(155,125)",1,5.5152,"RS(155,154)",0.993548,1,28316,6.79584,6.84864
4,4,blur,blur,0.75,blur(0.75),luma/mean,4,0,0,0,0,"RS(155,125)",1,5.5152,"RS(155,154)",0.993548,1,28316,6.79584,6.84864
4,4,blur,blur,0.75,blur(0.75),luma/saturated,4,0,0,0,0,"RS(155,125)",1,5.5152,"RS(155,154)",0.993548,1,28316,6.79584,6.84864
4,4,blur,blur,0.75,blur(0.75),max/mean,4,0,0,0,0,"RS(155,125)",1,5.5152,"RS(155,154)",0.993548,1,28316,6.79584,6.84864
4,4,blur,blur,0.75,blur(0.75),max/saturated,4,0,0,0,0,"RS(155,125)",1,5.5152,"RS(155,154)",0.993548,1,28316,6.79584,6.84864
4,4,blur,blur,1,blur(1),luma/mean,4,0.240098,0,0.240098,0.351026,"RS(155,125)",0,0,"RS(255,11)",0.0431373,0.75,1201,0.21618,6.84864
4,4,blur,blur,1,blur(1),luma/saturated,4,0.240098,0,0.240098,0.351026,"RS(155,125)",0,0,"RS(255,11)",0.0431373,0.75,1201,0.21618,6.84864
4,4,blur,blur,1,blur(1),max/mean,4,0.23446,0,0.23446,0.348957,"RS(155,125)",0,0,"RS(155,17)",0.109677,0.75,3108,0.55944,6.84864
4,4,blur,blur,1,blur(1),max/saturated,4,0.23446,0,0.23446,0.348957,"RS(155,125)",0,0,"RS(155,17)",0.109677,0.75,3108,0.55944,6.84864
4,4,blur,blur,1.25,blur(1.25),luma/mean,4,0.544109,0,0.544109,0.682048,"RS(155,125)",0,0,"RS(255,254)",0.996078,0,28174,0,6.84864
4,4,blur,blur,1.25,blur(1.25),luma/saturated,4,0.544109,0,0.544109,0.682048,"RS(155,125)",0,0,"RS(255,254)",0.996078,0,28174,0,6.84864
4,4,blur,blur,1.25,blur(1.25),max/mean,4,0.525284,0,0.525284,0.665401,"RS(155,125)",0,0,"RS(255,254)",0.996078,0,28174,0,6.84864
4,4,blur,blur,1.25,blur(1.25),max/saturated,4,0.525284,0,0.525284,0.665401,"RS(155,125)",0,0,"RS(255,254)",0.996078,0,28174,0,6.84864
4,4,blur,blur,1.5,blur(1.5),luma/mean,4,0.684031,0,0.684031,0.797703,"RS(155,125)",0,0,"RS(255,254)",0.996078,0,28174,0,6.84864
4,4,blur,blur,1.5,blur(1.5),luma/saturated,4,0.684031,0,0.684031,0.797703,"RS(155,125)",0,0,"RS(255,254)",0.996078,0,28174,0,6.84864
4,4,blur,blur,1.5,blur(1.5),max/mean,4,0.625749,0,0.625749,0.7495,"RS(155,125)",0,0,"RS(255,254)",0.996078,0,28174,0,6.84864
4,4,blur,blur,1.5,blur(1.5),max/saturated,4,0.625749,6.57065e-06,0.625749,0.7495,"RS(155,125)",0,0,"RS(255,254)",0.996078,0,28174,0,6.84864
4,4,blur,blur,2,blur(2),luma/mean,4,0.805542,0.00500683,0.805831,0.887044,"RS(155,125)",0,0,"RS(255,254)",0.996078,0,28174,0,6.84864
4,4,blur,blur,2,blur(2),luma/saturated,4,0.805542,0.000926461,0.805588,0.886457,"RS(155,125)",0,0,"RS(255,254)",0.996078,0,28174,0,6.84864
4,4,blur,blur,2,blur(2),max/mean,4,0.736221,0.00265454,0.736418,0.837053,"RS(155,125)",0,0,"RS(255,254)",0.996078,0,28174,0,6.84864
4,4,blur,blur,2,blur(2),max/saturated,4,0.736221,0.00413951,0.73674,0.837447,"RS(155,125)",0,0,"RS(255,254)",0.996078,0,28174,0,6.84864
4,4,chroma_bilinear,chroma,1,"chroma(1,full_range=False,matrix=bt601,upsample=bilinear)",luma/mean,4,0,0,0,0,"RS(155,125)",1,5.5152,"RS(155,154)",0.993548,1,28316,6.79584,6.84864
4,4,chroma_bilinear,chroma,1,"chroma(1,full_range=False,matrix=bt601,upsample=bilinear)",luma/saturated,4,0,0,0,0,"RS(155,125)",1,5.5152,"RS(155,154)",0.993548,1,28316,6.79584,6.84864
4,4,chroma_bilinear,chroma,1,"chroma(1,full_range=False,matrix=bt601,upsample=bilinear)",max/mean,4,0,0,0,0,"RS(155,125)",1,5.5152,"RS(155,154)",0.993548,1,28316,6.79584,6.84864
4,4,chroma_bilinear,chroma,1,"chroma(1,full_range=False,matrix=bt601,upsample=bilinear)",max/saturated,4,0,0,0,0,"RS(155,125)",1,5.5152,"RS(155,154)",0.993548,1,28316,6.79584,6.84864
4,4,chroma_bilinear,chroma,1.5,"chroma(1.5,full_range=False,matrix=bt601,upsample=bilinear)",luma/mean,4,0,0.0021486,0.0021486,0.00286641,"RS(155,125)",1,5.5152,"RS(155,147)",0.948387,1,27028,6.48672,6.84864
4,4,chroma_bilinear,chroma,1.5,"chroma(1.5,full_range=False,matrix=bt601,upsample=bilinear)",luma/saturated,4,0,0,0,0,"RS(155,125)",1,5.5152,"RS(155,154)",0.993548,1,28316,6.79584,6.84864
4,4,chroma_bilinear,chroma,1.5,"chroma(1.5,full_range=False,matrix=bt601,upsample=bilinear)",max/mean,4,0,0.00213546,0.00213546,0.00284888,"RS(155,125)",1,5.5152,"RS(155,147)",0.948387,1,27028,6.48672,6.84864
4,4,chroma_bilinear,chroma,1.5,"chroma(1.5,full_range=False,matrix=bt601,upsample=bilinear)",max/saturated,4,0,0,0,0,"RS(155,125)",1,5.5152,"RS(155,154)",0.993548,1,28316,6.79584,6.84864
4,4,chroma_bilinear,chroma,2,"chroma(2,full_range=False,matrix=bt601,upsample=bilinear)",luma/mean,4,0,0.0953664,0.0953664,0.124553,"RS(155,125)",0,0,"RS(155,91)",0.587097,1,16724,4.01376,6.84864
4,4,chroma_bilinear,chroma,2,"chroma(2,full_range=False,matrix=bt601,upsample=bilinear)",luma/saturated,4,0,0.0117352,0.0117352,0.0156557,"RS(155,125)",1,5.5152,"RS(255,231)",0.905882,1,25621,6.14904,6.84864
4,4,chroma_bilinear,chroma,2,"chroma(2,full_range=False,matrix=bt601,upsample=bilinear)",max/mean,4,0.0282998,0.0953335,0.123633,0.170512,"RS(155,125)",0,0,"RS(155,71)",0.458065,1,13044,3.13056,6.84864
4,4,chroma_bilinear,chroma,2,"chroma(2,full_range=False,matrix=bt601,upsample=bilinear)",max/saturated,4,0.0282998,0.0117352,0.040035,0.064709,"RS(155,125)",0,0,"RS(255,195)",0.764706,1,21625,5.19,6.84864
4,4,chroma_bilinear,chroma,3,"chroma(3,full_range=False,matrix=bt601,upsample=bilinear)",luma/mean,4,0,0.291894,0.291894,0.360931,"RS(155,125)",0,0,"RS(155,13)",0.083871,0.75,2372,0.42696,6.84864
4,4,chroma_bilinear,chroma,3,"chroma(3,full_range=False,matrix=bt601,upsample=bilinear)",luma/saturated,4,0,0.163609,0.163609,0.211246,"RS(155,125)",0,0,"RS(155,61)",0.393548,1,11204,2.68896,6.84864
4,4,chroma_bilinear,chroma,3,"chroma(3,full_range=False,matrix=bt601,upsample=bilinear)",max/mean,4,0.0230433,0.291855,0.314898,0.388219,"RS(155,125)",0,0,"RS(155,5)",0.0322581,0.5,900,0.108,6.84864
4,4,chroma_bilinear,chroma,3,"chroma(3,full_range=False,matrix=bt601,upsample=bilinear)",max/saturated,4,0.0230433,0.163458,0.186501,0.241576,"RS(155,125)",0,0,"RS(155,47)",0.303226,1,8628,2.07072,6.84864
4,4,chroma_bilinear,chroma,4,"chroma(4,full_range=False,matrix=bt601,upsample=bilinear)",luma/mean,4,0,0.442901,0.442901,0.526043,"RS(155,125)",0,0,"RS(255,254)",0.996078,0,28174,0,6.84864
4,4,chroma_bilinear,chroma,4,"chroma(4,full_range=False,matrix=bt601,upsample=bilinear)",luma/saturated,4,0,0.324564,0.324564,0.397931,"RS(155,125)",0,0,"RS(155,7)",0.0451613,0.25,1268,0.07608,6.84864
4,4,chroma_bilinear,chroma,4,"chroma(4,full_range=False,matrix=bt601,upsample=bilinear)",max/mean,4,0.0200076,0.440641,0.460648,0.544592,"RS(155,125)",0,0,"RS(255,254)",0.996078,0,28174,0,6.84864
4,4,chroma_bilinear,chroma,4,"chroma(4,full_range=False,matrix=bt601,upsample=bilinear)",max/saturated,4,0.0200076,0.323775,0.343783,0.419933,"RS(155,125)",0,0,"RS(155,1)",0.00645161,0.25,164,0.00984,6.84864
4,4,chroma_bt709_bilinear,chroma,2,"chroma(2,full_range=False,matrix=bt709,upsample=bilinear)",luma/mean,4,0,0.15554,0.15554,0.200342,"RS(155,125)",0,0,"RS(155,57)",0.367742,1,10468,2.51232,6.84864
4,4,chroma_bt709_bilinear,chroma,2,"chroma(2,full_range=False,matrix=bt709,upsample=bilinear)",luma/saturated,4,0,0.0571712,0.0571712,0.0749912,"RS(155,125)",0,0,"RS(155,113)",0.729032,1,20772,4.98528,6.84864
4,4,chroma_bt709_bilinear,chroma,2,"chroma(2,full_range=False,matrix=bt709,upsample=bilinear)",max/mean,4,0.0586956,0.155698,0.214394,0.287176,"RS(155,125)",0,0,"RS(155,29)",0.187097,1,5316,1.27584,6.84864
4,4,chroma_bt709_bilinear,chroma,2,"chroma(2,full_range=False,matrix=bt709,upsample=bilinear)",max/saturated,4,0.0586956,0.0571712,0.115867,0.168943,"RS(155,125)",0,0,"RS(255,137)",0.537255,1,15187,3.64488,6.84864
4,4,chroma_bt709_nearest,chroma,2,"chroma(2,full_range=False,matrix=bt709,upsample=nearest)",luma/mean,4,0,0.0544707,0.0544707,0.0721424,"RS(155,125)",0,0,"RS(155,113)",0.729032,1,20772,4.98528,6.84864
4,4,chroma_bt709_nearest,chroma,2,"chroma(2,full_range=False,matrix=bt709,upsample=nearest)",luma/saturated,4,0,0,0,0,"RS(155,125)",1,5.5152,"RS(155,154)",0.993548,1,28316,6.79584,6.84864
4,4,chroma_bt709_nearest,chroma,2,"chroma(2,full_range=False,matrix=bt709,upsample=nearest)",max/mean,4,0.0352778,0.0544707,0.0897485,0.130522,"RS(155,125)",0,0,"RS(255,149)",0.584314,1,16519,3.96456,6.84864
4,4,chroma_bt709_nearest,chroma,2,"chroma(2,full_range=False,matrix=bt709,upsample=nearest)",max/saturated,4,0.0352778,0,0.0352778,0.0605014,"RS(155,125)",0,0,"RS(255,201)",0.788235,1,22291,5.34984,6.84864
4,4,chroma_nearest,chroma,1,"chroma(1,full_range=False,matrix=bt601,upsample=nearest)",luma/mean,4,0,0,0,0,"RS(155,125)",1,5.5152,"RS(155,154)",0.993548,1,28316,6.79584,6.84864
4,4,chroma_nearest,chroma,1,"chroma(1,full_range=False,matrix=bt601,upsample=nearest)",luma/saturated,4,0,0,0,0,"RS(155,125)",1,5.5152,"RS(155,154)",0.993548,1,28316,6.79584,6.84864
4,4,chroma_nearest,chroma,1,"chroma(1,full_range=False,matrix=bt601,upsample=nearest)",max/mean,4,0,0,0,0,"RS(155,125)",1,5.5152,"RS(155,154)",0.993548,1,28316,6.79584,6.84864
4,4,chroma_nearest,chroma,1,"chroma(1,full_range=False,matrix=bt601,upsample=nearest)",max/saturated,4,0,0,0,0,"RS(155,125)",1,5.5152,"RS(155,154)",0.993548,1,28316,6.79584,6.84864
4,4,chroma_nearest,chroma,1.5,"chroma(1.5,full_range=False,matrix=bt601,upsample=nearest)",luma/mean,4,0,0.0532222,0.0532222,0.0695565,"RS(155,125)",0,0,"RS(155,111)",0.716129,1,20404,4.89696,6.84864
4,4,chroma_nearest,chroma,1.5,"chroma(1.5,full_range=False,matrix=bt601,upsample=nearest)",luma/saturated,4,0,0.00206975,0.00206975,0.00276122,"RS(155,125)",1,5.5152,"RS(255,247)",0.968627,1,27397,6.57528,6.84864
4,4,chroma_nearest,chroma,1.5,"chroma(1.5,full_range=False,matrix=bt601,upsample=nearest)",max/mean,4,0.0981786,0.049339,0.147518,0.203603,"RS(155,125)",0,0,"RS(255,115)",0.45098,1,12745,3.0588,6.84864
4,4,chroma_nearest,chroma,1.5,"chroma(1.5,full_range=False,matrix=bt601,upsample=nearest)",max/saturated,4,0.0981786,0.00193834,0.100117,0.146818,"RS(155,125)",0,0,"RS(255,129)",0.505882,1,14299,3.43176,6.84864
4,4,chroma_nearest,chroma,2,"chroma(2,full_range=False,matrix=bt601,upsample=nearest)",luma/mean,4,0,0.0039621,0.0039621,0.00528576,"RS(155,125)",1,5.5152,"RS(255,241)",0.945098,1,26731,6.41544,6.84864
4,4,chroma_nearest,chroma,2,"chroma(2,full_range=False,matrix=bt601,upsample=nearest)",luma/saturated,4,0,0,0,0,"RS(155,125)",1,5.5152,"RS(155,154)",0.993548,1,28316,6.79584,6.84864
4,4,chroma_nearest,chroma,2,"chroma(2,full_range=False,matrix=bt601,upsample=nearest)",max/mean,4,0,0.0039621,0.0039621,0.00528576,"RS(155,125)",1,5.5152,"RS(255,241)",0.945098,1,26731,6.41544,6.84864
4,4,chroma_nearest,chroma,2,"chroma(2,full_range=False,matrix=bt601,upsample=nearest)",max/saturated,4,0,0,0,0,"RS(155,125)",1,5.5152,"RS(155,154)",0.993548,1,28316,6.79584,6.84864
4,4,chroma_nearest,chroma,3,"chroma(3,full_range=False,matrix=bt601,upsample=nearest)",luma/mean,4,1.97119e-05,0.24816,0.24818,0.311106,"RS(155,125)",0,0,"RS(155,25)",0.16129,1,4580,1.0992,6.84864
4,4,chroma_nearest,chroma,3,"chroma(3,full_range=False,matrix=bt601,upsample=nearest)",luma/saturated,4,1.97119e-05,0.0771263,0.077146,0.100929,"RS(155,125)",0,0,"RS(155,103)",0.664516,1,18932,4.54368,6.84864
4,4,chroma_nearest,chroma,3,"chroma(3,full_range=False,matrix=bt601,upsample=nearest)",max/mean,4,0.102068,0.244987,0.347009,0.434055,"RS(155,125)",0,0,"RS(255,254)",0.996078,0,28174,0,6.84864
4,4,chroma_nearest,chroma,3,"chroma(3,full_range=False,matrix=bt601,upsample=nearest)",max/saturated,4,0.102068,0.0771065,0.178919,0.244013,"RS(155,125)",0,0,"RS(255,89)",0.34902,1,9859,2.36616,6.84864
4,4,chroma_nearest,chroma,4,"chroma(4,full_range=False,matrix=bt601,upsample=nearest)",luma/mean,4,0,0.327376,0.327376,0.398185,"RS(155,125)",0,0,"RS(155,5)",0.0322581,0.5,900,0.108,6.84864
4,4,chroma_nearest,chroma,4,"chroma(4,full_range=False,matrix=bt601,upsample=nearest)",luma/saturated,4,0,0.206489,0.206489,0.258126,"RS(155,125)",0,0,"RS(155,43)",0.277419,1,7892,1.89408,6.84864
4,4,chroma_nearest,chroma,4,"chroma(4,full_range=False,matrix=bt601,upsample=nearest)",max/mean,4,0.0327218,0.325398,0.358067,0.435203,"RS(155,125)",0,0,"RS(255,254)",0.996078,0,28174,0,6.84864
4,4,chroma_nearest,chroma,4,"chroma(4,full_range=False,matrix=bt601,upsample=nearest)",max/saturated,4,0.0327218,0.204143,0.236622,0.297773,"RS(155,125)",0,0,"RS(155,29)",0.187097,1,5316,1.27584,6.84864
4,4,clean,clean,0,clean,luma/mean,4,0,0,0,0,"RS(155,125)",1,5.5152,"RS(155,154)",0.993548,1,28316,6.79584,6.84864
4,4,clean,clean,0,clean,luma/saturated,4,0,0,0,0,"RS(155,125)",1,5.5152,"RS(155,154)",0.993548,1,28316,6.79584,6.84864
4,4,clean,clean,0,clean,max/mean,4,0,0,0,0,"RS(155,125)",1,5.5152,"RS(155,154)",0.993548,1,28316,6.79584,6.84864
4,4,clean,clean,0,clean,max/saturated,4,0,0,0,0,"RS(155,125)",1,5.5152,"RS(155,154)",0.993548,1,28316,6.79584,6.84864
4,4,noise,noise,10,noise(10),luma/mean,4,0,0,0,0,"RS(155,125)",1,5.5152,"RS(155,154)",0.993548,1,28316,6.79584,6.84864
4,4,noise,noise,10,noise(10),luma/saturated,4,0,0,0,0,"RS(155,125)",1,5.5152,"RS(155,154)",0.993548,1,28316,6.79584,6.84864
4,4,noise,noise,10,noise(10),max/mean,4,0,0,0,0,"RS(155,125)",1,5.5152,"RS(155,154)",0.993548,1,28316,6.79584,6.84864
4,4,noise,noise,10,noise(10),max/saturated,4,0,0,0,0,"RS(155,125)",1,5.5152,"RS(155,154)",0.993548,1,28316,6.79584,6.84864
4,4,noise,noise,20,noise(20),luma/mean,4,6.57065e-06,0,6.57065e-06,8.76578e-06,"RS(155,125)",1,5.5152,"RS(155,153)",0.987097,1,28132,6.75168,6.84864
4,4,noise,noise,20,noise(20),luma/saturated,4,6.57065e-06,0,6.57065e-06,8.76578e-06,"RS(155,125)",1,5.5152,"RS(155,153)",0.987097,1,28132,6.75168,6.84864
4,4,noise,noise,20,noise(20),max/mean,4,0,0,0,0,"RS(155,125)",1,5.5152,"RS(155,154)",0.993548,1,28316,6.79584,6.84864
4,4,noise,noise,20,noise(20),max/saturated,4,0,0,0,0,"RS(155,125)",1,5.5152,"RS(155,154)",0.993548,1,28316,6.79584,6.84864
4,4,noise,noise,40,noise(40),luma/mean,4,0.0225439,6.57065e-06,0.0225439,0.0339236,"RS(155,125)",1,5.5152,"RS(255,215)",0.843137,1,23845,5.7228,6.84864
4,4,noise,noise,40,noise(40),luma/saturated,4,0.0225439,0,0.0225439,0.0339236,"RS(155,125)",1,5.5152,"RS(255,215)",0.843137,1,23845,5.7228,6.84864
4,4,noise,noise,40,noise(40),max/mean,4,0,0,0,0,"RS(155,125)",1,5.5152,"RS(155,154)",0.993548,1,28316,6.79584,6.84864
4,4,noise,noise,40,noise(40),max/saturated,4,0,0,0,0,"RS(155,125)",1,5.5152,"RS(155,154)",0.993548,1,28316,6.79584,6.84864
4,4,noise,noise,60,noise(60),luma/mean,4,0.0947882,0.00250342,0.0948867,0.140147,"RS(155,125)",0,0,"RS(155,89)",0.574194,1,16356,3.92544,6.84864
4,4,noise,noise,60,noise(60),luma/saturated,4,0.0947882,0.000256255,0.0949327,0.139341,"RS(155,125)",0,0,"RS(155,89)",0.574194,1,16356,3.92544,6.84864
4,4,noise,noise,60,noise(60),max/mean,4,0,0,0,0,"RS(155,125)",1,5.5152,"RS(155,154)",0.993548,1,28316,6.79584,6.84864
4,4,noise,noise,60,noise(60),max/saturated,4,0,0.000427092,0.000427092,0.000569776,"RS(155,125)",1,5.5152,"RS(255,251)",0.984314,1,27841,6.68184,6.84864
4,4,noise,noise,80,noise(80),luma/mean,4,0.160324,0.0303433,0.163984,0.243759,"RS(155,125)",0,0,"RS(255,79)",0.309804,1,8749,2.09976,6.84864
4,4,noise,noise,80,noise(80),luma/saturated,4,0.160324,0.0125105,0.167381,0.24034,"RS(155,125)",0,0,"RS(155,51)",0.329032,1,9364,2.24736,6.84864
4,4,noise,noise,80,noise(80),max/mean,4,0.000735913,0.000118272,0.000847614,0.00128857,"RS(155,125)",1,5.5152,"RS(255,249)",0.976471,1,27619,6.62856,6.84864
4,4,noise,noise,80,noise(80),max/saturated,4,0.000735913,0.0152833,0.0159601,0.0213184,"RS(155,125)",1,5.5152,"RS(255,225)",0.882353,1,24955,5.9892,6.84864
4,4,perspective,perspective,0.05,perspective(0.05),luma/mean,4,0.00281224,0,0.00281224,0.00470722,"RS(155,125)",1,5.5152,"RS(155,145)",0.935484,1,26660,6.3984,6.84864
4,4,perspective,perspective,0.05,perspective(0.05),luma/saturated,4,0.00281224,0,0.00281224,0.00470722,"RS(155,125)",1,5.5152,"RS(155,145)",0.935484,1,26660,6.3984,6.84864
4,4,perspective,perspective,0.05,perspective(0.05),max/mean,4,0.00282538,0,0.00282538,0.00474229,"RS(155,125)",1,5.5152,"RS(155,145)",0.935484,1,26660,6.3984,6.84864
4,4,perspective,perspective,0.05,perspective(0.05),max/saturated,4,0.00282538,0,0.00282538,0.00474229,"RS(155,125)",1,5.5152,"RS(155,145)",0.935484,1,26660,6.3984,6.84864
4,4,perspective,perspective,0.1,perspective(0.1),luma/mean,4,0.00936974,0,0.00936974,0.0153401,"RS(155,125)",1,5.5152,"RS(255,229)",0.898039,1,25399,6.09576,6.84864
4,4,perspective,perspective,0.1,perspective(0.1),luma/saturated,4,0.00936974,0,0.00936974,0.0153401,"RS(155,125)",1,5.5152,"RS(255,229)",0.898039,1,25399,6.09576,6.84864
4,4,perspective,perspective,0.1,perspective(0.1),max/mean,4,0.00928433,0,0.00928433,0.0152174,"RS(155,125)",1,5.5152,"RS(255,229)",0.898039,1,25399,6.09576,6.84864
4,4,perspective,perspective,0.1,perspective(0.1),max/saturated,4,0.00928433,0,0.00928433,0.0152174,"RS(155,125)",1,5.5152,"RS(255,229)",0.898039,1,25399,6.09576,6.84864
4,4,perspective,perspective,0.15,perspective(0.15),luma/mean,4,0.0224388,0,0.0224388,0.0362202,"RS(155,125)",1,5.5152,"RS(155,127)",0.819355,1,23348,5.60352,6.84864
4,4,perspective,perspective,0.15,perspective(0.15),luma/saturated,4,0.0224388,0,0.0224388,0.0362202,"RS(155,125)",1,5.5152,"RS(155,127)",0.819355,1,23348,5.60352,6.84864
4,4,perspective,perspective,0.15,perspective(0.15),max/mean,4,0.0221759,0,0.0221759,0.0358082,"RS(155,125)",1,5.5152,"RS(155,129)",0.832258,1,23716,5.69184,6.84864
4,4,perspective,perspective,0.15,perspective(0.15),max/saturated,4,0.0221759,0,0.0221759,0.0358082,"RS(155,125)",1,5.5152,"RS(155,129)",0.832258,1,23716,5.69184,6.84864
4,4,perspective,perspective,0.2,perspective(0.2),luma/mean,4,0.0640638,0,0.0640638,0.0963622,"RS(155,125)",0,0,"RS(155,87)",0.56129,1,15988,3.83712,6.84864
4,4,perspective,perspective,0.2,perspective(0.2),luma/saturated,4,0.0640638,0,0.0640638,0.0963622,"RS(155,125)",0,0,"RS(155,87)",0.56129,1,15988,3.83712,6.84864
4,4,perspective,perspective,0.2,perspective(0.2),max/mean,4,0.0630848,0,0.0630848,0.095433,"RS(155,125)",0.25,1.3788,"RS(155,89)",0.574194,1,16356,3.92544,6.84864
4,4,perspective,perspective,0.2,perspective(0.2),max/saturated,4,0.0630848,0,0.0630848,0.095433,"RS(155,125)",0.25,1.3788,"RS(155,89)",0.574194,1,16356,3.92544,6.84864
4,4,perspective,perspective,0.3,perspective(0.3),luma/mean,4,0.262576,0.000446804,0.262642,0.344679,"RS(155,125)",0,0,"RS(255,157)",0.615686,0.25,17407,1.04442,6.84864
4,4,perspective,perspective,0.3,perspective(0.3),luma/saturated,4,0.262576,0.000781907,0.262786,0.344802,"RS(155,125)",0,0,"RS(255,157)",0.615686,0.25,17407,1.04442,6.84864
4,4,perspective,perspective,0.3,perspective(0.3),max/mean,4,0.256433,0.000295679,0.256498,0.338368,"RS(155,125)",0,0,"RS(155,97)",0.625806,0.25,17828,1.06968,6.84864
4,4,perspective,perspective,0.3,perspective(0.3),max/saturated,4,0.256433,0.00150468,0.256794,0.338745,"RS(155,125)",0,0,"RS(155,97)",0.625806,0.25,17828,1.06968,6.84864
4,4,white_balance,white_balance,0.5,white_balance(0.5),luma/mean,4,0,0,0,0,"RS(155,125)",1,5.5152,"RS(155,154)",0.993548,1,28316,6.79584,6.84864
4,4,white_balance,white_balance,0.5,white_balance(0.5),luma/saturated,4,0,0,0,0,"RS(155,125)",1,5.5152,"RS(155,154)",0.993548,1,28316,6.79584,6.84864
4,4,white_balance,white_balance,0.5,white_balance(0.5),max/mean,4,0,0,0,0,"RS(155,125)",1,5.5152,"RS(155,154)",0.993548,1,28316,6.79584,6.84864
4,4,white_balance,white_balance,0.5,white_balance(0.5),max/saturated,4,0,0,0,0,"RS(155,125)",1,5.5152,"RS(155,154)",0.993548,1,28316,6.79584,6.84864
4,4,white_balance,white_balance,1,white_balance(1),luma/mean,4,0,0,0,0,"RS(155,125)",1,5.5152,"RS(155,154)",0.993548,1,28316,6.79584,6.84864
4,4,white_balance,white_balance,1,white_balance(1),luma/saturated,4,0,0,0,0,"RS(155,125)",1,5.5152,"RS(155,154)",0.993548,1,28316,6.79584,6.84864
4,4,white_balance,white_balance,1,white_balance(1),max/mean,4,0,0,0,0,"RS(155,125)",1,5.5152,"RS(155,154)",0.993548,1,28316,6.79584,6.84864
4,4,white_balance,white_balance,1,white_balance(1),max/saturated,4,0,0,0,0,"RS(155,125)",1,5.5152,"RS(155,154)",0.993548,1,28316,6.79584,6.84864
4,4,white_balance,white_balance,2,white_balance(2),luma/mean,4,0,0,0,0,"RS(155,125)",1,5.5152,"RS(155,154)",0.993548,1,28316,6.79584,6.84864
4,4,white_balance,white_balance,2,white_balance(2),luma/saturated,4,0,0,0,0,"RS(155,125)",1,5.5152,"RS(155,154)",0.993548,1,28316,6.79584,6.84864
4,4,white_balance,white_balance,2,white_balance(2),max/mean,4,0,0,0,0,"RS(155,125)",1,5.5152,"RS(155,154)",0.993548,1,28316,6.79584,6.84864
4,4,white_balance,white_balance,2,white_balance(2),max/saturated,4,0,0,0,0,"RS(155,125)",1,5.5152,"RS(155,154)",0.993548,1,28316,6.79584,6.84864
4,4,white_balance,white_balance,3,white_balance(3),luma/mean,4,0,0,0,0,"RS(155,125)",1,5.5152,"RS(155,154)",0.993548,1,28316,6.79584,6.84864
4,4,white_balance,white_balance,3,white_balance(3),luma/saturated,4,0,0,0,0,"RS(155,125)",1,5.5152,"RS(155,154)",0.993548,1,28316,6.79584,6.84864
4,4,white_balance,white_balance,3,white_balance(3),max/mean,4,0,0,0,0,"RS(155,125)",1,5.5152,"RS(155,154)",0.993548,1,28316,6.79584,6.84864
4,4,white_balance,white_balance,3,white_balance(3),max/saturated,4,0,0,0,0,"RS(155,125)",1,5.5152,"RS(155,154)",0.993548,1,28316,6.79584,6.84864
4,4,white_balance,white_balance,4,white_balance(4),luma/mean,4,0,0,0,0,"RS(155,125)",1,5.5152,"RS(155,154)",0.993548,1,28316,6.79584,6.84864
4,4,white_balance,white_balance,4,white_balance(4),luma/saturated,4,0,0,0,0,"RS(155,125)",1,5.5152,"RS(155,154)",0.993548,1,28316,6.79584,6.84864
4,4,white_balance,white_balance,4,white_balance(4),max/mean,4,0,0,0,0,"RS(155,125)",1,5.5152,"RS(155,154)",0.993548,1,28316,6.79584,6.84864
4,4,white_balance,white_balance,4,white_balance(4),max/saturated,4,0,0,0,0,"RS(155,125)",1,5.5152,"RS(155,154)",0.993548,1,28316,6.79584,6.84864
4,5,blur,blur,0.5,blur(0.5),luma/mean,4,0,0,0,0,"RS(155,125)",1,3.8052,"RS(255,254)",0.996078,1,19538,4.68912,4.7592
4,5,blur,blur,0.5,blur(0.5),luma/saturated,4,0,0,0,0,"RS(155,125)",1,3.8052,"RS(255,254)",0.996078,1,19538,4.68912,4.7592
4,5,blur,blur,0.5,blur(0.5),max/mean,4,0,0,0,0,"RS(155,125)",1,3.8052,"RS(255,254)",0.996078,1,19538,4.68912,4.7592
4,5,blur,blur,0.5,blur(0.5),max/saturated,4,0,0,0,0,"RS(155,125)",1,3.8052,"RS(255,254)",0.996078,1,19538,4.68912,4.7592
4,5,blur,blur,0.75,blur(0.75),luma/mean,4,0,0,0,0,"RS(155,125)",1,3.8052,"RS(255,254)",0.996078,1,19538,4.68912,4.7592
4,5,blur,blur,0.75,blur(0.75),luma/saturated,4,0,0,0,0,"RS(155,125)",1,3.8052,"RS(255,254)",0.996078,1,19538,4.68912,4.7592
4,5,blur,blur,0.75,blur(0.75),max/mean,4,0,0,0,0,"RS(155,125)",1,3.8052,"RS(255,254)",0.996078,1,19538,4.68912,4.7592
4,5,blur,blur,0.75,blur(0.75),max/saturated,4,0,0,0,0,"RS(155,125)",1,3.8052,"RS(255,254)",0.996078,1,19538,4.68912,4.7592
4,5,blur,blur,1,blur(1),luma/mean,4,0.0242237,0,0.0242237,0.0368047,"RS(155,125)",1,3.8052,"RS(255,219)",0.858824,1,16843,4.04232,4.7592
4,5,blur,blur,1,blur(1),luma/saturated,4,0.0242237,0,0.0242237,0.0368047,"RS(155,125)",1,3.8052,"RS(255,219)",0.858824,1,16843,4.04232,4.7592
4,5,blur,blur,1,blur(1),max/mean,4,0,0,0,0,"RS(155,125)",1,3.8052,"RS(255,254)",0.996078,1,19538,4.68912,4.7592
4,5,blur,blur,1,blur(1),max/saturated,4,0,0,0,0,"RS(155,125)",1,3.8052,"RS(255,254)",0.996078,1,19538,4.68912,4.7592
4,5,blur,blur,1.25,blur(1.25),luma/mean,4,0.339993,0,0.339993,0.453277,"RS(155,125)",0,0,"RS(255,254)",0.996078,0,19538,0,4.7592
4,5,blur,blur,1.25,blur(1.25),luma/saturated,4,0.339993,0,0.339993,0.453277,"RS(155,125)",0,0,"RS(255,254)",0.996078,0,19538,0,4.7592
4,5,blur,blur,1.25,blur(1.25),max/mean,4,0.307212,0,0.307212,0.416485,"RS(155,125)",0,0,"RS(255,7)",0.027451,0.75,519,0.09342,4.7592
4,5,blur,blur,1.25,blur(1.25),max/saturated,4,0.307212,0,0.307212,0.416485,"RS(155,125)",0,0,"RS(255,7)",0.027451,0.75,519,0.09342,4.7592
4,5,blur,blur,1.5,blur(1.5),luma/mean,4,0.559727,0,0.559727,0.683236,"RS(155,125)",0,0,"RS(255,254)",0.996078,0,19538,0,4.7592
4,5,blur,blur,1.5,blur(1.5),luma/saturated,4,0.559727,0,0.559727,0.683236,"RS(155,125)",0,0,"RS(255,254)",0.996078,0,19538,0,4.7592
4,5,blur,blur,1.5,blur(1.5),max/mean,4,0.479549,0,0.479549,0.606439,"RS(155,125)",0,0,"RS(255,254)",0.996078,0,19538,0,4.7592
4,5,blur,blur,1.5,blur(1.5),max/saturated,4,0.479549,0,0.479549,0.606439,"RS(155,125)",0,0,"RS(255,254)",0.996078,0,19538,0,4.7592
4,5,blur,blur,2,blur(2),luma/mean,4,0.751929,0.000728036,0.751948,0.843548,"RS(155,125)",0,0,"RS(255,254)",0.996078,0,19538,0,4.7592
4,5,blur,blur,2,blur(2),luma/saturated,4,0.751929,9.45501e-05,0.751929,0.84351,"RS(155,125)",0,0,"RS(255,254)",0.996078,0,19538,0,4.7592
4,5,blur,blur,2,blur(2),max/mean,4,0.66569,0.000104005,0.66569,0.773673,"RS(155,125)",0,0,"RS(255,254)",0.996078,0,19538,0,4.7592
4,5,blur,blur,2,blur(2),max/saturated,4,0.66569,0.00126697,0.665841,0.77399,"RS(155,125)",0,0,"RS(255,254)",0.996078,0,19538,0,4.7592
4,5,chroma_bilinear,chroma,1,"chroma(1,full_range=False,matrix=bt601,upsample=bilinear)",luma/mean,4,0,0,0,0,"RS(155,125)",1,3.8052,"RS(255,254)",0.996078,1,19538,4.68912,4.7592
4,5,chroma_bilinear,chroma,1,"chroma(1,full_range=False,matrix=bt601,upsample=bilinear)",luma/saturated,4,0,0,0,0,"RS(155,125)",1,3.8052,"RS(255,254)",0.996078,1,19538,4.68912,4.7592
4,5,chroma_bilinear,chroma,1,"chroma(1,full_range=False,matrix=bt601,upsample=bilinear)",max/mean,4,0,0,0,0,"RS(155,125)",1,3.8052,"RS(255,254)",0.996078,1,19538,4.68912,4.7592
4,5,chroma_bilinear,chroma,1,"chroma(1,full_range=False,matrix=bt601,upsample=bilinear)",max/saturated,4,0,0,0,0,"RS(155,125)",1,3.8052,"RS(255,254)",0.996078,1,19538,4.68912,4.7592
4,5,chroma_bilinear,chroma,1.5,"chroma(1.5,full_range=False,matrix=bt601,upsample=bilinear)",luma/mean,4,0,0,0,0,"RS(155,125)",1,3.8052,"RS(255,254)",0.996078,1,19538,4.68912,4.7592
4,5,chroma_bilinear,chroma,1.5,"chroma(1.5,full_range=False,matrix=bt601,upsample=bilinear)",luma/saturated,4,0,0,0,0,"RS(155,125)",1,3.8052,"RS(255,254)",0.996078,1,19538,4.68912,4.7592
4,5,chroma_bilinear,chroma,1.5,"chroma(1.5,full_range=False,matrix=bt601,upsample=bilinear)",max/mean,4,0,0,0,0,"RS(155,125)",1,3.8052,"RS(255,254)",0.996078,1,19538,4.68912,4.7592
4,5,chroma_bilinear,chroma,1.5,"chroma(1.5,full_range=False,matrix=bt601,upsample=bilinear)",max/saturated,4,0,0,0,0,"RS(155,125)",1,3.8052,"RS(255,254)",0.996078,1,19538,4.68912,4.7592
4,5,chroma_bilinear,chroma,2,"chroma(2,full_range=False,matrix=bt601,upsample=bilinear)",luma/mean,4,0,0.0354468,0.0354468,0.0469393,"RS(155,125)",0.75,2.8539,"RS(255,211)",0.827451,1,16227,3.89448,4.7592
4,5,chroma_bilinear,chroma,2,"chroma(2,full_range=False,matrix=bt601,upsample=bilinear)",luma/saturated,4,0,0,0,0,"RS(155,125)",1,3.8052,"RS(255,254)",0.996078,1,19538,4.68912,4.7592
4,5,chroma_bilinear,chroma,2,"chroma(2,full_range=False,matrix=bt601,upsample=bilinear)",max/mean,4,9.45501e-06,0.0354468,0.0354563,0.046952,"RS(155,125)",0.75,2.8539,"RS(255,211)",0.827451,1,16227,3.89448,4.7592
4,5,chroma_bilinear,chroma,2,"chroma(2,full_range=False,matrix=bt601,upsample=bilinear)",max/saturated,4,9.45501e-06,0,9.45501e-06,1.27e-05,"RS(155,125)",1,3.8052,"RS(255,253)",0.992157,1,19461,4.67064,4.7592
4,5,chroma_bilinear,chroma,3,"chroma(3,full_range=False,matrix=bt601,upsample=bilinear)",luma/mean,4,0,0.236839,0.236839,0.299276,"RS(155,125)",0,0,"RS(255,55)",0.215686,1,4215,1.0116,4.7592
4,5,chroma_bilinear,chroma,3,"chroma(3,full_range=False,matrix=bt601,upsample=bilinear)",luma/saturated,4,0,0.0897186,0.0897186,0.118199,"RS(155,125)",0,0,"RS(255,165)",0.647059,1,12685,3.0444,4.7592
4,5,chroma_bilinear,chroma,3,"chroma(3,full_range=False,matrix=bt601,upsample=bilinear)",max/mean,4,0.00422639,0.236829,0.241056,0.304966,"RS(155,125)",0,0,"RS(255,51)",0.2,1,3907,0.93768,4.7592
4,5,chroma_bilinear,chroma,3,"chroma(3,full_range=False,matrix=bt601,upsample=bilinear)",max/saturated,4,0.00422639,0.089643,0.0938694,0.124448,"RS(155,125)",0,0,"RS(255,159)",0.623529,1,12223,2.93352,4.7592
4,5,chroma_bilinear,chroma,4,"chroma(4,full_range=False,matrix=bt601,upsample=bilinear)",luma/mean,4,0,0.355338,0.355338,0.43283,"RS(155,125)",0,0,"RS(255,1)",0.00392157,0.5,57,0.00684,4.7592
4,5,chroma_bilinear,chroma,4,"chroma(4,full_range=False,matrix=bt601,upsample=bilinear)",luma/saturated,4,0,0.205959,0.205959,0.261697,"RS(155,125)",0,0,"RS(255,81)",0.317647,1,6217,1.49208,4.7592
4,5,chroma_bilinear,chroma,4,"chroma(4,full_range=False,matrix=bt601,upsample=bilinear)",max/mean,4,0.0102871,0.355159,0.365446,0.443066,"RS(155,125)",0,0,"RS(255,254)",0.996078,0,19538,0,4.7592
4,5,chroma_bilinear,chroma,4,"chroma(4,full_range=False,matrix=bt601,upsample=bilinear)",max/saturated,4,0.0102871,0.205722,0.216009,0.273178,"RS(155,125)",0,0,"RS(255,75)",0.294118,1,5755,1.3812,4.7592
4,5,chroma_bt709_bilinear,chroma,2,"chroma(2,full_range=False,matrix=bt709,upsample=bilinear)",luma/mean,4,0,0.112694,0.112694,0.146355,"RS(155,125)",0,0,"RS(255,145)",0.568627,1,11145,2.6748,4.7592
4,5,chroma_bt709_bilinear,chroma,2,"chroma(2,full_range=False,matrix=bt709,upsample=bilinear)",luma/saturated,4,0,0,0,0,"RS(155,125)",1,3.8052,"RS(255,254)",0.996078,1,19538,4.68912,4.7592
4,5,chroma_bt709_bilinear,chroma,2,"chroma(2,full_range=False,matrix=bt709,upsample=bilinear)",max/mean,4,0.0100507,0.112694,0.122745,0.160719,"RS(155,125)",0,0,"RS(255,139)",0.545098,1,10683,2.56392,4.7592
4,5,chroma_bt709_bilinear,chroma,2,"chroma(2,full_range=False,matrix=bt709,upsample=bilinear)",max/saturated,4,0.0100507,0,0.0100507,0.0156845,"RS(155,125)",1,3.8052,"RS(255,233)",0.913725,1,17921,4.30104,4.7592
4,5,chroma_bt709_nearest,chroma,2,"chroma(2,full_range=False,matrix=bt709,upsample=nearest)",luma/mean,4,0,0.0160357,0.0160357,0.021209,"RS(155,125)",1,3.8052,"RS(255,229)",0.898039,1,17613,4.22712,4.7592
4,5,chroma_bt709_nearest,chroma,2,"chroma(2,full_range=False,matrix=bt709,upsample=nearest)",luma/saturated,4,0,0,0,0,"RS(155,125)",1,3.8052,"RS(255,254)",0.996078,1,19538,4.68912,4.7592
4,5,chroma_bt709_nearest,chroma,2,"chroma(2,full_range=False,matrix=bt709,upsample=nearest)",max/mean,4,0.0152698,0.0160357,0.0313055,0.0461392,"RS(155,125)",1,3.8052,"RS(255,209)",0.819608,1,16073,3.85752,4.7592
4,5,chroma_bt709_nearest,chroma,2,"chroma(2,full_range=False,matrix=bt709,upsample=nearest)",max/saturated,4,0.0152698,0,0.0152698,0.0251334,"RS(155,125)",1,3.8052,"RS(255,223)",0.87451,1,17151,4.11624,4.7592
4,5,chroma_nearest,chroma,1,"chroma(1,full_range=False,matrix=bt601,upsample=nearest)",luma/mean,4,0,0,0,0,"RS(155,125)",1,3.8052,"RS(255,254)",0.996078,1,19538,4.68912,4.7592
4,5,chroma_nearest,chroma,1,"chroma(1,full_range=False,matrix=bt601,upsample=nearest)",luma/saturated,4,0,0,0,0,"RS(155,125)",1,3.8052,"RS(255,254)",0.996078,1,19538,4.68912,4.7592
4,5,chroma_nearest,chroma,1,"chroma(1,full_range=False,matrix=bt601,upsample=nearest)",max/mean,4,0,0,0,0,"RS(155,125)",1,3.8052,"RS(255,254)",0.996078,1,19538,4.68912,4.7592
4,5,chroma_nearest,chroma,1,"chroma(1,full_range=False,matrix=bt601,upsample=nearest)",max/saturated,4,0,0,0,0,"RS(155,125)",1,3.8052,"RS(255,254)",0.996078,1,19538,4.68912,4.7592
4,5,chroma_nearest,chroma,1.5,"chroma(1.5,full_range=False,matrix=bt601,upsample=nearest)",luma/mean,4,0,0,0,0,"RS(155,125)",1,3.8052,"RS(255,254)",0.996078,1,19538,4.68912,4.7592
4,5,chroma_nearest,chroma,1.5,"chroma(1.5,full_range=False,matrix=bt601,upsample=nearest)",luma/saturated,4,0,0,0,0,"RS(155,125)",1,3.8052,"RS(255,254)",0.996078,1,19538,4.68912,4.7592
4,5,chroma_nearest,chroma,1.5,"chroma(1.5,full_range=False,matrix=bt601,upsample=nearest)",max/mean,4,0.00450059,0,0.00450059,0.00662941,"RS(155,125)",1,3.8052,"RS(255,243)",0.952941,1,18691,4.48584,4.7592
4,5,chroma_nearest,chroma,1.5,"chroma(1.5,full_range=False,matrix=bt601,upsample=nearest)",max/saturated,4,0.00450059,0,0.00450059,0.00662941,"RS(155,125)",1,3.8052,"RS(255,243)",0.952941,1,18691,4.48584,4.7592
4,5,chroma_nearest,chroma,2,"chroma(2,full_range=False,matrix=bt601,upsample=nearest)",luma/mean,4,0,0,0,0,"RS(155,125)",1,3.8052,"RS(255,254)",0.996078,1,19538,4.68912,4.7592
4,5,chroma_nearest,chroma,2,"chroma(2,full_range=False,matrix=bt601,upsample=nearest)",luma/saturated,4,0,0,0,0,"RS(155,125)",1,3.8052,"RS(255,254)",0.996078,1,19538,4.68912,4.7592
4,5,chroma_nearest,chroma,2,"chroma(2,full_range=False,matrix=bt601,upsample=nearest)",max/mean,4,0,0,0,0,"RS(155,125)",1,3.8052,"RS(255,254)",0.996078,1,19538,4.68912,4.7592
4,5,chroma_nearest,chroma,2,"chroma(2,full_range=False,matrix=bt601,upsample=nearest)",max/saturated,4,0,0,0,0,"RS(155,125)",1,3.8052,"RS(255,254)",0.996078,1,19538,4.68912,4.7592
4,5,chroma_nearest,chroma,3,"chroma(3,full_range=False,matrix=bt601,upsample=nearest)",luma/mean,4,0,0.168252,0.168252,0.216154,"RS(155,125)",0,0,"RS(255,103)",0.403922,1,7911,1.89864,4.7592
4,5,chroma_nearest,chroma,3,"chroma(3,full_range=False,matrix=bt601,upsample=nearest)",luma/saturated,4,0,0.0259824,0.0259824,0.0345441,"RS(155,125)",1,3.8052,"RS(255,219)",0.858824,1,16843,4.04232,4.7592
4,5,chroma_nearest,chroma,3,"chroma(3,full_range=False,matrix=bt601,upsample=nearest)",max/mean,4,0.0653814,0.167193,0.232574,0.298222,"RS(155,125)",0,0,"RS(255,67)",0.262745,1,5139,1.23336,4.7592
4,5,chroma_nearest,chroma,3,"chroma(3,full_range=False,matrix=bt601,upsample=nearest)",max/saturated,4,0.0653814,0.0259635,0.0913449,0.127661,"RS(155,125)",0,0,"RS(255,161)",0.631373,1,12377,2.97048,4.7592
4,5,chroma_nearest,chroma,4,"chroma(4,full_range=False,matrix=bt601,upsample=nearest)",luma/mean,4,0,0.24393,0.24393,0.305474,"RS(155,125)",0,0,"RS(255,63)",0.247059,1,4831,1.15944,4.7592
4,5,chroma_nearest,chroma,4,"chroma(4,full_range=False,matrix=bt601,upsample=nearest)",luma/saturated,4,0,0.0897659,0.0897659,0.117272,"RS(155,125)",0,0,"RS(255,165)",0.647059,1,12685,3.0444,4.7592
4,5,chroma_nearest,chroma,4,"chroma(4,full_range=False,matrix=bt601,upsample=nearest)",max/mean,4,0.0626395,0.243977,0.306617,0.375921,"RS(155,125)",0,0,"RS(255,21)",0.0823529,0.75,1597,0.28746,4.7592
4,5,chroma_nearest,chroma,4,"chroma(4,full_range=False,matrix=bt601,upsample=nearest)",max/saturated,4,0.0626395,0.0890284,0.151309,0.19873,"RS(155,125)",0,0,"RS(255,103)",0.403922,1,7911,1.89864,4.7592
4,5,clean,clean,0,clean,luma/mean,4,0,0,0,0,"RS(155,125)",1,3.8052,"RS(255,254)",0.996078,1,19538,4.68912,4.7592
4,5,clean,clean,0,clean,luma/saturated,4,0,0,0,0,"RS(155,125)",1,3.8052,"RS(255,254)",0.996078,1,19538,4.68912,4.7592
4,5,clean,clean,0,clean,max/mean,4,0,0,0,0,"RS(155,125)",1,3.8052,"RS(255,254)",0.996078,1,19538,4.68912,4.7592
4,5,clean,clean,0,clean,max/saturated,4,0,0,0,0,"RS(155,125)",1,3.8052,"RS(255,254)",0.996078,1,19538,4.68912,4.7592
4,5,noise,noise,10,noise(10),luma/mean,4,0,0,0,0,"RS(155,125)",1,3.8052,"RS(255,254)",0.996078,1,19538,4.68912,4.7592
4,5,noise,noise,10,noise(10),luma/saturated,4,0,0,0,0,"RS(155,125)",1,3.8052,"RS(255,254)",0.996078,1,19538,4.68912,4.7592
4,5,noise,noise,10,noise(10),max/mean,4,0,0,0,0,"RS(155,125)",1,3.8052,"RS(255,254)",0.996078,1,19538,4.68912,4.7592
4,5,noise,noise,10,noise(10),max/saturated,4,0,0,0,0,"RS(155,125)",1,3.8052,"RS(255,254)",0.996078,1,19538,4.68912,4.7592
4,5,noise,noise,20,noise(20),luma/mean,4,0,0,0,0,"RS(155,125)",1,3.8052,"RS(255,254)",0.996078,1,19538,4.68912,4.7592
4,5,noise,noise,20,noise(20),luma/saturated,4,0,0,0,0,"RS(155,125)",1,3.8052,"RS(255,254)",0.996078,1,19538,4.68912,4.7592
4,5,noise,noise,20,noise(20),max/mean,4,0,0,0,0,"RS(155,125)",1,3.8052,"RS(255,254)",0.996078,1,19538,4.68912,4.7592
4,5,noise,noise,20,noise(20),max/saturated,4,0,0,0,0,"RS(155,125)",1,3.8052,"RS(255,254)",0.996078,1,19538,4.68912,4.7592
4,5,noise,noise,40,noise(40),luma/mean,4,0.00587156,0,0.00587156,0.00900432,"RS(155,125)",1,3.8052,"RS(255,241)",0.945098,1,18537,4.44888,4.7592
4,5,noise,noise,40,noise(40),luma/saturated,4,0.00587156,0,0.00587156,0.00900432,"RS(155,125)",1,3.8052,"RS(255,241)",0.945098,1,18537,4.44888,4.7592
4,5,noise,noise,40,noise(40),max/mean,4,0,0,0,0,"RS(155,125)",1,3.8052,"RS(255,254)",0.996078,1,19538,4.68912,4.7592
4,5,noise,noise,40,noise(40),max/saturated,4,0,0,0,0,"RS(155,125)",1,3.8052,"RS(255,254)",0.996078,1,19538,4.68912,4.7592
4,5,noise,noise,60,noise(60),luma/mean,4,0.0582996,0.0010306,0.0583847,0.0875159,"RS(155,125)",0,0,"RS(255,179)",0.701961,1,13763,3.30312,4.7592
4,5,noise,noise,60,noise(60),luma/saturated,4,0.0582996,1.891e-05,0.0583185,0.0870714,"RS(155,125)",0,0,"RS(255,179)",0.701961,1,13763,3.30312,4.7592
4,5,noise,noise,60,noise(60),max/mean,4,0,0,0,0,"RS(155,125)",1,3.8052,"RS(255,254)",0.996078,1,19538,4.68912,4.7592
4,5,noise,noise,60,noise(60),max/saturated,4,0,3.78201e-05,3.78201e-05,5.08001e-05,"RS(155,125)",1,3.8052,"RS(255,253)",0.992157,1,19461,4.67064,4.7592
4,5,noise,noise,80,noise(80),luma/mean,4,0.121431,0.0259256,0.12578,0.189878,"RS(155,125)",0,0,"RS(255,119)",0.466667,1,9143,2.19432,4.7592
4,5,noise,noise,80,noise(80),luma/saturated,4,0.121431,0.00394274,0.123785,0.180594,"RS(155,125)",0,0,"RS(255,129)",0.505882,1,9913,2.37912,4.7592
4,5,noise,noise,80,noise(80),max/mean,4,9.45501e-06,0,9.45501e-06,1.27e-05,"RS(155,125)",1,3.8052,"RS(255,253)",0.992157,1,19461,4.67064,4.7592
4,5,noise,noise,80,noise(80),max/saturated,4,9.45501e-06,0.00543663,0.00544609,0.00726441,"RS(155,125)",1,3.8052,"RS(255,243)",0.952941,1,18691,4.48584,4.7592
4,5,perspective,perspective,0.05,perspective(0.05),luma/mean,4,0,0,0,0,"RS(155,125)",1,3.8052,"RS(255,254)",0.996078,1,19538,4.68912,4.7592
4,5,perspective,perspective,0.05,perspective(0.05),luma/saturated,4,0,0,0,0,"RS(155,125)",1,3.8052,"RS(255,254)",0.996078,1,19538,4.68912,4.7592
4,5,perspective,perspective,0.05,perspective(0.05),max/mean,4,0,0,0,0,"RS(155,125)",1,3.8052,"RS(255,254)",0.996078,1,19538,4.68912,4.7592
4,5,perspective,perspective,0.05,perspective(0.05),max/saturated,4,0,0,0,0,"RS(155,125)",1,3.8052,"RS(255,254)",0.996078,1,19538,4.68912,4.7592
4,5,perspective,perspective,0.1,perspective(0.1),luma/mean,4,0,0,0,0,"RS(155,125)",1,3.8052,"RS(255,254)",0.996078,1,19538,4.68912,4.7592
4,5,perspective,perspective,0.1,perspective(0.1),luma/saturated,4,0,0,0,0,"RS(155,125)",1,3.8052,"RS(255,254)",0.996078,1,19538,4.68912,4.7592
4,5,perspective,perspective,0.1,perspective(0.1),max/mean,4,0,0,0,0,"RS(155,125)",1,3.8052,"RS(255,254)",0.996078,1,19538,4.68912,4.7592
4,5,perspective,perspective,0.1,perspective(0.1),max/saturated,4,0,0,0,0,"RS(155,125)",1,3.8052,"RS(255,254)",0.996078,1,19538,4.68912,4.7592
4,5,perspective,perspective,0.15,perspective(0.15),luma/mean,4,0.00034038,0,0.00034038,0.000520701,"RS(155,125)",1,3.8052,"RS(255,251)",0.984314,1,19307,4.63368,4.7592
4,5,perspective,perspective,0.15,perspective(0.15),luma/saturated,4,0.00034038,0,0.00034038,0.000520701,"RS(155,125)",1,3.8052,"RS(255,251)",0.984314,1,19307,4.63368,4.7592
4,5,perspective,perspective,0.15,perspective(0.15),max/mean,4,0.00030256,0,0.00030256,0.000482601,"RS(155,125)",1,3.8052,"RS(255,251)",0.984314,1,19307,4.63368,4.7592
4,5,perspective,perspective,0.15,perspective(0.15),max/saturated,4,0.00030256,0,0.00030256,0.000482601,"RS(155,125)",1,3.8052,"RS(255,251)",0.984314,1,19307,4.63368,4.7592
4,5,perspective,perspective,0.2,perspective(0.2),luma/mean,4,0.00579592,0,0.00579592,0.00882652,"RS(155,125)",1,3.8052,"RS(255,227)",0.890196,1,17459,4.19016,4.7592
4,5,perspective,perspective,0.2,perspective(0.2),luma/saturated,4,0.00579592,0,0.00579592,0.00882652,"RS(155,125)",1,3.8052,"RS(255,227)",0.890196,1,17459,4.19016,4.7592
4,5,perspective,perspective,0.2,perspective(0.2),max/mean,4,0.00553118,0,0.00553118,0.00847092,"RS(155,125)",1,3.8052,"RS(255,229)",0.898039,1,17613,4.22712,4.7592
4,5,perspective,perspective,0.2,perspective(0.2),max/saturated,4,0.00553118,0,0.00553118,0.00847092,"RS(155,125)",1,3.8052,"RS(255,229)",0.898039,1,17613,4.22712,4.7592
4,5,perspective,perspective,0.3,perspective(0.3),luma/mean,4,0.104062,0.00011346,0.104071,0.140818,"RS(155,125)",0.25,0.9513,"RS(255,159)",0.623529,0.75,12223,2.20014,4.7592
4,5,perspective,perspective,0.3,perspective(0.3),luma/saturated,4,0.104062,0.000217465,0.104081,0.140843,"RS(155,125)",0.25,0.9513,"RS(255,159)",0.623529,0.75,12223,2.20014,4.7592
4,5,perspective,perspective,0.3,perspective(0.3),max/mean,4,0.0961291,8.50951e-05,0.096148,0.132207,"RS(155,125)",0.25,0.9513,"RS(255,169)",0.662745,0.75,12993,2.33874,4.7592
4,5,perspective,perspective,0.3,perspective(0.3),max/saturated,4,0.0961291,0.000444386,0.0962237,0.132309,"RS(155,125)",0.25,0.9513,"RS(255,169)",0.662745,0.75,12993,2.33874,4.7592
4,5,white_balance,white_balance,0.5,white_balance(0.5),luma/mean,4,0,0,0,0,"RS(155,125)",1,3.8052,"RS(255,254)",0.996078,1,19538,4.68912,4.7592
4,5,white_balance,white_balance,0.5,white_balance(0.5),luma/saturated,4,0,0,0,0,"RS(155,125)",1,3.8052,"RS(255,254)",0.996078,1,19538,4.68912,4.7592
4,5,white_balance,white_balance,0.5,white_balance(0.5),max/mean,4,0,0,0,0,"RS(155,125)",1,3.8052,"RS(255,254)",0.996078,1,19538,4.68912,4.7592
4,5,white_balance,white_balance,0.5,white_balance(0.5),max/saturated,4,0,0,0,0,"RS(155,125)",1,3.8052,"RS(255,254)",0.996078,1,19538,4.68912,4.7592
4,5,white_balance,white_balance,1,white_balance(1),luma/mean,4,0,0,0,0,"RS(155,125)",1,3.8052,"RS(255,254)",0.996078,1,19538,4.68912,4.7592
4,5,white_balance,white_balance,1,white_balance(1),luma/saturated,4,0,0,0,0,"RS(155,125)",1,3.8052,"RS(255,254)",0.996078,1,19538,4.68912,4.7592
4,5,white_balance,white_balance,1,white_balance(1),max/mean,4,0,0,0,0,"RS(155,125)",1,3.8052,"RS(255,254)",0.996078,1,19538,4.68912,4.7592
4,5,white_balance,white_balance,1,white_balance(1),max/saturated,4,0,0,0,0,"RS(155,125)",1,3.8052,"RS(255,254)",0.996078,1,19538,4.68912,4.7592
4,5,white_balance,white_balance,2,white_balance(2),luma/mean,4,0,0,0,0,"RS(155,125)",1,3.8052,"RS(255,254)",0.996078,1,19538,4.68912,4.7592
4,5,white_balance,white_balance,2,white_balance(2),luma/saturated,4,0,0,0,0,"RS(155,125)",1,3.8052,"RS(255,254)",0.996078,1,19538,4.68912,4.7592
4,5,white_balance,white_balance,2,white_balance(2),max/mean,4,0,0,0,0,"RS(155,125)",1,3.8052,"RS(255,254)",0.996078,1,19538,4.68912,4.7592
4,5,white_balance,white_balance,2,white_balance(2),max/saturated,4,0,0,0,0,"RS(155,125)",1,3.8052,"RS(255,254)",0.996078,1,19538,4.68912,4.7592
4,5,white_balance,white_balance,3,white_balance(3),luma/mean,4,0,0,0,0,"RS(155,125)",1,3.8052,"RS(255,254)",0.996078,1,19538,4.68912,4.7592
4,5,white_balance,white_balance,3,white_balance(3),luma/saturated,4,0,0,0,0,"RS(155,125)",1,3.8052,"RS(255,254)",0.996078,1,19538,4.68912,4.7592
4,5,white_balance,white_balance,3,white_balance(3),max/mean,4,0,0,0,0,"RS(155,125)",1,3.8052,"RS(255,254)",0.996078,1,19538,4.68912,4.7592
4,5,white_balance,white_balance,3,white_balance(3),max/saturated,4,0,0,0,0,"RS(155,125)",1,3.8052,"RS(255,254)",0.996078,1,19538,4.68912,4.7592
4,5,white_balance,white_balance,4,white_balance(4),luma/mean,4,0,0,0,0,"RS(155,125)",1,3.8052,"RS(255,254)",0.996078,1,19538,4.68912,4.7592
4,5,white_balance,white_balance,4,white_balance(4),luma/saturated,4,0,0,0,0,"RS(155,125)",1,3.8052,"RS(255,254)",0.996078,1,19538,4.68912,4.7592
4,5,white_balance,white_balance,4,white_balance(4),max/mean,4,0,0,0,0,"RS(155,125)",1,3.8052,"RS(255,254)",0.996078,1,19538,4.68912,4.7592
4,5,white_balance,white_balance,4,white_balance(4),max/saturated,4,0,0,0,0,"RS(155,125)",1,3.8052,"RS(255,254)",0.996078,1,19538,4.68912,4.7592
4,6,blur,blur,0.5,blur(0.5),luma/mean,4,0,0,0,0,"RS(155,125)",1,2.7852,"RS(155,154)",0.993548,1,14302,3.43248,3.47472
4,6,blur,blur,0.5,blur(0.5),luma/saturated,4,0,0,0,0,"RS(155,125)",1,2.7852,"RS(155,154)",0.993548,1,14302,3.43248,3.47472
4,6,blur,blur,0.5,blur(0.5),max/mean,4,0,0,0,0,"RS(155,125)",1,2.7852,"RS(155,154)",0.993548,1,14302,3.43248,3.47472
4,6,blur,blur,0.5,blur(0.5),max/saturated,4,0,0,0,0,"RS(155,125)",1,2.7852,"RS(155,154)",0.993548,1,14302,3.43248,3.47472
4,6,blur,blur,0.75,blur(0.75),luma/mean,4,0,0,0,0,"RS(155,125)",1,2.7852,"RS(155,154)",0.993548,1,14302,3.43248,3.47472
4,6,blur,blur,0.75,blur(0.75),luma/saturated,4,0,0,0,0,"RS(155,125)",1,2.7852,"RS(155,154)",0.993548,1,14302,3.43248,3.47472
4,6,blur,blur,0.75,blur(0.75),max/mean,4,0,0,0,0,"RS(155,125)",1,2.7852,"RS(155,154)",0.993548,1,14302,3.43248,3.47472
4,6,blur,blur,0.75,blur(0.75),max/saturated,4,0,0,0,0,"RS(155,125)",1,2.7852,"RS(155,154)",0.993548,1,14302,3.43248,3.47472
4,6,blur,blur,1,blur(1),luma/mean,4,0.0039109,0,0.0039109,0.00591398,"RS(155,125)",1,2.7852,"RS(155,147)",0.948387,1,13651,3.27624,3.47472
4,6,blur,blur,1,blur(1),luma/saturated,4,0.0039109,0,0.0039109,0.00591398,"RS(155,125)",1,2.7852,"RS(155,147)",0.948387,1,13651,3.27624,3.47472
4,6,blur,blur,1,blur(1),max/mean,4,0,0,0,0,"RS(155,125)",1,2.7852,"RS(155,154)",0.993548,1,14302,3.43248,3.47472
4,6,blur,blur,1,blur(1),max/saturated,4,0,0,0,0,"RS(155,125)",1,2.7852,"RS(155,154)",0.993548,1,14302,3.43248,3.47472
4,6,blur,blur,1.25,blur(1.25),luma/mean,4,0.0995856,0,0.0995856,0.146809,"RS(155,125)",0,0,"RS(255,149)",0.584314,1,8324,1.99776,3.47472
4,6,blur,blur,1.25,blur(1.25),luma/saturated,4,0.0995856,0,0.0995856,0.146809,"RS(155,125)",0,0,"RS(255,149)",0.584314,1,8324,1.99776,3.47472
4,6,blur,blur,1.25,blur(1.25),max/mean,4,0.00130795,0,0.00130795,0.00211585,"RS(155,125)",1,2.7852,"RS(255,247)",0.968627,1,13812,3.31488,3.47472
4,6,blur,blur,1.25,blur(1.25),max/saturated,4,0.00130795,0,0.00130795,0.00211585,"RS(155,125)",1,2.7852,"RS(255,247)",0.968627,1,13812,3.31488,3.47472
4,6,blur,blur,1.5,blur(1.5),luma/mean,4,0.313779,0,0.313779,0.424488,"RS(155,125)",0,0,"RS(255,11)",0.0431373,0.5,596,0.07152,3.47472
4,6,blur,blur,1.5,blur(1.5),luma/saturated,4,0.313779,0,0.313779,0.424488,"RS(155,125)",0,0,"RS(255,11)",0.0431373,0.5,596,0.07152,3.47472
4,6,blur,blur,1.5,blur(1.5),max/mean,4,0.166032,0,0.166032,0.236663,"RS(155,125)",0,0,"RS(255,99)",0.388235,1,5524,1.32576,3.47472
4,6,blur,blur,1.5,blur(1.5),max/saturated,4,0.166032,0,0.166032,0.236663,"RS(155,125)",0,0,"RS(255,99)",0.388235,1,5524,1.32576,3.47472
4,6,blur,blur,2,blur(2),luma/mean,4,0.670176,0,0.670176,0.783195,"RS(155,125)",0,0,"RS(255,254)",0.996078,0,14204,0,3.47472
4,6,blur,blur,2,blur(2),luma/saturated,4,0.670176,1.295e-05,0.670176,0.783195,"RS(155,125)",0,0,"RS(255,254)",0.996078,0,14204,0,3.47472
4,6,blur,blur,2,blur(2),max/mean,4,0.574061,0,0.574061,0.698543,"RS(155,125)",0,0,"RS(255,254)",0.996078,0,14204,0,3.47472
4,6,blur,blur,2,blur(2),max/saturated,4,0.574061,9.06501e-05,0.574061,0.698561,"RS(155,125)",0,0,"RS(255,254)",0.996078,0,14204,0,3.47472
4,6,chroma_bilinear,chroma,1,"chroma(1,full_range=False,matrix=bt601,upsample=bilinear)",luma/mean,4,0,0,0,0,"RS(155,125)",1,2.7852,"RS(155,154)",0.993548,1,14302,3.43248,3.47472
4,6,chroma_bilinear,chroma,1,"chroma(1,full_range=False,matrix=bt601,upsample=bilinear)",luma/saturated,4,0,0,0,0,"RS(155,125)",1,2.7852,"RS(155,154)",0.993548,1,14302,3.43248,3.47472
4,6,chroma_bilinear,chroma,1,"chroma(1,full_range=False,matrix=bt601,upsample=bilinear)",max/mean,4,0,0,0,0,"RS(155,125)",1,2.7852,"RS(155,154)",0.993548,1,14302,3.43248,3.47472
4,6,chroma_bilinear,chroma,1,"chroma(1,full_range=False,matrix=bt601,upsample=bilinear)",max/saturated,4,0,0,0,0,"RS(155,125)",1,2.7852,"RS(155,154)",0.993548,1,14302,3.43248,3.47472
4,6,chroma_bilinear,chroma,1.5,"chroma(1.5,full_range=False,matrix=bt601,upsample=bilinear)",luma/mean,4,0,0,0,0,"RS(155,125)",1,2.7852,"RS(155,154)",0.993548,1,14302,3.43248,3.47472
4,6,chroma_bilinear,chroma,1.5,"chroma(1.5,full_range=False,matrix=bt601,upsample=bilinear)",luma/saturated,4,0,0,0,0,"RS(155,125)",1,2.7852,"RS(155,154)",0.993548,1,14302,3.43248,3.47472
4,6,chroma_bilinear,chroma,1.5,"chroma(1.5,full_range=False,matrix=bt601,upsample=bilinear)",max/mean,4,0,0,0,0,"RS(155,125)",1,2.7852,"RS(155,154)",0.993548,1,14302,3.43248,3.47472
4,6,chroma_bilinear,chroma,1.5,"chroma(1.5,full_range=False,matrix=bt601,upsample=bilinear)",max/saturated,4,0,0,0,0,"RS(155,125)",1,2.7852,"RS(155,154)",0.993548,1,14302,3.43248,3.47472
4,6,chroma_bilinear,chroma,2,"chroma(2,full_range=False,matrix=bt601,upsample=bilinear)",luma/mean,4,0,0.0001036,0.0001036,0.000138744,"RS(155,125)",1,2.7852,"RS(155,153)",0.987097,1,14209,3.41016,3.47472
4,6,chroma_bilinear,chroma,2,"chroma(2,full_range=False,matrix=bt601,upsample=bilinear)",luma/saturated,4,0,0,0,0,"RS(155,125)",1,2.7852,"RS(155,154)",0.993548,1,14302,3.43248,3.47472
4,6,chroma_bilinear,chroma,2,"chroma(2,full_range=False,matrix=bt601,upsample=bilinear)",max/mean,4,0,0.0001036,0.0001036,0.000138744,"RS(155,125)",1,2.7852,"RS(155,153)",0.987097,1,14209,3.41016,3.47472
4,6,chroma_bilinear,chroma,2,"chroma(2,full_range=False,matrix=bt601,upsample=bilinear)",max/saturated,4,0,0,0,0,"RS(155,125)",1,2.7852,"RS(155,154)",0.993548,1,14302,3.43248,3.47472
4,6,chroma_bilinear,chroma,3,"chroma(3,full_range=False,matrix=bt601,upsample=bilinear)",luma/mean,4,0,0.144846,0.144846,0.188328,"RS(155,125)",0,0,"RS(255,127)",0.498039,1,7092,1.70208,3.47472
4,6,chroma_bilinear,chroma,3,"chroma(3,full_range=False,matrix=bt601,upsample=bilinear)",luma/saturated,4,0,0.0147501,0.0147501,0.019615,"RS(155,125)",1,2.7852,"RS(255,227)",0.890196,1,12692,3.04608,3.47472
4,6,chroma_bilinear,chroma,3,"chroma(3,full_range=False,matrix=bt601,upsample=bilinear)",max/mean,4,0.00187775,0.14504,0.146918,0.190912,"RS(155,125)",0,0,"RS(255,127)",0.498039,1,7092,1.70208,3.47472
4,6,chroma_bilinear,chroma,3,"chroma(3,full_range=False,matrix=bt601,upsample=bilinear)",max/saturated,4,0.00187775,0.0146724,0.0165501,0.0223205,"RS(155,125)",1,2.7852,"RS(255,227)",0.890196,1,12692,3.04608,3.47472
4,6,chroma_bilinear,chroma,4,"chroma(4,full_range=False,matrix=bt601,upsample=bilinear)",luma/mean,4,0,0.262005,0.262005,0.328044,"RS(155,125)",0,0,"RS(255,47)",0.184314,1,2612,0.62688,3.47472
4,6,chroma_bilinear,chroma,4,"chroma(4,full_range=False,matrix=bt601,upsample=bilinear)",luma/saturated,4,0,0.101567,0.101567,0.133524,"RS(155,125)",0,0,"RS(255,155)",0.607843,1,8660,2.0784,3.47472
4,6,chroma_bilinear,chroma,4,"chroma(4,full_range=False,matrix=bt601,upsample=bilinear)",max/mean,4,0.0037555,0.261888,0.265644,0.331946,"RS(155,125)",0,0,"RS(255,43)",0.168627,1,2388,0.57312,3.47472
4,6,chroma_bilinear,chroma,4,"chroma(4,full_range=False,matrix=bt601,upsample=bilinear)",max/saturated,4,0.0037555,0.101515,0.105271,0.138276,"RS(155,125)",0,0,"RS(255,155)",0.607843,1,8660,2.0784,3.47472
4,6,chroma_bt709_bilinear,chroma,2,"chroma(2,full_range=False,matrix=bt709,upsample=bilinear)",luma/mean,4,0,0.0284253,0.0284253,0.0377905,"RS(155,125)",0.75,2.0889,"RS(255,219)",0.858824,1,12244,2.93856,3.47472
4,6,chroma_bt709_bilinear,chroma,2,"chroma(2,full_range=False,matrix=bt709,upsample=bilinear)",luma/saturated,4,0,0,0,0,"RS(155,125)",1,2.7852,"RS(155,154)",0.993548,1,14302,3.43248,3.47472
4,6,chroma_bt709_bilinear,chroma,2,"chroma(2,full_range=False,matrix=bt709,upsample=bilinear)",max/mean,4,1.295e-05,0.0284123,0.0284253,0.0377905,"RS(155,125)",0.75,2.0889,"RS(255,219)",0.858824,1,12244,2.93856,3.47472
4,6,chroma_bt709_bilinear,chroma,2,"chroma(2,full_range=False,matrix=bt709,upsample=bilinear)",max/saturated,4,1.295e-05,0,1.295e-05,1.7343e-05,"RS(155,125)",1,2.7852,"RS(155,153)",0.987097,1,14209,3.41016,3.47472
4,6,chroma_bt709_nearest,chroma,2,"chroma(2,full_range=False,matrix=bt709,upsample=nearest)",luma/mean,4,0,0,0,0,"RS(155,125)",1,2.7852,"RS(155,154)",0.993548,1,14302,3.43248,3.47472
4,6,chroma_bt709_nearest,chroma,2,"chroma(2,full_range=False,matrix=bt709,upsample=nearest)",luma/saturated,4,0,0,0,0,"RS(155,125)",1,2.7852,"RS(155,154)",0.993548,1,14302,3.43248,3.47472
4,6,chroma_bt709_nearest,chroma,2,"chroma(2,full_range=False,matrix=bt709,upsample=nearest)",max/mean,4,0,0,0,0,"RS(155,125)",1,2.7852,"RS(155,154)",0.993548,1,14302,3.43248,3.47472
4,6,chroma_bt709_nearest,chroma,2,"chroma(2,full_range=False,matrix=bt709,upsample=nearest)",max/saturated,4,0,0,0,0,"RS(155,125)",1,2.7852,"RS(155,154)",0.993548,1,14302,3.43248,3.47472
4,6,chroma_nearest,chroma,1,"chroma(1,full_range=False,matrix=bt601,upsample=nearest)",luma/mean,4,0,0,0,0,"RS(155,125)",1,2.7852,"RS(155,154)",0.993548,1,14302,3.43248,3.47472
4,6,chroma_nearest,chroma,1,"chroma(1,full_range=False,matrix=bt601,upsample=nearest)",luma/saturated,4,0,0,0,0,"RS(155,125)",1,2.7852,"RS(155,154)",0.993548,1,14302,3.43248,3.47472
4,6,chroma_nearest,chroma,1,"chroma(1,full_range=False,matrix=bt601,upsample=nearest)",max/mean,4,0,0,0,0,"RS(155,125)",1,2.7852,"RS(155,154)",0.993548,1,14302,3.43248,3.47472
4,6,chroma_nearest,chroma,1,"chroma(1,full_range=False,matrix=bt601,upsample=nearest)",max/saturated,4,0,0,0,0,"RS(155,125)",1,2.7852,"RS(155,154)",0.993548,1,14302,3.43248,3.47472
4,6,chroma_nearest,chroma,1.5,"chroma(1.5,full_range=False,matrix=bt601,upsample=nearest)",luma/mean,4,0,0.00291375,0.00291375,0.00388484,"RS(155,125)",1,2.7852,"RS(155,149)",0.96129,1,13837,3.32088,3.47472
4,6,chroma_nearest,chroma,1.5,"chroma(1.5,full_range=False,matrix=bt601,upsample=nearest)",luma/saturated,4,0,0,0,0,"RS(155,125)",1,2.7852,"RS(155,154)",0.993548,1,14302,3.43248,3.47472
4,6,chroma_nearest,chroma,1.5,"chroma(1.5,full_range=False,matrix=bt601,upsample=nearest)",max/mean,4,0.0171458,0.0029267,0.0200725,0.0297086,"RS(155,125)",1,2.7852,"RS(255,227)",0.890196,1,12692,3.04608,3.47472
4,6,chroma_nearest,chroma,1.5,"chroma(1.5,full_range=False,matrix=bt601,upsample=nearest)",max/saturated,4,0.0171458,0,0.0171458,0.0258932,"RS(155,125)",1,2.7852,"RS(255,227)",0.890196,1,12692,3.04608,3.47472
4,6,chroma_nearest,chroma,2,"chroma(2,full_range=False,matrix=bt601,upsample=nearest)",luma/mean,4,0,0,0,0,"RS(155,125)",1,2.7852,"RS(155,154)",0.993548,1,14302,3.43248,3.47472
4,6,chroma_nearest,chroma,2,"chroma(2,full_range=False,matrix=bt601,upsample=nearest)",luma/saturated,4,0,0,0,0,"RS(155,125)",1,2.7852,"RS(155,154)",0.993548,1,14302,3.43248,3.47472
4,6,chroma_nearest,chroma,2,"chroma(2,full_range=False,matrix=bt601,upsample=nearest)",max/mean,4,0,0,0,0,"RS(155,125)",1,2.7852,"RS(155,154)",0.993548,1,14302,3.43248,3.47472
4,6,chroma_nearest,chroma,2,"chroma(2,full_range=False,matrix=bt601,upsample=nearest)",max/saturated,4,0,0,0,0,"RS(155,125)",1,2.7852,"RS(155,154)",0.993548,1,14302,3.43248,3.47472
4,6,chroma_nearest,chroma,3,"chroma(3,full_range=False,matrix=bt601,upsample=nearest)",luma/mean,4,0,0.104299,0.104299,0.136282,"RS(155,125)",0,0,"RS(255,153)",0.6,1,8548,2.05152,3.47472
4,6,chroma_nearest,chroma,3,"chroma(3,full_range=False,matrix=bt601,upsample=nearest)",luma/saturated,4,0,0.00567211,0.00567211,0.00752688,"RS(155,125)",1,2.7852,"RS(255,241)",0.945098,1,13476,3.23424,3.47472
4,6,chroma_nearest,chroma,3,"chroma(3,full_range=False,matrix=bt601,upsample=nearest)",max/mean,4,0.0371406,0.103794,0.140935,0.186785,"RS(155,125)",0,0,"RS(255,127)",0.498039,1,7092,1.70208,3.47472
4,6,chroma_nearest,chroma,3,"chroma(3,full_range=False,matrix=bt601,upsample=nearest)",max/saturated,4,0.0371406,0.00567211,0.0427998,0.063701,"RS(155,125)",0,0,"RS(255,201)",0.788235,1,11236,2.69664,3.47472
4,6,chroma_nearest,chroma,4,"chroma(4,full_range=False,matrix=bt601,upsample=nearest)",luma/mean,4,0,0.169606,0.169606,0.21821,"RS(155,125)",0,0,"RS(255,107)",0.419608,1,5972,1.43328,3.47472
4,6,chroma_nearest,chroma,4,"chroma(4,full_range=False,matrix=bt601,upsample=nearest)",luma/saturated,4,0,0.0173271,0.0173271,0.0229275,"RS(155,125)",1,2.7852,"RS(255,227)",0.890196,1,12692,3.04608,3.47472
4,6,chroma_nearest,chroma,4,"chroma(4,full_range=False,matrix=bt601,upsample=nearest)",max/mean,4,0.0276612,0.169373,0.197034,0.255879,"RS(155,125)",0,0,"RS(255,79)",0.309804,1,4404,1.05696,3.47472
4,6,chroma_nearest,chroma,4,"chroma(4,full_range=False,matrix=bt601,upsample=nearest)",max/saturated,4,0.0276612,0.0176379,0.0451178,0.0656261,"RS(155,125)",0,0,"RS(255,199)",0.780392,1,11124,2.66976,3.47472
4,6,clean,clean,0,clean,luma/mean,4,0,0,0,0,"RS(155,125)",1,2.7852,"RS(155,154)",0.993548,1,14302,3.43248,3.47472
4,6,clean,clean,0,clean,luma/saturated,4,0,0,0,0,"RS(155,125)",1,2.7852,"RS(155,154)",0.993548,1,14302,3.43248,3.47472
4,6,clean,clean,0,clean,max/mean,4,0,0,0,0,"RS(155,125)",1,2.7852,"RS(155,154)",0.993548,1,14302,3.43248,3.47472
4,6,clean,clean,0,clean,max/saturated,4,0,0,0,0,"RS(155,125)",1,2.7852,"RS(155,154)",0.993548,1,14302,3.43248,3.47472
4,6,noise,noise,10,noise(10),luma/mean,4,0,0,0,0,"RS(155,125)",1,2.7852,"RS(155,154)",0.993548,1,14302,3.43248,3.47472
4,6,noise,noise,10,noise(10),luma/saturated,4,0,0,0,0,"RS(155,125)",1,2.7852,"RS(155,154)",0.993548,1,14302,3.43248,3.47472
4,6,noise,noise,10,noise(10),max/mean,4,0,0,0,0,"RS(155,125)",1,2.7852,"RS(155,154)",0.993548,1,14302,3.43248,3.47472
4,6,noise,noise,10,noise(10),max/saturated,4,0,0,0,0,"RS(155,125)",1,2.7852,"RS(155,154)",0.993548,1,14302,3.43248,3.47472
4,6,noise,noise,20,noise(20),luma/mean,4,0,0,0,0,"RS(155,125)",1,2.7852,"RS(155,154)",0.993548,1,14302,3.43248,3.47472
4,6,noise,noise,20,noise(20),luma/saturated,4,0,0,0,0,"RS(155,125)",1,2.7852,"RS(155,154)",0.993548,1,14302,3.43248,3.47472
4,6,noise,noise,20,noise(20),max/mean,4,0,0,0,0,"RS(155,125)",1,2.7852,"RS(155,154)",0.993548,1,14302,3.43248,3.47472
4,6,noise,noise,20,noise(20),max/saturated,4,0,0,0,0,"RS(155,125)",1,2.7852,"RS(155,154)",0.993548,1,14302,3.43248,3.47472
4,6,noise,noise,40,noise(40),luma/mean,4,0.000997151,0,0.000997151,0.00152619,"RS(155,125)",1,2.7852,"RS(255,251)",0.984314,1,14036,3.36864,3.47472
4,6,noise,noise,40,noise(40),luma/saturated,4,0.000997151,0,0.000997151,0.00152619,"RS(155,125)",1,2.7852,"RS(255,251)",0.984314,1,14036,3.36864,3.47472
4,6,noise,noise,40,noise(40),max/mean,4,0,0,0,0,"RS(155,125)",1,2.7852,"RS(155,154)",0.993548,1,14302,3.43248,3.47472
4,6,noise,noise,40,noise(40),max/saturated,4,0,0,0,0,"RS(155,125)",1,2.7852,"RS(155,154)",0.993548,1,14302,3.43248,3.47472
4,6,noise,noise,60,noise(60),luma/mean,4,0.0302642,0.00011655,0.0302771,0.0457336,"RS(155,125)",0.75,2.0889,"RS(255,205)",0.803922,1,11460,2.7504,3.47472
4,6,noise,noise,60,noise(60),luma/saturated,4,0.0302642,0,0.0302642,0.0456642,"RS(155,125)",0.75,2.0889,"RS(255,205)",0.803922,1,11460,2.7504,3.47472
4,6,noise,noise,60,noise(60),max/mean,4,0,0,0,0,"RS(155,125)",1,2.7852,"RS(155,154)",0.993548,1,14302,3.43248,3.47472
4,6,noise,noise,60,noise(60),max/saturated,4,0,2.59e-05,2.59e-05,3.46861e-05,"RS(155,125)",1,2.7852,"RS(155,153)",0.987097,1,14209,3.41016,3.47472
4,6,noise,noise,80,noise(80),luma/mean,4,0.0885133,0.0105672,0.0907537,0.136594,"RS(155,125)",0,0,"RS(255,147)",0.576471,1,8212,1.97088,3.47472
4,6,noise,noise,80,noise(80),luma/saturated,4,0.0885133,0.000880601,0.0892126,0.131894,"RS(155,125)",0,0,"RS(255,149)",0.584314,1,8324,1.99776,3.47472
4,6,noise,noise,80,noise(80),max/mean,4,1.295e-05,0,1.295e-05,1.7343e-05,"RS(155,125)",1,2.7852,"RS(155,153)",0.987097,1,14209,3.41016,3.47472
4,6,noise,noise,80,noise(80),max/saturated,4,1.295e-05,0.00262885,0.0026418,0.00353798,"RS(155,125)",1,2.7852,"RS(255,247)",0.968627,1,13812,3.31488,3.47472
4,6,perspective,perspective,0.05,perspective(0.05),luma/mean,4,0,0,0,0,"RS(155,125)",1,2.7852,"RS(155,154)",0.993548,1,14302,3.43248,3.47472
4,6,perspective,perspective,0.05,perspective(0.05),luma/saturated,4,0,0,0,0,"RS(155,125)",1,2.7852,"RS(155,154)",0.993548,1,14302,3.43248,3.47472
4,6,perspective,perspective,0.05,perspective(0.05),max/mean,4,0,0,0,0,"RS(155,125)",1,2.7852,"RS(155,154)",0.993548,1,14302,3.43248,3.47472
4,6,perspective,perspective,0.05,perspective(0.05),max/saturated,4,0,0,0,0,"RS(155,125)",1,2.7852,"RS(155,154)",0.993548,1,14302,3.43248,3.47472
4,6,perspective,perspective,0.1,perspective(0.1),luma/mean,4,0,0,0,0,"RS(155,125)",1,2.7852,"RS(155,154)",0.993548,1,14302,3.43248,3.47472
4,6,perspective,perspective,0.1,perspective(0.1),luma/saturated,4,0,0,0,0,"RS(155,125)",1,2.7852,"RS(155,154)",0.993548,1,14302,3.43248,3.47472
4,6,perspective,perspective,0.1,perspective(0.1),max/mean,4,0,0,0,0,"RS(155,125)",1,2.7852,"RS(155,154)",0.993548,1,14302,3.43248,3.47472
4,6,perspective,perspective,0.1,perspective(0.1),max/saturated,4,0,0,0,0,"RS(155,125)",1,2.7852,"RS(155,154)",0.993548,1,14302,3.43248,3.47472
4,6,perspective,perspective,0.15,perspective(0.15),luma/mean,4,0,0,0,0,"RS(155,125)",1,2.7852,"RS(155,154)",0.993548,1,14302,3.43248,3.47472
4,6,perspective,perspective,0.15,perspective(0.15),luma/saturated,4,0,0,0,0,"RS(155,125)",1,2.7852,"RS(155,154)",0.993548,1,14302,3.43248,3.47472
4,6,perspective,perspective,0.15,perspective(0.15),max/mean,4,0,0,0,0,"RS(155,125)",1,2.7852,"RS(155,154)",0.993548,1,14302,3.43248,3.47472
4,6,perspective,perspective,0.15,perspective(0.15),max/saturated,4,0,0,0,0,"RS(155,125)",1,2.7852,"RS(155,154)",0.993548,1,14302,3.43248,3.47472
4,6,perspective,perspective,0.2,perspective(0.2),luma/mean,4,0.00011655,0,0.00011655,0.000208117,"RS(155,125)",1,2.7852,"RS(155,153)",0.987097,1,14209,3.41016,3.47472
4,6,perspective,perspective,0.2,perspective(0.2),luma/saturated,4,0.00011655,0,0.00011655,0.000208117,"RS(155,125)",1,2.7852,"RS(155,153)",0.987097,1,14209,3.41016,3.47472
4,6,perspective,perspective,0.2,perspective(0.2),max/mean,4,2.59e-05,0,2.59e-05,6.93722e-05,"RS(155,125)",1,2.7852,"RS(155,153)",0.987097,1,14209,3.41016,3.47472
4,6,perspective,perspective,0.2,perspective(0.2),max/saturated,4,2.59e-05,0,2.59e-05,6.93722e-05,"RS(155,125)",1,2.7852,"RS(155,153)",0.987097,1,14209,3.41016,3.47472
4,6,perspective,perspective,0.3,perspective(0.3),luma/mean,4,0.0428386,0,0.0428386,0.0584461,"RS(155,125)",0.5,1.3926,"RS(255,201)",0.788235,0.75,11236,2.02248,3.47472
4,6,perspective,perspective,0.3,perspective(0.3),luma/saturated,4,0.0428386,0,0.0428386,0.0584461,"RS(155,125)",0.5,1.3926,"RS(255,201)",0.788235,0.75,11236,2.02248,3.47472
4,6,perspective,perspective,0.3,perspective(0.3),max/mean,4,0.0327117,0,0.0327117,0.0449532,"RS(155,125)",0.75,2.0889,"RS(255,215)",0.843137,0.75,12020,2.1636,3.47472
4,6,perspective,perspective,0.3,perspective(0.3),max/saturated,4,0.0327117,0.0001295,0.0328024,0.0450746,"RS(155,125)",0.75,2.0889,"RS(255,215)",0.843137,0.75,12020,2.1636,3.47472
4,6,white_balance,white_balance,0.5,white_balance(0.5),luma/mean,4,0,0,0,0,"RS(155,125)",1,2.7852,"RS(155,154)",0.993548,1,14302,3.43248,3.47472
4,6,white_balance,white_balance,0.5,white_balance(0.5),luma/saturated,4,0,0,0,0,"RS(155,125)",1,2.7852,"RS(155,154)",0.993548,1,14302,3.43248,3.47472
4,6,white_balance,white_balance,0.5,white_balance(0.5),max/mean,4,0,0,0,0,"RS(155,125)",1,2.7852,"RS(155,154)",0.993548,1,14302,3.43248,3.47472
4,6,white_balance,white_balance,0.5,white_balance(0.5),max/saturated,4,0,0,0,0,"RS(155,125)",1,2.7852,"RS(155,154)",0.993548,1,14302,3.43248,3.47472
4,6,white_balance,white_balance,1,white_balance(1),luma/mean,4,0,0,0,0,"RS(155,125)",1,2.7852,"RS(155,154)",0.993548,1,14302,3.43248,3.47472
4,6,white_balance,white_balance,1,white_balance(1),luma/saturated,4,0,0,0,0,"RS(155,125)",1,2.7852,"RS(155,154)",0.993548,1,14302,3.43248,3.47472
4,6,white_balance,white_balance,1,white_balance(1),max/mean,4,0,0,0,0,"RS(155,125)",1,2.7852,"RS(155,154)",0.993548,1,14302,3.43248,3.47472
4,6,white_balance,white_balance,1,white_balance(1),max/saturated,4,0,0,0,0,"RS(155,125)",1,2.7852,"RS(155,154)",0.993548,1,14302,3.43248,3.47472
4,6,white_balance,white_balance,2,white_balance(2),luma/mean,4,0,0,0,0,"RS(155,125)",1,2.7852,"RS(155,154)",0.993548,1,14302,3.43248,3.47472
4,6,white_balance,white_balance,2,white_balance(2),luma/saturated,4,0,0,0,0,"RS(155,125)",1,2.7852,"RS(155,154)",0.993548,1,14302,3.43248,3.47472
4,6,white_balance,white_balance,2,white_balance(2),max/mean,4,0,0,0,0,"RS(155,125)",1,2.7852,"RS(155,154)",0.993548,1,14302,3.43248,3.47472
4,6,white_balance,white_balance,2,white_balance(2),max/saturated,4,0,0,0,0,"RS(155,125)",1,2.7852,"RS(155,154)",0.993548,1,14302,3.43248,3.47472
4,6,white_balance,white_balance,3,white_balance(3),luma/mean,4,0,0,0,0,"RS(155,125)",1,2.7852,"RS(155,154)",0.993548,1,14302,3.43248,3.47472
4,6,white_balance,white_balance,3,white_balance(3),luma/saturated,4,0,0,0,0,"RS(155,125)",1,2.7852,"RS(155,154)",0.993548,1,14302,3.43248,3.47472
4,6,white_balance,white_balance,3,white_balance(3),max/mean,4,0,0,0,0,"RS(155,125)",1,2.7852,"RS(155,154)",0.993548,1,14302,3.43248,3.47472
4,6,white_balance,white_balance,3,white_balance(3),max/saturated,4,0,0,0,0,"RS(155,125)",1,2.7852,"RS(155,154)",0.993548,1,14302,3.43248,3.47472
4,6,white_balance,white_balance,4,white_balance(4),luma/mean,4,0,0,0,0,"RS(155,125)",1,2.7852,"RS(155,154)",0.993548,1,14302,3.43248,3.47472
4,6,white_balance,white_balance,4,white_balance(4),luma/saturated,4,0,0,0,0,"RS(155,125)",1,2.7852,"RS(155,154)",0.993548,1,14302,3.43248,3.47472
4,6,white_balance,white_balance,4,white_balance(4),max/mean,4,0,0,0,0,"RS(155,125)",1,2.7852,"RS(155,154)",0.993548,1,14302,3.43248,3.47472
4,6,white_balance,white_balance,4,white_balance(4),max/saturated,4,0,0,0,0,"RS(155,125)",1,2.7852,"RS(155,154)",0.993548,1,14302,3.43248,3.47472
4,8,blur,blur,0.5,blur(0.5),luma/mean,4,0,0,0,0,"RS(155,125)",1,1.6752,"RS(255,254)",0.996078,1,8616,2.06784,2.106
4,8,blur,blur,0.5,blur(0.5),luma/saturated,4,0,0,0,0,"RS(155,125)",1,1.6752,"RS(255,254)",0.996078,1,8616,2.06784,2.106
4,8,blur,blur,0.5,blur(0.5),max/mean,4,0,0,0,0,"RS(155,125)",1,1.6752,"RS(255,254)",0.996078,1,8616,2.06784,2.106
4,8,blur,blur,0.5,blur(0.5),max/saturated,4,0,0,0,0,"RS(155,125)",1,1.6752,"RS(255,254)",0.996078,1,8616,2.06784,2.106
4,8,blur,blur,0.75,blur(0.75),luma/mean,4,0,0,0,0,"RS(155,125)",1,1.6752,"RS(255,254)",0.996078,1,8616,2.06784,2.106
4,8,blur,blur,0.75,blur(0.75),luma/saturated,4,0,0,0,0,"RS(155,125)",1,1.6752,"RS(255,254)",0.996078,1,8616,2.06784,2.106
4,8,blur,blur,0.75,blur(0.75),max/mean,4,0,0,0,0,"RS(155,125)",1,1.6752,"RS(255,254)",0.996078,1,8616,2.06784,2.106
4,8,blur,blur,0.75,blur(0.75),max/saturated,4,0,0,0,0,"RS(155,125)",1,1.6752,"RS(255,254)",0.996078,1,8616,2.06784,2.106
4,8,blur,blur,1,blur(1),luma/mean,4,2.13675e-05,0,2.13675e-05,2.88018e-05,"RS(155,125)",1,1.6752,"RS(255,253)",0.992157,1,8582,2.05968,2.106
4,8,blur,blur,1,blur(1),luma/saturated,4,2.13675e-05,0,2.13675e-05,2.88018e-05,"RS(155,125)",1,1.6752,"RS(255,253)",0.992157,1,8582,2.05968,2.106
4,8,blur,blur,1,blur(1),max/mean,4,0,0,0,0,"RS(155,125)",1,1.6752,"RS(255,254)",0.996078,1,8616,2.06784,2.106
4,8,blur,blur,1,blur(1),max/saturated,4,0,0,0,0,"RS(155,125)",1,1.6752,"RS(255,254)",0.996078,1,8616,2.06784,2.106
4,8,blur,blur,1.25,blur(1.25),luma/mean,4,0.0279701,0,0.0279701,0.0430588,"RS(155,125)",0.5,0.8376,"RS(255,213)",0.835294,1,7222,1.73328,2.106
4,8,blur,blur,1.25,blur(1.25),luma/saturated,4,0.0279701,0,0.0279701,0.0430588,"RS(155,125)",0.5,0.8376,"RS(255,213)",0.835294,1,7222,1.73328,2.106
4,8,blur,blur,1.25,blur(1.25),max/mean,4,0,0,0,0,"RS(155,125)",1,1.6752,"RS(255,254)",0.996078,1,8616,2.06784,2.106
4,8,blur,blur,1.25,blur(1.25),max/saturated,4,0,0,0,0,"RS(155,125)",1,1.6752,"RS(255,254)",0.996078,1,8616,2.06784,2.106
4,8,blur,blur,1.5,blur(1.5),luma/mean,4,0.156645,0,0.156645,0.224942,"RS(155,125)",0,0,"RS(255,107)",0.419608,1,3618,0.86832,2.106
4,8,blur,blur,1.5,blur(1.5),luma/saturated,4,0.156645,0,0.156645,0.224942,"RS(155,125)",0,0,"RS(255,107)",0.419608,1,3618,0.86832,2.106
4,8,blur,blur,1.5,blur(1.5),max/mean,4,0.0578632,0,0.0578632,0.0767857,"RS(155,125)",0,0,"RS(255,191)",0.74902,1,6474,1.55376,2.106
4,8,blur,blur,1.5,blur(1.5),max/saturated,4,0.0578632,0,0.0578632,0.0767857,"RS(155,125)",0,0,"RS(255,191)",0.74902,1,6474,1.55376,2.106
4,8,blur,blur,2,blur(2),luma/mean,4,0.454231,0,0.454231,0.587068,"RS(155,125)",0,0,"RS(255,254)",0.996078,0,8616,0,2.106
4,8,blur,blur,2,blur(2),luma/saturated,4,0.454231,0,0.454231,0.587068,"RS(155,125)",0,0,"RS(255,254)",0.996078,0,8616,0,2.106
4,8,blur,blur,2,blur(2),max/mean,4,0.298291,0,0.298291,0.406135,"RS(155,125)",0,0,"RS(255,13)",0.0509804,0.75,422,0.07596,2.106
4,8,blur,blur,2,blur(2),max/saturated,4,0.298291,0,0.298291,0.406135,"RS(155,125)",0,0,"RS(255,13)",0.0509804,0.75,422,0.07596,2.106
4,8,chroma_bilinear,chroma,1,"chroma(1,full_range=False,matrix=bt601,upsample=bilinear)",luma/mean,4,0,0,0,0,"RS(155,125)",1,1.6752,"RS(255,254)",0.996078,1,8616,2.06784,2.106
4,8,chroma_bilinear,chroma,1,"chroma(1,full_range=False,matrix=bt601,upsample=bilinear)",luma/saturated,4,0,0,0,0,"RS(155,125)",1,1.6752,"RS(255,254)",0.996078,1,8616,2.06784,2.106
4,8,chroma_bilinear,chroma,1,"chroma(1,full_range=False,matrix=bt601,upsample=bilinear)",max/mean,4,0,0,0,0,"RS(155,125)",1,1.6752,"RS(255,254)",0.996078,1,8616,2.06784,2.106
4,8,chroma_bilinear,chroma,1,"chroma(1,full_range=False,matrix=bt601,upsample=bilinear)",max/saturated,4,0,0,0,0,"RS(155,125)",1,1.6752,"RS(255,254)",0.996078,1,8616,2.06784,2.106
4,8,chroma_bilinear,chroma,1.5,"chroma(1.5,full_range=False,matrix=bt601,upsample=bilinear)",luma/mean,4,0,0,0,0,"RS(155,125)",1,1.6752,"RS(255,254)",0.996078,1,8616,2.06784,2.106
4,8,chroma_bilinear,chroma,1.5,"chroma(1.5,full_range=False,matrix=bt601,upsample=bilinear)",luma/saturated,4,0,0,0,0,"RS(155,125)",1,1.6752,"RS(255,254)",0.996078,1,8616,2.06784,2.106
4,8,chroma_bilinear,chroma,1.5,"chroma(1.5,full_range=False,matrix=bt601,upsample=bilinear)",max/mean,4,0,0,0,0,"RS(155,125)",1,1.6752,"RS(255,254)",0.996078,1,8616,2.06784,2.106
4,8,chroma_bilinear,chroma,1.5,"chroma(1.5,full_range=False,matrix=bt601,upsample=bilinear)",max/saturated,4,0,0,0,0,"RS(155,125)",1,1.6752,"RS(255,254)",0.996078,1,8616,2.06784,2.106
4,8,chroma_bilinear,chroma,2,"chroma(2,full_range=False,matrix=bt601,upsample=bilinear)",luma/mean,4,0,0,0,0,"RS(155,125)",1,1.6752,"RS(255,254)",0.996078,1,8616,2.06784,2.106
4,8,chroma_bilinear,chroma,2,"chroma(2,full_range=False,matrix=bt601,upsample=bilinear)",luma/saturated,4,0,0,0,0,"RS(155,125)",1,1.6752,"RS(255,254)",0.996078,1,8616,2.06784,2.106
4,8,chroma_bilinear,chroma,2,"chroma(2,full_range=False,matrix=bt601,upsample=bilinear)",max/mean,4,0,0,0,0,"RS(155,125)",1,1.6752,"RS(255,254)",0.996078,1,8616,2.06784,2.106
4,8,chroma_bilinear,chroma,2,"chroma(2,full_range=False,matrix=bt601,upsample=bilinear)",max/saturated,4,0,0,0,0,"RS(155,125)",1,1.6752,"RS(255,254)",0.996078,1,8616,2.06784,2.106
4,8,chroma_bilinear,chroma,3,"chroma(3,full_range=False,matrix=bt601,upsample=bilinear)",luma/mean,4,0,0.0476496,0.0476496,0.0640265,"RS(155,125)",0,0,"RS(255,199)",0.780392,1,6746,1.61904,2.106
4,8,chroma_bilinear,chroma,3,"chroma(3,full_range=False,matrix=bt601,upsample=bilinear)",luma/saturated,4,0,0,0,0,"RS(155,125)",1,1.6752,"RS(255,254)",0.996078,1,8616,2.06784,2.106
4,8,chroma_bilinear,chroma,3,"chroma(3,full_range=False,matrix=bt601,upsample=bilinear)",max/mean,4,0,0.0475855,0.0475855,0.0639401,"RS(155,125)",0,0,"RS(255,199)",0.780392,1,6746,1.61904,2.106
4,8,chroma_bilinear,chroma,3,"chroma(3,full_range=False,matrix=bt601,upsample=bilinear)",max/saturated,4,0,0,0,0,"RS(155,125)",1,1.6752,"RS(255,254)",0.996078,1,8616,2.06784,2.106
4,8,chroma_bilinear,chroma,4,"chroma(4,full_range=False,matrix=bt601,upsample=bilinear)",luma/mean,4,0,0.151047,0.151047,0.195449,"RS(155,125)",0,0,"RS(255,125)",0.490196,1,4230,1.0152,2.106
4,8,chroma_bilinear,chroma,4,"chroma(4,full_range=False,matrix=bt601,upsample=bilinear)",luma/saturated,4,0,0.0179701,0.0179701,0.0240495,"RS(155,125)",1,1.6752,"RS(255,231)",0.905882,1,7834,1.88016,2.106
4,8,chroma_bilinear,chroma,4,"chroma(4,full_range=False,matrix=bt601,upsample=bilinear)",max/mean,4,0.000897436,0.151004,0.151902,0.196717,"RS(155,125)",0,0,"RS(255,125)",0.490196,1,4230,1.0152,2.106
4,8,chroma_bilinear,chroma,4,"chroma(4,full_range=False,matrix=bt601,upsample=bilinear)",max/saturated,4,0.000897436,0.0178419,0.0187393,0.0252016,"RS(155,125)",1,1.6752,"RS(255,229)",0.898039,1,7766,1.86384,2.106
4,8,chroma_bt709_bilinear,chroma,2,"chroma(2,full_range=False,matrix=bt709,upsample=bilinear)",luma/mean,4,0,0.00391026,0.00391026,0.00515553,"RS(155,125)",1,1.6752,"RS(255,247)",0.968627,1,8378,2.01072,2.106
4,8,chroma_bt709_bilinear,chroma,2,"chroma(2,full_range=False,matrix=bt709,upsample=bilinear)",luma/saturated,4,0,0,0,0,"RS(155,125)",1,1.6752,"RS(255,254)",0.996078,1,8616,2.06784,2.106
4,8,chroma_bt709_bilinear,chroma,2,"chroma(2,full_range=False,matrix=bt709,upsample=bilinear)",max/mean,4,0,0.00391026,0.00391026,0.00515553,"RS(155,125)",1,1.6752,"RS(255,247)",0.968627,1,8378,2.01072,2.106
4,8,chroma_bt709_bilinear,chroma,2,"chroma(2,full_range=False,matrix=bt709,upsample=bilinear)",max/saturated,4,0,0,0,0,"RS(155,125)",1,1.6752,"RS(255,254)",0.996078,1,8616,2.06784,2.106
4,8,chroma_bt709_nearest,chroma,2,"chroma(2,full_range=False,matrix=bt709,upsample=nearest)",luma/mean,4,0,0,0,0,"RS(155,125)",1,1.6752,"RS(255,254)",0.996078,1,8616,2.06784,2.106
4,8,chroma_bt709_nearest,chroma,2,"chroma(2,full_range=False,matrix=bt709,upsample=nearest)",luma/saturated,4,0,0,0,0,"RS(155,125)",1,1.6752,"RS(255,254)",0.996078,1,8616,2.06784,2.106
4,8,chroma_bt709_nearest,chroma,2,"chroma(2,full_range=False,matrix=bt709,upsample=nearest)",max/mean,4,0,0,0,0,"RS(155,125)",1,1.6752,"RS(255,254)",0.996078,1,8616,2.06784,2.106
4,8,chroma_bt709_nearest,chroma,2,"chroma(2,full_range=False,matrix=bt709,upsample=nearest)",max/saturated,4,0,0,0,0,"RS(155,125)",1,1.6752,"RS(255,254)",0.996078,1,8616,2.06784,2.106
4,8,chroma_nearest,chroma,1,"chroma(1,full_range=False,matrix=bt601,upsample=nearest)",luma/mean,4,0,0,0,0,"RS(155,125)",1,1.6752,"RS(255,254)",0.996078,1,8616,2.06784,2.106
4,8,chroma_nearest,chroma,1,"chroma(1,full_range=False,matrix=bt601,upsample=nearest)",luma/saturated,4,0,0,0,0,"RS(155,125)",1,1.6752,"RS(255,254)",0.996078,1,8616,2.06784,2.106
4,8,chroma_nearest,chroma,1,"chroma(1,full_range=False,matrix=bt601,upsample=nearest)",max/mean,4,0,0,0,0,"RS(155,125)",1,1.6752,"RS(255,254)",0.996078,1,8616,2.06784,2.106
4,8,chroma_nearest,chroma,1,"chroma(1,full_range=False,matrix=bt601,upsample=nearest)",max/saturated,4,0,0,0,0,"RS(155,125)",1,1.6752,"RS(255,254)",0.996078,1,8616,2.06784,2.106
4,8,chroma_nearest,chroma,1.5,"chroma(1.5,full_range=False,matrix=bt601,upsample=nearest)",luma/mean,4,0,0,0,0,"RS(155,125)",1,1.6752,"RS(255,254)",0.996078,1,8616,2.06784,2.106
4,8,chroma_nearest,chroma,1.5,"chroma(1.5,full_range=False,matrix=bt601,upsample=nearest)",luma/saturated,4,0,0,0,0,"RS(155,125)",1,1.6752,"RS(255,254)",0.996078,1,8616,2.06784,2.106
4,8,chroma_nearest,chroma,1.5,"chroma(1.5,full_range=False,matrix=bt601,upsample=nearest)",max/mean,4,0,0,0,0,"RS(155,125)",1,1.6752,"RS(255,254)",0.996078,1,8616,2.06784,2.106
4,8,chroma_nearest,chroma,1.5,"chroma(1.5,full_range=False,matrix=bt601,upsample=nearest)",max/saturated,4,0,0,0,0,"RS(155,125)",1,1.6752,"RS(255,254)",0.996078,1,8616,2.06784,2.106
4,8,chroma_nearest,chroma,2,"chroma(2,full_range=False,matrix=bt601,upsample=nearest)",luma/mean,4,0,0,0,0,"RS(155,125)",1,1.6752,"RS(255,254)",0.996078,1,8616,2.06784,2.106
4,8,chroma_nearest,chroma,2,"chroma(2,full_range=False,matrix=bt601,upsample=nearest)",luma/saturated,4,0,0,0,0,"RS(155,125)",1,1.6752,"RS(255,254)",0.996078,1,8616,2.06784,2.106
4,8,chroma_nearest,chroma,2,"chroma(2,full_range=False,matrix=bt601,upsample=nearest)",max/mean,4,0,0,0,0,"RS(155,125)",1,1.6752,"RS(255,254)",0.996078,1,8616,2.06784,2.106
4,8,chroma_nearest,chroma,2,"chroma(2,full_range=False,matrix=bt601,upsample=nearest)",max/saturated,4,0,0,0,0,"RS(155,125)",1,1.6752,"RS(255,254)",0.996078,1,8616,2.06784,2.106
4,8,chroma_nearest,chroma,3,"chroma(3,full_range=False,matrix=bt601,upsample=nearest)",luma/mean,4,0,0.0161966,0.0161966,0.0217454,"RS(155,125)",1,1.6752,"RS(255,231)",0.905882,1,7834,1.88016,2.106
4,8,chroma_nearest,chroma,3,"chroma(3,full_range=False,matrix=bt601,upsample=nearest)",luma/saturated,4,0,0,0,0,"RS(155,125)",1,1.6752,"RS(255,254)",0.996078,1,8616,2.06784,2.106
4,8,chroma_nearest,chroma,3,"chroma(3,full_range=False,matrix=bt601,upsample=nearest)",max/mean,4,0.00931624,0.0161966,0.0255128,0.034735,"RS(155,125)",0.75,1.2564,"RS(255,215)",0.843137,1,7290,1.7496,2.106
4,8,chroma_nearest,chroma,3,"chroma(3,full_range=False,matrix=bt601,upsample=nearest)",max/saturated,4,0.00931624,0,0.00931624,0.0135081,"RS(155,125)",1,1.6752,"RS(255,237)",0.929412,1,8038,1.92912,2.106
4,8,chroma_nearest,chroma,4,"chroma(4,full_range=False,matrix=bt601,upsample=nearest)",luma/mean,4,0,0.0829274,0.0829274,0.107719,"RS(155,125)",0,0,"RS(255,173)",0.678431,1,5862,1.40688,2.106
4,8,chroma_nearest,chroma,4,"chroma(4,full_range=False,matrix=bt601,upsample=nearest)",luma/saturated,4,0,0.00566239,0.00566239,0.00760369,"RS(155,125)",1,1.6752,"RS(255,243)",0.952941,1,8242,1.97808,2.106
4,8,chroma_nearest,chroma,4,"chroma(4,full_range=False,matrix=bt601,upsample=nearest)",max/mean,4,0.000555556,0.0828846,0.0834402,0.108266,"RS(155,125)",0,0,"RS(255,173)",0.678431,1,5862,1.40688,2.106
4,8,chroma_nearest,chroma,4,"chroma(4,full_range=False,matrix=bt601,upsample=nearest)",max/saturated,4,0.000555556,0.00636752,0.00692308,0.0093606,"RS(155,125)",1,1.6752,"RS(255,241)",0.945098,1,8174,1.96176,2.106
4,8,clean,clean,0,clean,luma/mean,4,0,0,0,0,"RS(155,125)",1,1.6752,"RS(255,254)",0.996078,1,8616,2.06784,2.106
4,8,clean,clean,0,clean,luma/saturated,4,0,0,0,0,"RS(155,125)",1,1.6752,"RS(255,254)",0.996078,1,8616,2.06784,2.106
4,8,clean,clean,0,clean,max/mean,4,0,0,0,0,"RS(155,125)",1,1.6752,"RS(255,254)",0.996078,1,8616,2.06784,2.106
4,8,clean,clean,0,clean,max/saturated,4,0,0,0,0,"RS(155,125)",1,1.6752,"RS(255,254)",0.996078,1,8616,2.06784,2.106
4,8,noise,noise,10,noise(10),luma/mean,4,0,0,0,0,"RS(155,125)",1,1.6752,"RS(255,254)",0.996078,1,8616,2.06784,2.106
4,8,noise,noise,10,noise(10),luma/saturated,4,0,0,0,0,"RS(155,125)",1,1.6752,"RS(255,254)",0.996078,1,8616,2.06784,2.106
4,8,noise,noise,10,noise(10),max/mean,4,0,0,0,0,"RS(155,125)",1,1.6752,"RS(255,254)",0.996078,1,8616,2.06784,2.106
4,8,noise,noise,10,noise(10),max/saturated,4,0,0,0,0,"RS(155,125)",1,1.6752,"RS(255,254)",0.996078,1,8616,2.06784,2.106
4,8,noise,noise,20,noise(20),luma/mean,4,0,0,0,0,"RS(155,125)",1,1.6752,"RS(255,254)",0.996078,1,8616,2.06784,2.106
4,8,noise,noise,20,noise(20),luma/saturated,4,0,0,0,0,"RS(155,125)",1,1.6752,"RS(255,254)",0.996078,1,8616,2.06784,2.106
4,8,noise,noise,20,noise(20),max/mean,4,0,0,0,0,"RS(155,125)",1,1.6752,"RS(255,254)",0.996078,1,8616,2.06784,2.106
4,8,noise,noise,20,noise(20),max/saturated,4,0,0,0,0,"RS(155,125)",1,1.6752,"RS(255,254)",0.996078,1,8616,2.06784,2.106
4,8,noise,noise,40,noise(40),luma/mean,4,2.13675e-05,0,2.13675e-05,2.88018e-05,"RS(155,125)",1,1.6752,"RS(255,253)",0.992157,1,8582,2.05968,2.106
4,8,noise,noise,40,noise(40),luma/saturated,4,2.13675e-05,0,2.13675e-05,2.88018e-05,"RS(155,125)",1,1.6752,"RS(255,253)",0.992157,1,8582,2.05968,2.106
4,8,noise,noise,40,noise(40),max/mean,4,0,0,0,0,"RS(155,125)",1,1.6752,"RS(255,254)",0.996078,1,8616,2.06784,2.106
4,8,noise,noise,40,noise(40),max/saturated,4,0,0,0,0,"RS(155,125)",1,1.6752,"RS(255,254)",0.996078,1,8616,2.06784,2.106
4,8,noise,noise,60,noise(60),luma/mean,4,0.00564103,0,0.00564103,0.00855415,"RS(155,125)",1,1.6752,"RS(155,147)",0.948387,1,8212,1.97088,2.106
4,8,noise,noise,60,noise(60),luma/saturated,4,0.00564103,0,0.00564103,0.00855415,"RS(155,125)",1,1.6752,"RS(155,147)",0.948387,1,8212,1.97088,2.106
4,8,noise,noise,60,noise(60),max/mean,4,0,0,0,0,"RS(155,125)",1,1.6752,"RS(255,254)",0.996078,1,8616,2.06784,2.106
4,8,noise,noise,60,noise(60),max/saturated,4,0,0,0,0,"RS(155,125)",1,1.6752,"RS(255,254)",0.996078,1,8616,2.06784,2.106
4,8,noise,noise,80,noise(80),luma/mean,4,0.0410897,0.00316239,0.0421368,0.0644585,"RS(155,125)",0.25,0.4188,"RS(255,203)",0.796078,1,6882,1.65168,2.106
4,8,noise,noise,80,noise(80),luma/saturated,4,0.0410897,2.13675e-05,0.0410897,0.0620104,"RS(155,125)",0.25,0.4188,"RS(255,203)",0.796078,1,6882,1.65168,2.106
4,8,noise,noise,80,noise(80),max/mean,4,0,0,0,0,"RS(155,125)",1,1.6752,"RS(255,254)",0.996078,1,8616,2.06784,2.106
4,8,noise,noise,80,noise(80),max/saturated,4,0,2.13675e-05,2.13675e-05,2.88018e-05,"RS(155,125)",1,1.6752,"RS(255,253)",0.992157,1,8582,2.05968,2.106
4,8,perspective,perspective,0.05,perspective(0.05),luma/mean,4,0,0,0,0,"RS(155,125)",1,1.6752,"RS(255,254)",0.996078,1,8616,2.06784,2.106
4,8,perspective,perspective,0.05,perspective(0.05),luma/saturated,4,0,0,0,0,"RS(155,125)",1,1.6752,"RS(255,254)",0.996078,1,8616,2.06784,2.106
4,8,perspective,perspective,0.05,perspective(0.05),max/mean,4,0,0,0,0,"RS(155,125)",1,1.6752,"RS(255,254)",0.996078,1,8616,2.06784,2.106
4,8,perspective,perspective,0.05,perspective(0.05),max/saturated,4,0,0,0,0,"RS(155,125)",1,1.6752,"RS(255,254)",0.996078,1,8616,2.06784,2.106
4,8,perspective,perspective,0.1,perspective(0.1),luma/mean,4,0,0,0,0,"RS(155,125)",1,1.6752,"RS(255,254)",0.996078,1,8616,2.06784,2.106
4,8,perspective,perspective,0.1,perspective(0.1),luma/saturated,4,0,0,0,0,"RS(155,125)",1,1.6752,"RS(255,254)",0.996078,1,8616,2.06784,2.106
4,8,perspective,perspective,0.1,perspective(0.1),max/mean,4,0,0,0,0,"RS(155,125)",1,1.6752,"RS(255,254)",0.996078,1,8616,2.06784,2.106
4,8,perspective,perspective,0.1,perspective(0.1),max/saturated,4,0,0,0,0,"RS(155,125)",1,1.6752,"RS(255,254)",0.996078,1,8616,2.06784,2.106
4,8,perspective,perspective,0.15,perspective(0.15),luma/mean,4,0,0,0,0,"RS(155,125)",1,1.6752,"RS(255,254)",0.996078,1,8616,2.06784,2.106
4,8,perspective,perspective,0.15,perspective(0.15),luma/saturated,4,0,0,0,0,"RS(155,125)",1,1.6752,"RS(255,254)",0.996078,1,8616,2.06784,2.106
4,8,perspective,perspective,0.15,perspective(0.15),max/mean,4,0,0,0,0,"RS(155,125)",1,1.6752,"RS(255,254)",0.996078,1,8616,2.06784,2.106
4,8,perspective,perspective,0.15,perspective(0.15),max/saturated,4,0,0,0,0,"RS(155,125)",1,1.6752,"RS(255,254)",0.996078,1,8616,2.06784,2.106
4,8,perspective,perspective,0.2,perspective(0.2),luma/mean,4,0,0,0,0,"RS(155,125)",1,1.6752,"RS(255,254)",0.996078,1,8616,2.06784,2.106
4,8,perspective,perspective,0.2,perspective(0.2),luma/saturated,4,0,0,0,0,"RS(155,125)",1,1.6752,"RS(255,254)",0.996078,1,8616,2.06784,2.106
4,8,perspective,perspective,0.2,perspective(0.2),max/mean,4,0,0,0,0,"RS(155,125)",1,1.6752,"RS(255,254)",0.996078,1,8616,2.06784,2.106
4,8,perspective,perspective,0.2,perspective(0.2),max/saturated,4,0,0,0,0,"RS(155,125)",1,1.6752,"RS(255,254)",0.996078,1,8616,2.06784,2.106
4,8,perspective,perspective,0.3,perspective(0.3),luma/mean,4,0.0137393,0,0.0137393,0.0194988,"RS(155,125)",0.75,1.2564,"RS(255,197)",0.772549,1,6678,1.60272,2.106
4,8,perspective,perspective,0.3,perspective(0.3),luma/saturated,4,0.0137393,0,0.0137393,0.0194988,"RS(155,125)",0.75,1.2564,"RS(255,197)",0.772549,1,6678,1.60272,2.106
4,8,perspective,perspective,0.3,perspective(0.3),max/mean,4,0.00961538,0,0.00961538,0.0135657,"RS(155,125)",1,1.6752,"RS(255,215)",0.843137,1,7290,1.7496,2.106
4,8,perspective,perspective,0.3,perspective(0.3),max/saturated,4,0.00961538,0,0.00961538,0.0135657,"RS(155,125)",1,1.6752,"RS(255,215)",0.843137,1,7290,1.7496,2.106
4,8,white_balance,white_balance,0.5,white_balance(0.5),luma/mean,4,0,0,0,0,"RS(155,125)",1,1.6752,"RS(255,254)",0.996078,1,8616,2.06784,2.106
4,8,white_balance,white_balance,0.5,white_balance(0.5),luma/saturated,4,0,0,0,0,"RS(155,125)",1,1.6752,"RS(255,254)",0.996078,1,8616,2.06784,2.106
4,8,white_balance,white_balance,0.5,white_balance(0.5),max/mean,4,0,0,0,0,"RS(155,125)",1,1.6752,"RS(255,254)",0.996078,1,8616,2.06784,2.106
4,8,white_balance,white_balance,0.5,white_balance(0.5),max/saturated,4,0,0,0,0,"RS(155,125)",1,1.6752,"RS(255,254)",0.996078,1,8616,2.06784,2.106
4,8,white_balance,white_balance,1,white_balance(1),luma/mean,4,0,0,0,0,"RS(155,125)",1,1.6752,"RS(255,254)",0.996078,1,8616,2.06784,2.106
4,8,white_balance,white_balance,1,white_balance(1),luma/saturated,4,0,0,0,0,"RS(155,125)",1,1.6752,"RS(255,254)",0.996078,1,8616,2.06784,2.106
4,8,white_balance,white_balance,1,white_balance(1),max/mean,4,0,0,0,0,"RS(155,125)",1,1.6752,"RS(255,254)",0.996078,1,8616,2.06784,2.106
4,8,white_balance,white_balance,1,white_balance(1),max/saturated,4,0,0,0,0,"RS(155,125)",1,1.6752,"RS(255,254)",0.996078,1,8616,2.06784,2.106
4,8,white_balance,white_balance,2,white_balance(2),luma/mean,4,0,0,0,0,"RS(155,125)",1,1.6752,"RS(255,254)",0.996078,1,8616,2.06784,2.106
4,8,white_balance,white_balance,2,white_balance(2),luma/saturated,4,0,0,0,0,"RS(155,125)",1,1.6752,"RS(255,254)",0.996078,1,8616,2.06784,2.106
4,8,white_balance,white_balance,2,white_balance(2),max/mean,4,0,0,0,0,"RS(155,125)",1,1.6752,"RS(255,254)",0.996078,1,8616,2.06784,2.106
4,8,white_balance,white_balance,2,white_balance(2),max/saturated,4,0,0,0,0,"RS(155,125)",1,1.6752,"RS(255,254)",0.996078,1,8616,2.06784,2.106
4,8,white_balance,white_balance,3,white_balance(3),luma/mean,4,0,0,0,0,"RS(155,125)",1,1.6752,"RS(255,254)",0.996078,1,8616,2.06784,2.106
4,8,white_balance,white_balance,3,white_balance(3),luma/saturated,4,0,0,0,0,"RS(155,125)",1,1.6752,"RS(255,254)",0.996078,1,8616,2.06784,2.106
4,8,white_balance,white_balance,3,white_balance(3),max/mean,4,0,0,0,0,"RS(155,125)",1,1.6752,"RS(255,254)",0.996078,1,8616,2.06784,2.106
4,8,white_balance,white_balance,3,white_balance(3),max/saturated,4,0,0,0,0,"RS(155,125)",1,1.6752,"RS(255,254)",0.996078,1,8616,2.06784,2.106
4,8,white_balance,white_balance,4,white_balance(4),luma/mean,4,0,0,0,0,"RS(155,125)",1,1.6752,"RS(255,254)",0.996078,1,8616,2.06784,2.106
4,8,white_balance,white_balance,4,white_balance(4),luma/saturated,4,0,0,0,0,"RS(155,125)",1,1.6752,"RS(255,254)",0.996078,1,8616,2.06784,2.106
4,8,white_balance,white_balance,4,white_balance(4),max/mean,4,0,0,0,0,"RS(155,125)",1,1.6752,"RS(255,254)",0.996078,1,8616,2.06784,2.106
4,8,white_balance,white_balance,4,white_balance(4),max/saturated,4,0,0,0,0,"RS(155,125)",1,1.6752,"RS(255,254)",0.996078,1,8616,2.06784,2.106
4,10,blur,blur,0.5,blur(0.5),luma/mean,4,0,0,0,0,"RS(155,125)",1,1.1052,"RS(255,254)",0.996078,1,5822,1.39728,1.41192
4,10,blur,blur,0.5,blur(0.5),luma/saturated,4,0,0,0,0,"RS(155,125)",1,1.1052,"RS(255,254)",0.996078,1,5822,1.39728,1.41192
4,10,blur,blur,0.5,blur(0.5),max/mean,4,0,0,0,0,"RS(155,125)",1,1.1052,"RS(255,254)",0.996078,1,5822,1.39728,1.41192
4,10,blur,blur,0.5,blur(0.5),max/saturated,4,0,0,0,0,"RS(155,125)",1,1.1052,"RS(255,254)",0.996078,1,5822,1.39728,1.41192
4,10,blur,blur,0.75,blur(0.75),luma/mean,4,0,0,0,0,"RS(155,125)",1,1.1052,"RS(255,254)",0.996078,1,5822,1.39728,1.41192
4,10,blur,blur,0.75,blur(0.75),luma/saturated,4,0,0,0,0,"RS(155,125)",1,1.1052,"RS(255,254)",0.996078,1,5822,1.39728,1.41192
4,10,blur,blur,0.75,blur(0.75),max/mean,4,0,0,0,0,"RS(155,125)",1,1.1052,"RS(255,254)",0.996078,1,5822,1.39728,1.41192
4,10,blur,blur,0.75,blur(0.75),max/saturated,4,0,0,0,0,"RS(155,125)",1,1.1052,"RS(255,254)",0.996078,1,5822,1.39728,1.41192
4,10,blur,blur,1,blur(1),luma/mean,4,0,0,0,0,"RS(155,125)",1,1.1052,"RS(255,254)",0.996078,1,5822,1.39728,1.41192
4,10,blur,blur,1,blur(1),luma/saturated,4,0,0,0,0,"RS(155,125)",1,1.1052,"RS(255,254)",0.996078,1,5822,1.39728,1.41192
4,10,blur,blur,1,blur(1),max/mean,4,0,0,0,0,"RS(155,125)",1,1.1052,"RS(255,254)",0.996078,1,5822,1.39728,1.41192
4,10,blur,blur,1,blur(1),max/saturated,4,0,0,0,0,"RS(155,125)",1,1.1052,"RS(255,254)",0.996078,1,5822,1.39728,1.41192
4,10,blur,blur,1.25,blur(1.25),luma/mean,4,0.00468511,0,0.00468511,0.00714908,"RS(155,125)",1,1.1052,"RS(255,241)",0.945098,1,5523,1.32552,1.41192
4,10,blur,blur,1.25,blur(1.25),luma/saturated,4,0.00468511,0,0.00468511,0.00714908,"RS(155,125)",1,1.1052,"RS(255,241)",0.945098,1,5523,1.32552,1.41192
4,10,blur,blur,1.25,blur(1.25),max/mean,4,0,0,0,0,"RS(155,125)",1,1.1052,"RS(255,254)",0.996078,1,5822,1.39728,1.41192
4,10,blur,blur,1.25,blur(1.25),max/saturated,4,0,0,0,0,"RS(155,125)",1,1.1052,"RS(255,254)",0.996078,1,5822,1.39728,1.41192
4,10,blur,blur,1.5,blur(1.5),luma/mean,4,0.0573049,0,0.0573049,0.0877507,"RS(155,125)",0,0,"RS(255,191)",0.74902,1,4373,1.04952,1.41192
4,10,blur,blur,1.5,blur(1.5),luma/saturated,4,0.0573049,0,0.0573049,0.0877507,"RS(155,125)",0,0,"RS(255,191)",0.74902,1,4373,1.04952,1.41192
4,10,blur,blur,1.5,blur(1.5),max/mean,4,0.00063743,0,0.00063743,0.0010898,"RS(155,125)",1,1.1052,"RS(255,251)",0.984314,1,5753,1.38072,1.41192
4,10,blur,blur,1.5,blur(1.5),max/saturated,4,0.00063743,0,0.00063743,0.0010898,"RS(155,125)",1,1.1052,"RS(255,251)",0.984314,1,5753,1.38072,1.41192
4,10,blur,blur,2,blur(2),luma/mean,4,0.295353,0,0.295353,0.41408,"RS(155,125)",0,0,"RS(255,13)",0.0509804,1,279,0.06696,1.41192
4,10,blur,blur,2,blur(2),luma/saturated,4,0.295353,0,0.295353,0.41408,"RS(155,125)",0,0,"RS(255,13)",0.0509804,1,279,0.06696,1.41192
4,10,blur,blur,2,blur(2),max/mean,4,0.168791,0,0.168791,0.253139,"RS(155,125)",0,0,"RS(255,93)",0.364706,1,2119,0.50856,1.41192
4,10,blur,blur,2,blur(2),max/saturated,4,0.168791,0,0.168791,0.253139,"RS(155,125)",0,0,"RS(255,93)",0.364706,1,2119,0.50856,1.41192
4,10,chroma_bilinear,chroma,1,"chroma(1,full_range=False,matrix=bt601,upsample=bilinear)",luma/mean,4,0,0,0,0,"RS(155,125)",1,1.1052,"RS(255,254)",0.996078,1,5822,1.39728,1.41192
4,10,chroma_bilinear,chroma,1,"chroma(1,full_range=False,matrix=bt601,upsample=bilinear)",luma/saturated,4,0,0,0,0,"RS(155,125)",1,1.1052,"RS(255,254)",0.996078,1,5822,1.39728,1.41192
4,10,chroma_bilinear,chroma,1,"chroma(1,full_range=False,matrix=bt601,upsample=bilinear)",max/mean,4,0,0,0,0,"RS(155,125)",1,1.1052,"RS(255,254)",0.996078,1,5822,1.39728,1.41192
4,10,chroma_bilinear,chroma,1,"chroma(1,full_range=False,matrix=bt601,upsample=bilinear)",max/saturated,4,0,0,0,0,"RS(155,125)",1,1.1052,"RS(255,254)",0.996078,1,5822,1.39728,1.41192
4,10,chroma_bilinear,chroma,1.5,"chroma(1.5,full_range=False,matrix=bt601,upsample=bilinear)",luma/mean,4,0,0,0,0,"RS(155,125)",1,1.1052,"RS(255,254)",0.996078,1,5822,1.39728,1.41192
4,10,chroma_bilinear,chroma,1.5,"chroma(1.5,full_range=False,matrix=bt601,upsample=bilinear)",luma/saturated,4,0,0,0,0,"RS(155,125)",1,1.1052,"RS(255,254)",0.996078,1,5822,1.39728,1.41192
4,10,chroma_bilinear,chroma,1.5,"chroma(1.5,full_range=False,matrix=bt601,upsample=bilinear)",max/mean,4,0,0,0,0,"RS(155,125)",1,1.1052,"RS(255,254)",0.996078,1,5822,1.39728,1.41192
4,10,chroma_bilinear,chroma,1.5,"chroma(1.5,full_range=False,matrix=bt601,upsample=bilinear)",max/saturated,4,0,0,0,0,"RS(155,125)",1,1.1052,"RS(255,254)",0.996078,1,5822,1.39728,1.41192
4,10,chroma_bilinear,chroma,2,"chroma(2,full_range=False,matrix=bt601,upsample=bilinear)",luma/mean,4,0,0,0,0,"RS(155,125)",1,1.1052,"RS(255,254)",0.996078,1,5822,1.39728,1.41192
4,10,chroma_bilinear,chroma,2,"chroma(2,full_range=False,matrix=bt601,upsample=bilinear)",luma/saturated,4,0,0,0,0,"RS(155,125)",1,1.1052,"RS(255,254)",0.996078,1,5822,1.39728,1.41192
4,10,chroma_bilinear,chroma,2,"chroma(2,full_range=False,matrix=bt601,upsample=bilinear)",max/mean,4,0,0,0,0,"RS(155,125)",1,1.1052,"RS(255,254)",0.996078,1,5822,1.39728,1.41192
4,10,chroma_bilinear,chroma,2,"chroma(2,full_range=False,matrix=bt601,upsample=bilinear)",max/saturated,4,0,0,0,0,"RS(155,125)",1,1.1052,"RS(255,254)",0.996078,1,5822,1.39728,1.41192
4,10,chroma_bilinear,chroma,3,"chroma(3,full_range=False,matrix=bt601,upsample=bilinear)",luma/mean,4,0,0.00379271,0.00379271,0.00501308,"RS(155,125)",1,1.1052,"RS(255,247)",0.968627,1,5661,1.35864,1.41192
4,10,chroma_bilinear,chroma,3,"chroma(3,full_range=False,matrix=bt601,upsample=bilinear)",luma/saturated,4,0,0,0,0,"RS(155,125)",1,1.1052,"RS(255,254)",0.996078,1,5822,1.39728,1.41192
4,10,chroma_bilinear,chroma,3,"chroma(3,full_range=False,matrix=bt601,upsample=bilinear)",max/mean,4,0,0.00379271,0.00379271,0.00501308,"RS(155,125)",1,1.1052,"RS(255,247)",0.968627,1,5661,1.35864,1.41192
4,10,chroma_bilinear,chroma,3,"chroma(3,full_range=False,matrix=bt601,upsample=bilinear)",max/saturated,4,0,0,0,0,"RS(155,125)",1,1.1052,"RS(255,254)",0.996078,1,5822,1.39728,1.41192
4,10,chroma_bilinear,chroma,4,"chroma(4,full_range=False,matrix=bt601,upsample=bilinear)",luma/mean,4,0,0.0781808,0.0781808,0.103662,"RS(155,125)",0,0,"RS(255,175)",0.686275,1,4005,0.9612,1.41192
4,10,chroma_bilinear,chroma,4,"chroma(4,full_range=False,matrix=bt601,upsample=bilinear)",luma/saturated,4,0,0.000446201,0.000446201,0.000610288,"RS(155,125)",1,1.1052,"RS(255,251)",0.984314,1,5753,1.38072,1.41192
4,10,chroma_bilinear,chroma,4,"chroma(4,full_range=False,matrix=bt601,upsample=bilinear)",max/mean,4,0.000286843,0.078117,0.0784039,0.103793,"RS(155,125)",0,0,"RS(255,173)",0.678431,1,3959,0.95016,1.41192
4,10,chroma_bilinear,chroma,4,"chroma(4,full_range=False,matrix=bt601,upsample=bilinear)",max/saturated,4,0.000286843,0.000446201,0.000733044,0.000828248,"RS(155,125)",1,1.1052,"RS(255,251)",0.984314,1,5753,1.38072,1.41192
4,10,chroma_bt709_bilinear,chroma,2,"chroma(2,full_range=False,matrix=bt709,upsample=bilinear)",luma/mean,4,0,0,0,0,"RS(155,125)",1,1.1052,"RS(255,254)",0.996078,1,5822,1.39728,1.41192
4,10,chroma_bt709_bilinear,chroma,2,"chroma(2,full_range=False,matrix=bt709,upsample=bilinear)",luma/saturated,4,0,0,0,0,"RS(155,125)",1,1.1052,"RS(255,254)",0.996078,1,5822,1.39728,1.41192
4,10,chroma_bt709_bilinear,chroma,2,"chroma(2,full_range=False,matrix=bt709,upsample=bilinear)",max/mean,4,0,0,0,0,"RS(155,125)",1,1.1052,"RS(255,254)",0.996078,1,5822,1.39728,1.41192
4,10,chroma_bt709_bilinear,chroma,2,"chroma(2,full_range=False,matrix=bt709,upsample=bilinear)",max/saturated,4,0,0,0,0,"RS(155,125)",1,1.1052,"RS(255,254)",0.996078,1,5822,1.39728,1.41192
4,10,chroma_bt709_nearest,chroma,2,"chroma(2,full_range=False,matrix=bt709,upsample=nearest)",luma/mean,4,0,0,0,0,"RS(155,125)",1,1.1052,"RS(255,254)",0.996078,1,5822,1.39728,1.41192
4,10,chroma_bt709_nearest,chroma,2,"chroma(2,full_range=False,matrix=bt709,upsample=nearest)",luma/saturated,4,0,0,0,0,"RS(155,125)",1,1.1052,"RS(255,254)",0.996078,1,5822,1.39728,1.41192
4,10,chroma_bt709_nearest,chroma,2,"chroma(2,full_range=False,matrix=bt709,upsample=nearest)",max/mean,4,0,0,0,0,"RS(155,125)",1,1.1052,"RS(255,254)",0.996078,1,5822,1.39728,1.41192
4,10,chroma_bt709_nearest,chroma,2,"chroma(2,full_range=False,matrix=bt709,upsample=nearest)",max/saturated,4,0,0,0,0,"RS(155,125)",1,1.1052,"RS(255,254)",0.996078,1,5822,1.39728,1.41192
4,10,chroma_nearest,chroma,1,"chroma(1,full_range=False,matrix=bt601,upsample=nearest)",luma/mean,4,0,0,0,0,"RS(155,125)",1,1.1052,"RS(255,254)",0.996078,1,5822,1.39728,1.41192
4,10,chroma_nearest,chroma,1,"chroma(1,full_range=False,matrix=bt601,upsample=nearest)",luma/saturated,4,0,0,0,0,"RS(155,125)",1,1.1052,"RS(255,254)",0.996078,1,5822,1.39728,1.41192
4,10,chroma_nearest,chroma,1,"chroma(1,full_range=False,matrix=bt601,upsample=nearest)",max/mean,4,0,0,0,0,"RS(155,125)",1,1.1052,"RS(255,254)",0.996078,1,5822,1.39728,1.41192
4,10,chroma_nearest,chroma,1,"chroma(1,full_range=False,matrix=bt601,upsample=nearest)",max/saturated,4,0,0,0,0,"RS(155,125)",1,1.1052,"RS(255,254)",0.996078,1,5822,1.39728,1.41192
4,10,chroma_nearest,chroma,1.5,"chroma(1.5,full_range=False,matrix=bt601,upsample=nearest)",luma/mean,4,0,0,0,0,"RS(155,125)",1,1.1052,"RS(255,254)",0.996078,1,5822,1.39728,1.41192
4,10,chroma_nearest,chroma,1.5,"chroma(1.5,full_range=False,matrix=bt601,upsample=nearest)",luma/saturated,4,0,0,0,0,"RS(155,125)",1,1.1052,"RS(255,254)",0.996078,1,5822,1.39728,1.41192
4,10,chroma_nearest,chroma,1.5,"chroma(1.5,full_range=False,matrix=bt601,upsample=nearest)",max/mean,4,0,0,0,0,"RS(155,125)",1,1.1052,"RS(255,254)",0.996078,1,5822,1.39728,1.41192
4,10,chroma_nearest,chroma,1.5,"chroma(1.5,full_range=False,matrix=bt601,upsample=nearest)",max/saturated,4,0,0,0,0,"RS(155,125)",1,1.1052,"RS(255,254)",0.996078,1,5822,1.39728,1.41192
4,10,chroma_nearest,chroma,2,"chroma(2,full_range=False,matrix=bt601,upsample=nearest)",luma/mean,4,0,0,0,0,"RS(155,125)",1,1.1052,"RS(255,254)",0.996078,1,5822,1.39728,1.41192
4,10,chroma_nearest,chroma,2,"chroma(2,full_range=False,matrix=bt601,upsample=nearest)",luma/saturated,4,0,0,0,0,"RS(155,125)",1,1.1052,"RS(255,254)",0.996078,1,5822,1.39728,1.41192
4,10,chroma_nearest,chroma,2,"chroma(2,full_range=False,matrix=bt601,upsample=nearest)",max/mean,4,0,0,0,0,"RS(155,125)",1,1.1052,"RS(255,254)",0.996078,1,5822,1.39728,1.41192
4,10,chroma_nearest,chroma,2,"chroma(2,full_range=False,matrix=bt601,upsample=nearest)",max/saturated,4,0,0,0,0,"RS(155,125)",1,1.1052,"RS(255,254)",0.996078,1,5822,1.39728,1.41192
4,10,chroma_nearest,chroma,3,"chroma(3,full_range=False,matrix=bt601,upsample=nearest)",luma/mean,4,0,0.00235849,0.00235849,0.00305144,"RS(155,125)",1,1.1052,"RS(255,249)",0.976471,1,5707,1.36968,1.41192
4,10,chroma_nearest,chroma,3,"chroma(3,full_range=False,matrix=bt601,upsample=nearest)",luma/saturated,4,0,0,0,0,"RS(155,125)",1,1.1052,"RS(255,254)",0.996078,1,5822,1.39728,1.41192
4,10,chroma_nearest,chroma,3,"chroma(3,full_range=False,matrix=bt601,upsample=nearest)",max/mean,4,0.00181668,0.00235849,0.00417517,0.00610288,"RS(155,125)",1,1.1052,"RS(255,247)",0.968627,1,5661,1.35864,1.41192
4,10,chroma_nearest,chroma,3,"chroma(3,full_range=False,matrix=bt601,upsample=nearest)",max/saturated,4,0.00181668,0,0.00181668,0.00305144,"RS(155,125)",1,1.1052,"RS(255,249)",0.976471,1,5707,1.36968,1.41192
4,10,chroma_nearest,chroma,4,"chroma(4,full_range=False,matrix=bt601,upsample=nearest)",luma/mean,4,0,0.0204296,0.0204296,0.0275065,"RS(155,125)",1,1.1052,"RS(255,225)",0.882353,1,5155,1.2372,1.41192
4,10,chroma_nearest,chroma,4,"chroma(4,full_range=False,matrix=bt601,upsample=nearest)",luma/saturated,4,0,0.000159357,0.000159357,0.00021796,"RS(155,125)",1,1.1052,"RS(255,253)",0.992157,1,5799,1.39176,1.41192
4,10,chroma_nearest,chroma,4,"chroma(4,full_range=False,matrix=bt601,upsample=nearest)",max/mean,4,0.000573687,0.0204296,0.0210033,0.0288579,"RS(155,125)",1,1.1052,"RS(255,223)",0.87451,1,5109,1.22616,1.41192
4,10,chroma_nearest,chroma,4,"chroma(4,full_range=False,matrix=bt601,upsample=nearest)",max/saturated,4,0.000573687,0.000159357,0.000733044,0.00156931,"RS(155,125)",1,1.1052,"RS(255,251)",0.984314,1,5753,1.38072,1.41192
4,10,clean,clean,0,clean,luma/mean,4,0,0,0,0,"RS(155,125)",1,1.1052,"RS(255,254)",0.996078,1,5822,1.39728,1.41192
4,10,clean,clean,0,clean,luma/saturated,4,0,0,0,0,"RS(155,125)",1,1.1052,"RS(255,254)",0.996078,1,5822,1.39728,1.41192
4,10,clean,clean,0,clean,max/mean,4,0,0,0,0,"RS(155,125)",1,1.1052,"RS(255,254)",0.996078,1,5822,1.39728,1.41192
4,10,clean,clean,0,clean,max/saturated,4,0,0,0,0,"RS(155,125)",1,1.1052,"RS(255,254)",0.996078,1,5822,1.39728,1.41192
4,10,noise,noise,10,noise(10),luma/mean,4,0,0,0,0,"RS(155,125)",1,1.1052,"RS(255,254)",0.996078,1,5822,1.39728,1.41192
4,10,noise,noise,10,noise(10),luma/saturated,4,0,0,0,0,"RS(155,125)",1,1.1052,"RS(255,254)",0.996078,1,5822,1.39728,1.41192
4,10,noise,noise,10,noise(10),max/mean,4,0,0,0,0,"RS(155,125)",1,1.1052,"RS(255,254)",0.996078,1,5822,1.39728,1.41192
4,10,noise,noise,10,noise(10),max/saturated,4,0,0,0,0,"RS(155,125)",1,1.1052,"RS(255,254)",0.996078,1,5822,1.39728,1.41192
4,10,noise,noise,20,noise(20),luma/mean,4,0,0,0,0,"RS(155,125)",1,1.1052,"RS(255,254)",0.996078,1,5822,1.39728,1.41192
4,10,noise,noise,20,noise(20),luma/saturated,4,0,0,0,0,"RS(155,125)",1,1.1052,"RS(255,254)",0.996078,1,5822,1.39728,1.41192
4,10,noise,noise,20,noise(20),max/mean,4,0,0,0,0,"RS(155,125)",1,1.1052,"RS(255,254)",0.996078,1,5822,1.39728,1.41192
4,10,noise,noise,20,noise(20),max/saturated,4,0,0,0,0,"RS(155,125)",1,1.1052,"RS(255,254)",0.996078,1,5822,1.39728,1.41192
4,10,noise,noise,40,noise(40),luma/mean,4,0,0,0,0,"RS(155,125)",1,1.1052,"RS(255,254)",0.996078,1,5822,1.39728,1.41192
4,10,noise,noise,40,noise(40),luma/saturated,4,0,0,0,0,"RS(155,125)",1,1.1052,"RS(255,254)",0.996078,1,5822,1.39728,1.41192
4,10,noise,noise,40,noise(40),max/mean,4,0,0,0,0,"RS(155,125)",1,1.1052,"RS(255,254)",0.996078,1,5822,1.39728,1.41192
4,10,noise,noise,40,noise(40),max/saturated,4,0,0,0,0,"RS(155,125)",1,1.1052,"RS(255,254)",0.996078,1,5822,1.39728,1.41192
4,10,noise,noise,60,noise(60),luma/mean,4,0.000733044,0,0.000733044,0.00117698,"RS(155,125)",1,1.1052,"RS(255,251)",0.984314,1,5753,1.38072,1.41192
4,10,noise,noise,60,noise(60),luma/saturated,4,0.000733044,0,0.000733044,0.00117698,"RS(155,125)",1,1.1052,"RS(255,251)",0.984314,1,5753,1.38072,1.41192
4,10,noise,noise,60,noise(60),max/mean,4,0,0,0,0,"RS(155,125)",1,1.1052,"RS(255,254)",0.996078,1,5822,1.39728,1.41192
4,10,noise,noise,60,noise(60),max/saturated,4,0,0,0,0,"RS(155,125)",1,1.1052,"RS(255,254)",0.996078,1,5822,1.39728,1.41192
4,10,noise,noise,80,noise(80),luma/mean,4,0.0142784,0.000573687,0.0145334,0.0220575,"RS(155,125)",1,1.1052,"RS(255,229)",0.898039,1,5247,1.25928,1.41192
4,10,noise,noise,80,noise(80),luma/saturated,4,0.0142784,0,0.0142784,0.0215344,"RS(155,125)",1,1.1052,"RS(255,229)",0.898039,1,5247,1.25928,1.41192
4,10,noise,noise,80,noise(80),max/mean,4,0,0,0,0,"RS(155,125)",1,1.1052,"RS(255,254)",0.996078,1,5822,1.39728,1.41192
4,10,noise,noise,80,noise(80),max/saturated,4,0,0,0,0,"RS(155,125)",1,1.1052,"RS(255,254)",0.996078,1,5822,1.39728,1.41192
4,10,perspective,perspective,0.05,perspective(0.05),luma/mean,4,0,0,0,0,"RS(155,125)",1,1.1052,"RS(255,254)",0.996078,1,5822,1.39728,1.41192
4,10,perspective,perspective,0.05,perspective(0.05),luma/saturated,4,0,0,0,0,"RS(155,125)",1,1.1052,"RS(255,254)",0.996078,1,5822,1.39728,1.41192
4,10,perspective,perspective,0.05,perspective(0.05),max/mean,4,0,0,0,0,"RS(155,125)",1,1.1052,"RS(255,254)",0.996078,1,5822,1.39728,1.41192
4,10,perspective,perspective,0.05,perspective(0.05),max/saturated,4,0,0,0,0,"RS(155,125)",1,1.1052,"RS(255,254)",0.996078,1,5822,1.39728,1.41192
4,10,perspective,perspective,0.1,perspective(0.1),luma/mean,4,0,0,0,0,"RS(155,125)",1,1.1052,"RS(255,254)",0.996078,1,5822,1.39728,1.41192
4,10,perspective,perspective,0.1,perspective(0.1),luma/saturated,4,0,0,0,0,"RS(155,125)",1,1.1052,"RS(255,254)",0.996078,1,5822,1.39728,1.41192
4,10,perspective,perspective,0.1,perspective(0.1),max/mean,4,0,0,0,0,"RS(155,125)",1,1.1052,"RS(255,254)",0.996078,1,5822,1.39728,1.41192
4,10,perspective,perspective,0.1,perspective(0.1),max/saturated,4,0,0,0,0,"RS(155,125)",1,1.1052,"RS(255,254)",0.996078,1,5822,1.39728,1.41192
4,10,perspective,perspective,0.15,perspective(0.15),luma/mean,4,0,0,0,0,"RS(155,125)",1,1.1052,"RS(255,254)",0.996078,1,5822,1.39728,1.41192
4,10,perspective,perspective,0.15,perspective(0.15),luma/saturated,4,0,0,0,0,"RS(155,125)",1,1.1052,"RS(255,254)",0.996078,1,5822,1.39728,1.41192
4,10,perspective,perspective,0.15,perspective(0.15),max/mean,4,0,0,0,0,"RS(155,125)",1,1.1052,"RS(255,254)",0.996078,1,5822,1.39728,1.41192
4,10,perspective,perspective,0.15,perspective(0.15),max/saturated,4,0,0,0,0,"RS(155,125)",1,1.1052,"RS(255,254)",0.996078,1,5822,1.39728,1.41192
4,10,perspective,perspective,0.2,perspective(0.2),luma/mean,4,0,0,0,0,"RS(155,125)",1,1.1052,"RS(255,254)",0.996078,1,5822,1.39728,1.41192
4,10,perspective,perspective,0.2,perspective(0.2),luma/saturated,4,0,0,0,0,"RS(155,125)",1,1.1052,"RS(255,254)",0.996078,1,5822,1.39728,1.41192
4,10,perspective,perspective,0.2,perspective(0.2),max/mean,4,0,0,0,0,"RS(155,125)",1,1.1052,"RS(255,254)",0.996078,1,5822,1.39728,1.41192
4,10,perspective,perspective,0.2,perspective(0.2),max/saturated,4,0,0,0,0,"RS(155,125)",1,1.1052,"RS(255,254)",0.996078,1,5822,1.39728,1.41192
4,10,perspective,perspective,0.3,perspective(0.3),luma/mean,4,0.00264533,0,0.00264533,0.00431561,"RS(155,125)",1,1.1052,"RS(255,241)",0.945098,1,5523,1.32552,1.41192
4,10,perspective,perspective,0.3,perspective(0.3),luma/saturated,4,0.00264533,0,0.00264533,0.00431561,"RS(155,125)",1,1.1052,"RS(255,241)",0.945098,1,5523,1.32552,1.41192
4,10,perspective,perspective,0.3,perspective(0.3),max/mean,4,0.0013386,0,0.0013386,0.00209241,"RS(155,125)",1,1.1052,"RS(255,243)",0.952941,1,5569,1.33656,1.41192
4,10,perspective,perspective,0.3,perspective(0.3),max/saturated,4,0.0013386,0,0.0013386,0.00209241,"RS(155,125)",1,1.1052,"RS(255,243)",0.952941,1,5569,1.33656,1.41192
4,10,white_balance,white_balance,0.5,white_balance(0.5),luma/mean,4,0,0,0,0,"RS(155,125)",1,1.1052,"RS(255,254)",0.996078,1,5822,1.39728,1.41192
4,10,white_balance,white_balance,0.5,white_balance(0.5),luma/saturated,4,0,0,0,0,"RS(155,125)",1,1.1052,"RS(255,254)",0.996078,1,5822,1.39728,1.41192
4,10,white_balance,white_balance,0.5,white_balance(0.5),max/mean,4,0,0,0,0,"RS(155,125)",1,1.1052,"RS(255,254)",0.996078,1,5822,1.39728,1.41192
4,10,white_balance,white_balance,0.5,white_balance(0.5),max/saturated,4,0,0,0,0,"RS(155,125)",1,1.1052,"RS(255,254)",0.996078,1,5822,1.39728,1.41192
4,10,white_balance,white_balance,1,white_balance(1),luma/mean,4,0,0,0,0,"RS(155,125)",1,1.1052,"RS(255,254)",0.996078,1,5822,1.39728,1.41192
4,10,white_balance,white_balance,1,white_balance(1),luma/saturated,4,0,0,0,0,"RS(155,125)",1,1.1052,"RS(255,254)",0.996078,1,5822,1.39728,1.41192
4,10,white_balance,white_balance,1,white_balance(1),max/mean,4,0,0,0,0,"RS(155,125)",1,1.1052,"RS(255,254)",0.996078,1,5822,1.39728,1.41192
4,10,white_balance,white_balance,1,white_balance(1),max/saturated,4,0,0,0,0,"RS(155,125)",1,1.1052,"RS(255,254)",0.996078,1,5822,1.39728,1.41192
4,10,white_balance,white_balance,2,white_balance(2),luma/mean,4,0,0,0,0,"RS(155,125)",1,1.1052,"RS(255,254)",0.996078,1,5822,1.39728,1.41192
4,10,white_balance,white_balance,2,white_balance(2),luma/saturated,4,0,0,0,0,"RS(155,125)",1,1.1052,"RS(255,254)",0.996078,1,5822,1.39728,1.41192
4,10,white_balance,white_balance,2,white_balance(2),max/mean,4,0,0,0,0,"RS(155,125)",1,1.1052,"RS(255,254)",0.996078,1,5822,1.39728,1.41192
4,10,white_balance,white_balance,2,white_balance(2),max/saturated,4,0,0,0,0,"RS(155,125)",1,1.1052,"RS(255,254)",0.996078,1,5822,1.39728,1.41192
4,10,white_balance,white_balance,3,white_balance(3),luma/mean,4,0,0,0,0,"RS(155,125)",1,1.1052,"RS(255,254)",0.996078,1,5822,1.39728,1.41192
4,10,white_balance,white_balance,3,white_balance(3),luma/saturated,4,0,0,0,0,"RS(155,125)",1,1.1052,"RS(255,254)",0.996078,1,5822,1.39728,1.41192
4,10,white_balance,white_balance,3,white_balance(3),max/mean,4,0,0,0,0,"RS(155,125)",1,1.1052,"RS(255,254)",0.996078,1,5822,1.39728,1.41192
4,10,white_balance,white_balance,3,white_balance(3),max/saturated,4,0,0,0,0,"RS(155,125)",1,1.1052,"RS(255,254)",0.996078,1,5822,1.39728,1.41192
4,10,white_balance,white_balance,4,white_balance(4),luma/mean,4,0,0,0,0,"RS(155,125)",1,1.1052,"RS(255,254)",0.996078,1,5822,1.39728,1.41192
4,10,white_balance,white_balance,4,white_balance(4),luma/saturated,4,0,0,0,0,"RS(155,125)",1,1.1052,"RS(255,254)",0.996078,1,5822,1.39728,1.41192
4,10,white_balance,white_balance,4,white_balance(4),max/mean,4,0,0,0,0,"RS(155,125)",1,1.1052,"RS(255,254)",0.996078,1,5822,1.39728,1.41192
4,10,white_balance,white_balance,4,white_balance(4),max/saturated,4,0,0,0,0,"RS(155,125)",1,1.1052,"RS(255,254)",0.996078,1,5822,1.39728,1.41192
8,4,blur,blur,0.5,blur(0.5),luma/mean,4,0,0,0,0,"RS(155,125)",1,6.4152,"RS(255,254)",0.996078,1,33000,7.92,7.99008
8,4,blur,blur,0.5,blur(0.5),luma/saturated,4,0,0,0,0,"RS(155,125)",1,6.4152,"RS(255,254)",0.996078,1,33000,7.92,7.99008
8,4,blur,blur,0.5,blur(0.5),max/mean,4,0,0,0,0,"RS(155,125)",1,6.4152,"RS(255,254)",0.996078,1,33000,7.92,7.99008
8,4,blur,blur,0.5,blur(0.5),max/saturated,4,0,0,0,0,"RS(155,125)",1,6.4152,"RS(255,254)",0.996078,1,33000,7.92,7.99008
8,4,blur,blur,0.75,blur(0.75),luma/mean,4,0,0,0,0,"RS(155,125)",1,6.4152,"RS(255,254)",0.996078,1,33000,7.92,7.99008
8,4,blur,blur,0.75,blur(0.75),luma/saturated,4,0,0,0,0,"RS(155,125)",1,6.4152,"RS(255,254)",0.996078,1,33000,7.92,7.99008
8,4,blur,blur,0.75,blur(0.75),max/mean,4,0,0,0,0,"RS(155,125)",1,6.4152,"RS(255,254)",0.996078,1,33000,7.92,7.99008
8,4,blur,blur,0.75,blur(0.75),max/saturated,4,0,0,0,0,"RS(155,125)",1,6.4152,"RS(255,254)",0.996078,1,33000,7.92,7.99008
8,4,blur,blur,1,blur(1),luma/mean,4,0.175633,0,0.175633,0.234572,"RS(155,125)",0,0,"RS(255,99)",0.388235,1,12850,3.084,7.99008
8,4,blur,blur,1,blur(1),luma/saturated,4,0.175633,0,0.175633,0.234572,"RS(155,125)",0,0,"RS(255,99)",0.388235,1,12850,3.084,7.99008
8,4,blur,blur,1,blur(1),max/mean,4,0.203164,0,0.203164,0.269106,"RS(155,125)",0,0,"RS(255,75)",0.294118,1,9730,2.3352,7.99008
8,4,blur,blur,1,blur(1),max/saturated,4,0.203164,0,0.203164,0.269106,"RS(155,125)",0,0,"RS(255,75)",0.294118,1,9730,2.3352,7.99008
8,4,blur,blur,1.25,blur(1.25),luma/mean,4,0.449235,1.97119e-05,0.449235,0.544302,"RS(155,125)",0,0,"RS(255,254)",0.996078,0,33000,0,7.99008
8,4,blur,blur,1.25,blur(1.25),luma/saturated,4,0.449235,7.22771e-05,0.449242,0.544302,"RS(155,125)",0,0,"RS(255,254)",0.996078,0,33000,0,7.99008
8,4,blur,blur,1.25,blur(1.25),max/mean,4,0.483784,0,0.483784,0.578211,"RS(155,125)",0,0,"RS(255,254)",0.996078,0,33000,0,7.99008
8,4,blur,blur,1.25,blur(1.25),max/saturated,4,0.483784,0.000295679,0.483889,0.578339,"RS(155,125)",0,0,"RS(255,254)",0.996078,0,33000,0,7.99008
8,4,blur,blur,1.5,blur(1.5),luma/mean,4,0.544437,0.00875867,0.547046,0.639245,"RS(155,125)",0,0,"RS(255,254)",0.996078,0,33000,0,7.99008
8,4,blur,blur,1.5,blur(1.5),luma/saturated,4,0.544437,0.00419864,0.545429,0.636524,"RS(155,125)",0,0,"RS(255,254)",0.996078,0,33000,0,7.99008
8,4,blur,blur,1.5,blur(1.5),max/mean,4,0.582107,0.00218146,0.582665,0.669784,"RS(155,125)",0,0,"RS(255,254)",0.996078,0,33000,0,7.99008
8,4,blur,blur,1.5,blur(1.5),max/saturated,4,0.582107,0.0067612,0.584085,0.671322,"RS(155,125)",0,0,"RS(255,254)",0.996078,0,33000,0,7.99008
8,4,blur,blur,2,blur(2),luma/mean,4,0.668261,0.229828,0.727574,0.813582,"RS(155,125)",0,0,"RS(255,254)",0.996078,0,33000,0,7.99008
8,4,blur,blur,2,blur(2),luma/saturated,4,0.668261,0.113002,0.698401,0.780005,"RS(155,125)",0,0,"RS(255,254)",0.996078,0,33000,0,7.99008
8,4,blur,blur,2,blur(2),max/mean,4,0.676895,0.159049,0.716647,0.799058,"RS(155,125)",0,0,"RS(255,254)",0.996078,0,33000,0,7.99008
8,4,blur,blur,2,blur(2),max/saturated,4,0.676895,0.0935397,0.702796,0.781889,"RS(155,125)",0,0,"RS(255,254)",0.996078,0,33000,0,7.99008
8,4,chroma_bilinear,chroma,1,"chroma(1,full_range=False,matrix=bt601,upsample=bilinear)",luma/mean,4,0,0,0,0,"RS(155,125)",1,6.4152,"RS(255,254)",0.996078,1,33000,7.92,7.99008
8,4,chroma_bilinear,chroma,1,"chroma(1,full_range=False,matrix=bt601,upsample=bilinear)",luma/saturated,4,0,0,0,0,"RS(155,125)",1,6.4152,"RS(255,254)",0.996078,1,33000,7.92,7.99008
8,4,chroma_bilinear,chroma,1,"chroma(1,full_range=False,matrix=bt601,upsample=bilinear)",max/mean,4,0,0,0,0,"RS(155,125)",1,6.4152,"RS(255,254)",0.996078,1,33000,7.92,7.99008
8,4,chroma_bilinear,chroma,1,"chroma(1,full_range=False,matrix=bt601,upsample=bilinear)",max/saturated,4,0,0,0,0,"RS(155,125)",1,6.4152,"RS(255,254)",0.996078,1,33000,7.92,7.99008
8,4,chroma_bilinear,chroma,1.5,"chroma(1.5,full_range=False,matrix=bt601,upsample=bilinear)",luma/mean,4,0,0.222456,0.222456,0.263928,"RS(155,125)",0,0,"RS(255,71)",0.278431,1,9210,2.2104,7.99008
8,4,chroma_bilinear,chroma,1.5,"chroma(1.5,full_range=False,matrix=bt601,upsample=bilinear)",luma/saturated,4,0,0.0651348,0.0651348,0.0826877,"RS(155,125)",0,0,"RS(255,187)",0.733333,1,24290,5.8296,7.99008
8,4,chroma_bilinear,chroma,1.5,"chroma(1.5,full_range=False,matrix=bt601,upsample=bilinear)",max/mean,4,0,0.222456,0.222456,0.263928,"RS(155,125)",0,0,"RS(255,71)",0.278431,1,9210,2.2104,7.99008
8,4,chroma_bilinear,chroma,1.5,"chroma(1.5,full_range=False,matrix=bt601,upsample=bilinear)",max/saturated,4,0,0.0651217,0.0651217,0.0826801,"RS(155,125)",0,0,"RS(255,187)",0.733333,1,24290,5.8296,7.99008
8,4,chroma_bilinear,chroma,2,"chroma(2,full_range=False,matrix=bt601,upsample=bilinear)",luma/mean,4,0,0.493272,0.493272,0.548425,"RS(155,125)",0,0,"RS(255,254)",0.996078,0,33000,0,7.99008
8,4,chroma_bilinear,chroma,2,"chroma(2,full_range=False,matrix=bt601,upsample=bilinear)",luma/saturated,4,0,0.240926,0.240926,0.282462,"RS(155,125)",0,0,"RS(255,71)",0.278431,1,9210,2.2104,7.99008
8,4,chroma_bilinear,chroma,2,"chroma(2,full_range=False,matrix=bt601,upsample=bilinear)",max/mean,4,0,0.493272,0.493272,0.548425,"RS(155,125)",0,0,"RS(255,254)",0.996078,0,33000,0,7.99008
8,4,chroma_bilinear,chroma,2,"chroma(2,full_range=False,matrix=bt601,upsample=bilinear)",max/saturated,4,0,0.240919,0.240919,0.282529,"RS(155,125)",0,0,"RS(255,71)",0.278431,1,9210,2.2104,7.99008
8,4,chroma_bilinear,chroma,3,"chroma(3,full_range=False,matrix=bt601,upsample=bilinear)",luma/mean,4,0,0.829978,0.829978,0.860981,"RS(155,125)",0,0,"RS(255,254)",0.996078,0,33000,0,7.99008
8,4,chroma_bilinear,chroma,3,"chroma(3,full_range=False,matrix=bt601,upsample=bilinear)",luma/saturated,4,0,0.644758,0.644758,0.694114,"RS(155,125)",0,0,"RS(255,254)",0.996078,0,33000,0,7.99008
8,4,chroma_bilinear,chroma,3,"chroma(3,full_range=False,matrix=bt601,upsample=bilinear)",max/mean,4,0,0.829978,0.829978,0.860981,"RS(155,125)",0,0,"RS(255,254)",0.996078,0,33000,0,7.99008
8,4,chroma_bilinear,chroma,3,"chroma(3,full_range=False,matrix=bt601,upsample=bilinear)",max/saturated,4,0,0.644482,0.644482,0.693865,"RS(155,125)",0,0,"RS(255,254)",0.996078,0,33000,0,7.99008
8,4,chroma_bilinear,chroma,4,"chroma(4,full_range=False,matrix=bt601,upsample=bilinear)",luma/mean,4,0,0.866498,0.866498,0.892689,"RS(155,125)",0,0,"RS(255,254)",0.996078,0,33000,0,7.99008
8,4,chroma_bilinear,chroma,4,"chroma(4,full_range=False,matrix=bt601,upsample=bilinear)",luma/saturated,4,0,0.809254,0.809254,0.843503,"RS(155,125)",0,0,"RS(255,254)",0.996078,0,33000,0,7.99008
8,4,chroma_bilinear,chroma,4,"chroma(4,full_range=False,matrix=bt601,upsample=bilinear)",max/mean,4,0,0.866498,0.866498,0.892689,"RS(155,125)",0,0,"RS(255,254)",0.996078,0,33000,0,7.99008
8,4,chroma_bilinear,chroma,4,"chroma(4,full_range=False,matrix=bt601,upsample=bilinear)",max/saturated,4,0,0.809024,0.809024,0.843315,"RS(155,125)",0,0,"RS(255,254)",0.996078,0,33000,0,7.99008
8,4,chroma_bt709_bilinear,chroma,2,"chroma(2,full_range=False,matrix=bt709,upsample=bilinear)",luma/mean,4,0,0.496136,0.496136,0.551899,"RS(155,125)",0,0,"RS(255,254)",0.996078,0,33000,0,7.99008
8,4,chroma_bt709_bilinear,chroma,2,"chroma(2,full_range=False,matrix=bt709,upsample=bilinear)",luma/saturated,4,0,0.256216,0.256216,0.299163,"RS(155,125)",0,0,"RS(255,65)",0.254902,1,8430,2.0232,7.99008
8,4,chroma_bt709_bilinear,chroma,2,"chroma(2,full_range=False,matrix=bt709,upsample=bilinear)",max/mean,4,0,0.496136,0.496136,0.551899,"RS(155,125)",0,0,"RS(255,254)",0.996078,0,33000,0,7.99008
8,4,chroma_bt709_bilinear,chroma,2,"chroma(2,full_range=False,matrix=bt709,upsample=bilinear)",max/saturated,4,0,0.256314,0.256314,0.299224,"RS(155,125)",0,0,"RS(255,65)",0.254902,1,8430,2.0232,7.99008
8,4,chroma_bt709_nearest,chroma,2,"chroma(2,full_range=False,matrix=bt709,upsample=nearest)",luma/mean,4,0,0.263713,0.263713,0.307107,"RS(155,125)",0,0,"RS(255,57)",0.223529,1,7390,1.7736,7.99008
8,4,chroma_bt709_nearest,chroma,2,"chroma(2,full_range=False,matrix=bt709,upsample=nearest)",luma/saturated,4,0,0.0492404,0.0492404,0.0651492,"RS(155,125)",0,0,"RS(255,195)",0.764706,1,25330,6.0792,7.99008
8,4,chroma_bt709_nearest,chroma,2,"chroma(2,full_range=False,matrix=bt709,upsample=nearest)",max/mean,4,0,0.263713,0.263713,0.307107,"RS(155,125)",0,0,"RS(255,57)",0.223529,1,7390,1.7736,7.99008
8,4,chroma_bt709_nearest,chroma,2,"chroma(2,full_range=False,matrix=bt709,upsample=nearest)",max/saturated,4,0,0.0492404,0.0492404,0.0651492,"RS(155,125)",0,0,"RS(255,195)",0.764706,1,25330,6.0792,7.99008
8,4,chroma_nearest,chroma,1,"chroma(1,full_range=False,matrix=bt601,upsample=nearest)",luma/mean,4,0,0,0,0,"RS(155,125)",1,6.4152,"RS(255,254)",0.996078,1,33000,7.92,7.99008
8,4,chroma_nearest,chroma,1,"chroma(1,full_range=False,matrix=bt601,upsample=nearest)",luma/saturated,4,0,0,0,0,"RS(155,125)",1,6.4152,"RS(255,254)",0.996078,1,33000,7.92,7.99008
8,4,chroma_nearest,chroma,1,"chroma(1,full_range=False,matrix=bt601,upsample=nearest)",max/mean,4,0,0,0,0,"RS(155,125)",1,6.4152,"RS(255,254)",0.996078,1,33000,7.92,7.99008
8,4,chroma_nearest,chroma,1,"chroma(1,full_range=False,matrix=bt601,upsample=nearest)",max/saturated,4,0,0,0,0,"RS(155,125)",1,6.4152,"RS(255,254)",0.996078,1,33000,7.92,7.99008
8,4,chroma_nearest,chroma,1.5,"chroma(1.5,full_range=False,matrix=bt601,upsample=nearest)",luma/mean,4,0,0.330057,0.330057,0.379273,"RS(155,125)",0,0,"RS(255,19)",0.0745098,0.75,2450,0.441,7.99008
8,4,chroma_nearest,chroma,1.5,"chroma(1.5,full_range=False,matrix=bt601,upsample=nearest)",luma/saturated,4,0,0.0311186,0.0311186,0.0390262,"RS(155,125)",0.75,4.8114,"RS(255,213)",0.835294,1,27670,6.6408,7.99008
8,4,chroma_nearest,chroma,1.5,"chroma(1.5,full_range=False,matrix=bt601,upsample=nearest)",max/mean,4,0.000151125,0.328716,0.328867,0.378022,"RS(155,125)",0,0,"RS(255,19)",0.0745098,0.75,2450,0.441,7.99008
8,4,chroma_nearest,chroma,1.5,"chroma(1.5,full_range=False,matrix=bt601,upsample=nearest)",max/saturated,4,0.000151125,0.0310266,0.0311777,0.0390941,"RS(155,125)",0.5,3.2076,"RS(255,213)",0.835294,1,27670,6.6408,7.99008
8,4,chroma_nearest,chroma,2,"chroma(2,full_range=False,matrix=bt601,upsample=nearest)",luma/mean,4,0,0.241977,0.241977,0.282838,"RS(155,125)",0,0,"RS(255,63)",0.247059,1,8170,1.9608,7.99008
8,4,chroma_nearest,chroma,2,"chroma(2,full_range=False,matrix=bt601,upsample=nearest)",luma/saturated,4,0,0.0492404,0.0492404,0.0651492,"RS(155,125)",0,0,"RS(255,195)",0.764706,1,25330,6.0792,7.99008
8,4,chroma_nearest,chroma,2,"chroma(2,full_range=False,matrix=bt601,upsample=nearest)",max/mean,4,0,0.241977,0.241977,0.282838,"RS(155,125)",0,0,"RS(255,63)",0.247059,1,8170,1.9608,7.99008
8,4,chroma_nearest,chroma,2,"chroma(2,full_range=False,matrix=bt601,upsample=nearest)",max/saturated,4,0,0.0492404,0.0492404,0.0651492,"RS(155,125)",0,0,"RS(255,195)",0.764706,1,25330,6.0792,7.99008
8,4,chroma_nearest,chroma,3,"chroma(3,full_range=False,matrix=bt601,upsample=nearest)",luma/mean,4,0,0.74747,0.74747,0.789064,"RS(155,125)",0,0,"RS(255,254)",0.996078,0,33000,0,7.99008
8,4,chroma_nearest,chroma,3,"chroma(3,full_range=False,matrix=bt601,upsample=nearest)",luma/saturated,4,0,0.445207,0.445207,0.501651,"RS(155,125)",0,0,"RS(255,254)",0.996078,0,33000,0,7.99008
8,4,chroma_nearest,chroma,3,"chroma(3,full_range=False,matrix=bt601,upsample=nearest)",max/mean,4,1.97119e-05,0.747437,0.747457,0.789049,"RS(155,125)",0,0,"RS(255,254)",0.996078,0,33000,0,7.99008
8,4,chroma_nearest,chroma,3,"chroma(3,full_range=False,matrix=bt601,upsample=nearest)",max/saturated,4,1.97119e-05,0.444767,0.444787,0.501229,"RS(155,125)",0,0,"RS(255,254)",0.996078,0,33000,0,7.99008
8,4,chroma_nearest,chroma,4,"chroma(4,full_range=False,matrix=bt601,upsample=nearest)",luma/mean,4,0,0.75479,0.75479,0.795493,"RS(155,125)",0,0,"RS(255,254)",0.996078,0,33000,0,7.99008
8,4,chroma_nearest,chroma,4,"chroma(4,full_range=False,matrix=bt601,upsample=nearest)",luma/saturated,4,0,0.651375,0.651375,0.700626,"RS(155,125)",0,0,"RS(255,254)",0.996078,0,33000,0,7.99008
8,4,chroma_nearest,chroma,4,"chroma(4,full_range=False,matrix=bt601,upsample=nearest)",max/mean,4,0,0.75479,0.75479,0.795493,"RS(155,125)",0,0,"RS(255,254)",0.996078,0,33000,0,7.99008
8,4,chroma_nearest,chroma,4,"chroma(4,full_range=False,matrix=bt601,upsample=nearest)",max/saturated,4,0,0.649423,0.649423,0.698967,"RS(155,125)",0,0,"RS(255,254)",0.996078,0,33000,0,7.99008
8,4,clean,clean,0,clean,luma/mean,4,0,0,0,0,"RS(155,125)",1,6.4152,"RS(255,254)",0.996078,1,33000,7.92,7.99008
8,4,clean,clean,0,clean,luma/saturated,4,0,0,0,0,"RS(155,125)",1,6.4152,"RS(255,254)",0.996078,1,33000,7.92,7.99008
8,4,clean,clean,0,clean,max/mean,4,0,0,0,0,"RS(155,125)",1,6.4152,"RS(255,254)",0.996078,1,33000,7.92,7.99008
8,4,clean,clean,0,clean,max/saturated,4,0,0,0,0,"RS(155,125)",1,6.4152,"RS(255,254)",0.996078,1,33000,7.92,7.99008
8,4,noise,noise,10,noise(10),luma/mean,4,0,0,0,0,"RS(155,125)",1,6.4152,"RS(255,254)",0.996078,1,33000,7.92,7.99008
8,4,noise,noise,10,noise(10),luma/saturated,4,0,0,0,0,"RS(155,125)",1,6.4152,"RS(255,254)",0.996078,1,33000,7.92,7.99008
8,4,noise,noise,10,noise(10),max/mean,4,0,0,0,0,"RS(155,125)",1,6.4152,"RS(255,254)",0.996078,1,33000,7.92,7.99008
8,4,noise,noise,10,noise(10),max/saturated,4,0,0,0,0,"RS(155,125)",1,6.4152,"RS(255,254)",0.996078,1,33000,7.92,7.99008
8,4,noise,noise,20,noise(20),luma/mean,4,0,0,0,0,"RS(155,125)",1,6.4152,"RS(255,254)",0.996078,1,33000,7.92,7.99008
8,4,noise,noise,20,noise(20),luma/saturated,4,0,0,0,0,"RS(155,125)",1,6.4152,"RS(255,254)",0.996078,1,33000,7.92,7.99008
8,4,noise,noise,20,noise(20),max/mean,4,0,0,0,0,"RS(155,125)",1,6.4152,"RS(255,254)",0.996078,1,33000,7.92,7.99008
8,4,noise,noise,20,noise(20),max/saturated,4,0,0,0,0,"RS(155,125)",1,6.4152,"RS(255,254)",0.996078,1,33000,7.92,7.99008
8,4,noise,noise,40,noise(40),luma/mean,4,0,1.31413e-05,1.31413e-05,1.50739e-05,"RS(155,125)",1,6.4152,"RS(255,253)",0.992157,1,32870,7.8888,7.99008
8,4,noise,noise,40,noise(40),luma/saturated,4,0,0.00843014,0.00843014,0.0106874,"RS(155,125)",1,6.4152,"RS(255,235)",0.921569,1,30530,7.3272,7.99008
8,4,noise,noise,40,noise(40),max/mean,4,0,1.31413e-05,1.31413e-05,1.50739e-05,"RS(155,125)",1,6.4152,"RS(255,253)",0.992157,1,32870,7.8888,7.99008
8,4,noise,noise,40,noise(40),max/saturated,4,0,0.00842357,0.00842357,0.0106798,"RS(155,125)",1,6.4152,"RS(155,143)",0.922581,1,30582,7.33968,7.99008
8,4,noise,noise,60,noise(60),luma/mean,4,6.57065e-06,0.0039621,0.00396867,0.00513265,"RS(155,125)",1,6.4152,"RS(255,245)",0.960784,1,31830,7.6392,7.99008
8,4,noise,noise,60,noise(60),luma/saturated,4,6.57065e-06,0.0993022,0.0993088,0.122648,"RS(155,125)",0,0,"RS(255,159)",0.623529,1,20650,4.956,7.99008
8,4,noise,noise,60,noise(60),max/mean,4,0,0.00266768,0.00266768,0.00330118,"RS(155,125)",1,6.4152,"RS(255,245)",0.960784,1,31830,7.6392,7.99008
8,4,noise,noise,60,noise(60),max/saturated,4,0,0.0987174,0.0987174,0.121488,"RS(155,125)",0,0,"RS(255,161)",0.631373,1,20910,5.0184,7.99008
8,4,noise,noise,80,noise(80),luma/mean,4,0.000854184,0.0485834,0.0491024,0.0625188,"RS(155,125)",0,0,"RS(255,201)",0.788235,1,26110,6.2664,7.99008
8,4,noise,noise,80,noise(80),luma/saturated,4,0.000854184,0.224453,0.225104,0.270719,"RS(155,125)",0,0,"RS(255,71)",0.278431,1,9210,2.2104,7.99008
8,4,noise,noise,80,noise(80),max/mean,4,0.000137984,0.036973,0.0370322,0.0462843,"RS(155,125)",0.5,3.2076,"RS(255,213)",0.835294,1,27670,6.6408,7.99008
8,4,noise,noise,80,noise(80),max/saturated,4,0.000137984,0.22285,0.222962,0.26677,"RS(155,125)",0,0,"RS(155,43)",0.277419,1,9182,2.20368,7.99008
8,4,perspective,perspective,0.05,perspective(0.05),luma/mean,4,0.00285823,0,0.00285823,0.00367049,"RS(155,125)",1,6.4152,"RS(155,147)",0.948387,1,31438,7.54512,7.99008
8,4,perspective,perspective,0.05,perspective(0.05),luma/saturated,4,0.00285823,0,0.00285823,0.00367049,"RS(155,125)",1,6.4152,"RS(155,147)",0.948387,1,31438,7.54512,7.99008
8,4,perspective,perspective,0.05,perspective(0.05),max/mean,4,0.00287137,0,0.00287137,0.00368556,"RS(155,125)",1,6.4152,"RS(155,147)",0.948387,1,31438,7.54512,7.99008
8,4,perspective,perspective,0.05,perspective(0.05),max/saturated,4,0.00287137,0,0.00287137,0.00368556,"RS(155,125)",1,6.4152,"RS(155,147)",0.948387,1,31438,7.54512,7.99008
8,4,perspective,perspective,0.1,perspective(0.1),luma/mean,4,0.00922519,0,0.00922519,0.0122626,"RS(155,125)",1,6.4152,"RS(255,231)",0.905882,1,30010,7.2024,7.99008
8,4,perspective,perspective,0.1,perspective(0.1),luma/saturated,4,0.00922519,0,0.00922519,0.0122626,"RS(155,125)",1,6.4152,"RS(255,231)",0.905882,1,30010,7.2024,7.99008
8,4,perspective,perspective,0.1,perspective(0.1),max/mean,4,0.00919234,0,0.00919234,0.0122023,"RS(155,125)",1,6.4152,"RS(255,231)",0.905882,1,30010,7.2024,7.99008
8,4,perspective,perspective,0.1,perspective(0.1),max/saturated,4,0.00919234,0,0.00919234,0.0122023,"RS(155,125)",1,6.4152,"RS(255,231)",0.905882,1,30010,7.2024,7.99008
8,4,perspective,perspective,0.15,perspective(0.15),luma/mean,4,0.0227607,0,0.0227607,0.0309316,"RS(155,125)",1,6.4152,"RS(255,213)",0.835294,1,27670,6.6408,7.99008
8,4,perspective,perspective,0.15,perspective(0.15),luma/saturated,4,0.0227607,0,0.0227607,0.0309316,"RS(155,125)",1,6.4152,"RS(255,213)",0.835294,1,27670,6.6408,7.99008
8,4,perspective,perspective,0.15,perspective(0.15),max/mean,4,0.0227673,0,0.0227673,0.0309014,"RS(155,125)",1,6.4152,"RS(255,215)",0.843137,1,27930,6.7032,7.99008
8,4,perspective,perspective,0.15,perspective(0.15),max/saturated,4,0.0227673,0,0.0227673,0.0309014,"RS(155,125)",1,6.4152,"RS(255,215)",0.843137,1,27930,6.7032,7.99008
8,4,perspective,perspective,0.2,perspective(0.2),luma/mean,4,0.0638273,0,0.0638273,0.0850995,"RS(155,125)",0.25,1.6038,"RS(255,157)",0.615686,1,20390,4.8936,7.99008
8,4,perspective,perspective,0.2,perspective(0.2),luma/saturated,4,0.0638273,0,0.0638273,0.0850995,"RS(155,125)",0.25,1.6038,"RS(255,157)",0.615686,1,20390,4.8936,7.99008
8,4,perspective,perspective,0.2,perspective(0.2),max/mean,4,0.0641558,0,0.0641558,0.0855592,"RS(155,125)",0.25,1.6038,"RS(255,159)",0.623529,1,20650,4.956,7.99008
8,4,perspective,perspective,0.2,perspective(0.2),max/saturated,4,0.0641558,0,0.0641558,0.0855592,"RS(155,125)",0.25,1.6038,"RS(255,159)",0.623529,1,20650,4.956,7.99008
8,4,perspective,perspective,0.3,perspective(0.3),luma/mean,4,0.256518,0.00140612,0.256755,0.310868,"RS(155,125)",0,0,"RS(255,175)",0.686275,0.25,22730,1.3638,7.99008
8,4,perspective,perspective,0.3,perspective(0.3),luma/saturated,4,0.256518,0.00223402,0.25707,0.31117,"RS(155,125)",0,0,"RS(255,175)",0.686275,0.25,22730,1.3638,7.99008
8,4,perspective,perspective,0.3,perspective(0.3),max/mean,4,0.256906,0.00124185,0.257142,0.311471,"RS(155,125)",0,0,"RS(255,175)",0.686275,0.25,22730,1.3638,7.99008
8,4,perspective,perspective,0.3,perspective(0.3),max/saturated,4,0.256906,0.00258226,0.257563,0.311893,"RS(155,125)",0,0,"RS(255,175)",0.686275,0.25,22730,1.3638,7.99008
8,4,white_balance,white_balance,0.5,white_balance(0.5),luma/mean,4,0,0,0,0,"RS(155,125)",1,6.4152,"RS(255,254)",0.996078,1,33000,7.92,7.99008
8,4,white_balance,white_balance,0.5,white_balance(0.5),luma/saturated,4,0,0,0,0,"RS(155,125)",1,6.4152,"RS(255,254)",0.996078,1,33000,7.92,7.99008
8,4,white_balance,white_balance,0.5,white_balance(0.5),max/mean,4,0,0,0,0,"RS(155,125)",1,6.4152,"RS(255,254)",0.996078,1,33000,7.92,7.99008
8,4,white_balance,white_balance,0.5,white_balance(0.5),max/saturated,4,0,0,0,0,"RS(155,125)",1,6.4152,"RS(255,254)",0.996078,1,33000,7.92,7.99008
8,4,white_balance,white_balance,1,white_balance(1),luma/mean,4,0,0,0,0,"RS(155,125)",1,6.4152,"RS(255,254)",0.996078,1,33000,7.92,7.99008
8,4,white_balance,white_balance,1,white_balance(1),luma/saturated,4,0,0,0,0,"RS(155,125)",1,6.4152,"RS(255,254)",0.996078,1,33000,7.92,7.99008
8,4,white_balance,white_balance,1,white_balance(1),max/mean,4,0,0,0,0,"RS(155,125)",1,6.4152,"RS(255,254)",0.996078,1,33000,7.92,7.99008
8,4,white_balance,white_balance,1,white_balance(1),max/saturated,4,0,0,0,0,"RS(155,125)",1,6.4152,"RS(255,254)",0.996078,1,33000,7.92,7.99008
8,4,white_balance,white_balance,2,white_balance(2),luma/mean,4,0,0,0,0,"RS(155,125)",1,6.4152,"RS(255,254)",0.996078,1,33000,7.92,7.99008
8,4,white_balance,white_balance,2,white_balance(2),luma/saturated,4,0,0,0,0,"RS(155,125)",1,6.4152,"RS(255,254)",0.996078,1,33000,7.92,7.99008
8,4,white_balance,white_balance,2,white_balance(2),max/mean,4,0,0,0,0,"RS(155,125)",1,6.4152,"RS(255,254)",0.996078,1,33000,7.92,7.99008
8,4,white_balance,white_balance,2,white_balance(2),max/saturated,4,0,0,0,0,"RS(155,125)",1,6.4152,"RS(255,254)",0.996078,1,33000,7.92,7.99008
8,4,white_balance,white_balance,3,white_balance(3),luma/mean,4,0,0,0,0,"RS(155,125)",1,6.4152,"RS(255,254)",0.996078,1,33000,7.92,7.99008
8,4,white_balance,white_balance,3,white_balance(3),luma/saturated,4,0,0,0,0,"RS(155,125)",1,6.4152,"RS(255,254)",0.996078,1,33000,7.92,7.99008
8,4,white_balance,white_balance,3,white_balance(3),max/mean,4,0,0,0,0,"RS(155,125)",1,6.4152,"RS(255,254)",0.996078,1,33000,7.92,7.99008
8,4,white_balance,white_balance,3,white_balance(3),max/saturated,4,0,0,0,0,"RS(155,125)",1,6.4152,"RS(255,254)",0.996078,1,33000,7.92,7.99008
8,4,white_balance,white_balance,4,white_balance(4),luma/mean,4,0,0,0,0,"RS(155,125)",1,6.4152,"RS(255,254)",0.996078,1,33000,7.92,7.99008
8,4,white_balance,white_balance,4,white_balance(4),luma/saturated,4,0,0,0,0,"RS(155,125)",1,6.4152,"RS(255,254)",0.996078,1,33000,7.92,7.99008
8,4,white_balance,white_balance,4,white_balance(4),max/mean,4,0,0,0,0,"RS(155,125)",1,6.4152,"RS(255,254)",0.996078,1,33000,7.92,7.99008
8,4,white_balance,white_balance,4,white_balance(4),max/saturated,4,0,0,0,0,"RS(155,125)",1,6.4152,"RS(255,254)",0.996078,1,33000,7.92,7.99008
8,5,blur,blur,0.5,blur(0.5),luma/mean,4,0,0,0,0,"RS(155,125)",1,4.4652,"RS(155,154)",0.993548,1,22926,5.50224,5.5524
8,5,blur,blur,0.5,blur(0.5),luma/saturated,4,0,0,0,0,"RS(155,125)",1,4.4652,"RS(155,154)",0.993548,1,22926,5.50224,5.5524
8,5,blur,blur,0.5,blur(0.5),max/mean,4,0,0,0,0,"RS(155,125)",1,4.4652,"RS(155,154)",0.993548,1,22926,5.50224,5.5524
8,5,blur,blur,0.5,blur(0.5),max/saturated,4,0,0,0,0,"RS(155,125)",1,4.4652,"RS(155,154)",0.993548,1,22926,5.50224,5.5524
8,5,blur,blur,0.75,blur(0.75),luma/mean,4,0,0,0,0,"RS(155,125)",1,4.4652,"RS(155,154)",0.993548,1,22926,5.50224,5.5524
8,5,blur,blur,0.75,blur(0.75),luma/saturated,4,0,0,0,0,"RS(155,125)",1,4.4652,"RS(155,154)",0.993548,1,22926,5.50224,5.5524
8,5,blur,blur,0.75,blur(0.75),max/mean,4,0,0,0,0,"RS(155,125)",1,4.4652,"RS(155,154)",0.993548,1,22926,5.50224,5.5524
8,5,blur,blur,0.75,blur(0.75),max/saturated,4,0,0,0,0,"RS(155,125)",1,4.4652,"RS(155,154)",0.993548,1,22926,5.50224,5.5524
8,5,blur,blur,1,blur(1),luma/mean,4,0.00013237,0,0.00013237,0.000205672,"RS(155,125)",1,4.4652,"RS(155,153)",0.987097,1,22777,5.46648,5.5524
8,5,blur,blur,1,blur(1),luma/saturated,4,0.00013237,0,0.00013237,0.000205672,"RS(155,125)",1,4.4652,"RS(155,153)",0.987097,1,22777,5.46648,5.5524
8,5,blur,blur,1,blur(1),max/mean,4,0,0,0,0,"RS(155,125)",1,4.4652,"RS(155,154)",0.993548,1,22926,5.50224,5.5524
8,5,blur,blur,1,blur(1),max/saturated,4,0,0,0,0,"RS(155,125)",1,4.4652,"RS(155,154)",0.993548,1,22926,5.50224,5.5524
8,5,blur,blur,1.25,blur(1.25),luma/mean,4,0.193364,0,0.193364,0.243613,"RS(155,125)",0,0,"RS(255,99)",0.388235,1,8890,2.1336,5.5524
8,5,blur,blur,1.25,blur(1.25),luma/saturated,4,0.193364,1.891e-05,0.193383,0.243635,"RS(155,125)",0,0,"RS(255,99)",0.388235,1,8890,2.1336,5.5524
8,5,blur,blur,1.25,blur(1.25),max/mean,4,0.241869,0,0.241869,0.300509,"RS(155,125)",0,0,"RS(255,65)",0.254902,1,5830,1.3992,5.5524
8,5,blur,blur,1.25,blur(1.25),max/saturated,4,0.241869,0.00011346,0.241925,0.300563,"RS(155,125)",0,0,"RS(255,65)",0.254902,1,5830,1.3992,5.5524
8,5,blur,blur,1.5,blur(1.5),luma/mean,4,0.411492,0.00153171,0.412097,0.488883,"RS(155,125)",0,0,"RS(255,254)",0.996078,0,22840,0,5.5524
8,5,blur,blur,1.5,blur(1.5),luma/saturated,4,0.411492,0.00186264,0.412002,0.488785,"RS(155,125)",0,0,"RS(255,254)",0.996078,0,22840,0,5.5524
8,5,blur,blur,1.5,blur(1.5),max/mean,4,0.450134,0.00017019,0.450172,0.527787,"RS(155,125)",0,0,"RS(255,254)",0.996078,0,22840,0,5.5524
8,5,blur,blur,1.5,blur(1.5),max/saturated,4,0.450134,0.0030256,0.451382,0.52927,"RS(155,125)",0,0,"RS(255,254)",0.996078,0,22840,0,5.5524
8,5,blur,blur,2,blur(2),luma/mean,4,0.602218,0.0825139,0.622386,0.702782,"RS(155,125)",0,0,"RS(255,254)",0.996078,0,22840,0,5.5524
8,5,blur,blur,2,blur(2),luma/saturated,4,0.602218,0.0234012,0.609082,0.683968,"RS(155,125)",0,0,"RS(255,254)",0.996078,0,22840,0,5.5524
8,5,blur,blur,2,blur(2),max/mean,4,0.616646,0.0344068,0.624409,0.700108,"RS(155,125)",0,0,"RS(255,254)",0.996078,0,22840,0,5.5524
8,5,blur,blur,2,blur(2),max/saturated,4,0.616646,0.0228339,0.623785,0.696558,"RS(155,125)",0,0,"RS(255,254)",0.996078,0,22840,0,5.5524
8,5,chroma_bilinear,chroma,1,"chroma(1,full_range=False,matrix=bt601,upsample=bilinear)",luma/mean,4,0,0,0,0,"RS(155,125)",1,4.4652,"RS(155,154)",0.993548,1,22926,5.50224,5.5524
8,5,chroma_bilinear,chroma,1,"chroma(1,full_range=False,matrix=bt601,upsample=bilinear)",luma/saturated,4,0,0,0,0,"RS(155,125)",1,4.4652,"RS(155,154)",0.993548,1,22926,5.50224,5.5524
8,5,chroma_bilinear,chroma,1,"chroma(1,full_range=False,matrix=bt601,upsample=bilinear)",max/mean,4,0,0,0,0,"RS(155,125)",1,4.4652,"RS(155,154)",0.993548,1,22926,5.50224,5.5524
8,5,chroma_bilinear,chroma,1,"chroma(1,full_range=False,matrix=bt601,upsample=bilinear)",max/saturated,4,0,0,0,0,"RS(155,125)",1,4.4652,"RS(155,154)",0.993548,1,22926,5.50224,5.5524
8,5,chroma_bilinear,chroma,1.5,"chroma(1.5,full_range=False,matrix=bt601,upsample=bilinear)",luma/mean,4,0,0.117961,0.117961,0.147608,"RS(155,125)",0,0,"RS(255,151)",0.592157,1,13570,3.2568,5.5524
8,5,chroma_bilinear,chroma,1.5,"chroma(1.5,full_range=False,matrix=bt601,upsample=bilinear)",luma/saturated,4,0,0.0231081,0.0231081,0.0291513,"RS(155,125)",1,4.4652,"RS(255,225)",0.882353,1,20230,4.8552,5.5524
8,5,chroma_bilinear,chroma,1.5,"chroma(1.5,full_range=False,matrix=bt601,upsample=bilinear)",max/mean,4,0,0.117961,0.117961,0.147608,"RS(155,125)",0,0,"RS(255,151)",0.592157,1,13570,3.2568,5.5524
8,5,chroma_bilinear,chroma,1.5,"chroma(1.5,full_range=False,matrix=bt601,upsample=bilinear)",max/saturated,4,0,0.0230702,0.0230702,0.0290972,"RS(155,125)",1,4.4652,"RS(255,225)",0.882353,1,20230,4.8552,5.5524
8,5,chroma_bilinear,chroma,2,"chroma(2,full_range=False,matrix=bt601,upsample=bilinear)",luma/mean,4,0,0.375317,0.375317,0.426467,"RS(155,125)",0,0,"RS(255,3)",0.0117647,0.25,250,0.015,5.5524
8,5,chroma_bilinear,chroma,2,"chroma(2,full_range=False,matrix=bt601,upsample=bilinear)",luma/saturated,4,0,0.101443,0.101443,0.127084,"RS(155,125)",0,0,"RS(255,159)",0.623529,1,14290,3.4296,5.5524
8,5,chroma_bilinear,chroma,2,"chroma(2,full_range=False,matrix=bt601,upsample=bilinear)",max/mean,4,0,0.375317,0.375317,0.426467,"RS(155,125)",0,0,"RS(255,3)",0.0117647,0.25,250,0.015,5.5524
8,5,chroma_bilinear,chroma,2,"chroma(2,full_range=False,matrix=bt601,upsample=bilinear)",max/saturated,4,0,0.101216,0.101216,0.126824,"RS(155,125)",0,0,"RS(255,159)",0.623529,1,14290,3.4296,5.5524
8,5,chroma_bilinear,chroma,3,"chroma(3,full_range=False,matrix=bt601,upsample=bilinear)",luma/mean,4,0,0.780256,0.780256,0.818002,"RS(155,125)",0,0,"RS(255,254)",0.996078,0,22840,0,5.5524
8,5,chroma_bilinear,chroma,3,"chroma(3,full_range=False,matrix=bt601,upsample=bilinear)",luma/saturated,4,0,0.478461,0.478461,0.533838,"RS(155,125)",0,0,"RS(255,254)",0.996078,0,22840,0,5.5524
8,5,chroma_bilinear,chroma,3,"chroma(3,full_range=False,matrix=bt601,upsample=bilinear)",max/mean,4,0,0.780256,0.780256,0.818002,"RS(155,125)",0,0,"RS(255,254)",0.996078,0,22840,0,5.5524
8,5,chroma_bilinear,chroma,3,"chroma(3,full_range=False,matrix=bt601,upsample=bilinear)",max/saturated,4,0,0.477989,0.477989,0.533341,"RS(155,125)",0,0,"RS(255,254)",0.996078,0,22840,0,5.5524
8,5,chroma_bilinear,chroma,4,"chroma(4,full_range=False,matrix=bt601,upsample=bilinear)",luma/mean,4,0,0.85131,0.85131,0.879281,"RS(155,125)",0,0,"RS(255,254)",0.996078,0,22840,0,5.5524
8,5,chroma_bilinear,chroma,4,"chroma(4,full_range=False,matrix=bt601,upsample=bilinear)",luma/saturated,4,0,0.708124,0.708124,0.753009,"RS(155,125)",0,0,"RS(255,254)",0.996078,0,22840,0,5.5524
8,5,chroma_bilinear,chroma,4,"chroma(4,full_range=False,matrix=bt601,upsample=bilinear)",max/mean,4,0,0.85131,0.85131,0.879281,"RS(155,125)",0,0,"RS(255,254)",0.996078,0,22840,0,5.5524
8,5,chroma_bilinear,chroma,4,"chroma(4,full_range=False,matrix=bt601,upsample=bilinear)",max/saturated,4,0,0.707783,0.707783,0.752663,"RS(155,125)",0,0,"RS(255,254)",0.996078,0,22840,0,5.5524
8,5,chroma_bt709_bilinear,chroma,2,"chroma(2,full_range=False,matrix=bt709,upsample=bilinear)",luma/mean,4,0,0.389934,0.389934,0.441719,"RS(155,125)",0,0,"RS(255,254)",0.996078,0,22840,0,5.5524
8,5,chroma_bt709_bilinear,chroma,2,"chroma(2,full_range=False,matrix=bt709,upsample=bilinear)",luma/saturated,4,0,0.130961,0.130961,0.160933,"RS(155,125)",0,0,"RS(255,133)",0.521569,1,11950,2.868,5.5524
8,5,chroma_bt709_bilinear,chroma,2,"chroma(2,full_range=False,matrix=bt709,upsample=bilinear)",max/mean,4,0,0.389934,0.389934,0.441719,"RS(155,125)",0,0,"RS(255,254)",0.996078,0,22840,0,5.5524
8,5,chroma_bt709_bilinear,chroma,2,"chroma(2,full_range=False,matrix=bt709,upsample=bilinear)",max/saturated,4,0,0.130942,0.130942,0.160933,"RS(155,125)",0,0,"RS(255,133)",0.521569,1,11950,2.868,5.5524
8,5,chroma_bt709_nearest,chroma,2,"chroma(2,full_range=False,matrix=bt709,upsample=nearest)",luma/mean,4,0,0.170313,0.170313,0.203356,"RS(155,125)",0,0,"RS(255,109)",0.427451,1,9790,2.3496,5.5524
8,5,chroma_bt709_nearest,chroma,2,"chroma(2,full_range=False,matrix=bt709,upsample=nearest)",luma/saturated,4,0,0.0150429,0.0150429,0.0191167,"RS(155,125)",1,4.4652,"RS(255,231)",0.905882,1,20770,4.9848,5.5524
8,5,chroma_bt709_nearest,chroma,2,"chroma(2,full_range=False,matrix=bt709,upsample=nearest)",max/mean,4,0,0.170313,0.170313,0.203356,"RS(155,125)",0,0,"RS(255,109)",0.427451,1,9790,2.3496,5.5524
8,5,chroma_bt709_nearest,chroma,2,"chroma(2,full_range=False,matrix=bt709,upsample=nearest)",max/saturated,4,0,0.0150429,0.0150429,0.0191167,"RS(155,125)",1,4.4652,"RS(255,231)",0.905882,1,20770,4.9848,5.5524
8,5,chroma_nearest,chroma,1,"chroma(1,full_range=False,matrix=bt601,upsample=nearest)",luma/mean,4,0,0,0,0,"RS(155,125)",1,4.4652,"RS(155,154)",0.993548,1,22926,5.50224,5.5524
8,5,chroma_nearest,chroma,1,"chroma(1,full_range=False,matrix=bt601,upsample=nearest)",luma/saturated,4,0,0,0,0,"RS(155,125)",1,4.4652,"RS(155,154)",0.993548,1,22926,5.50224,5.5524
8,5,chroma_nearest,chroma,1,"chroma(1,full_range=False,matrix=bt601,upsample=nearest)",max/mean,4,0,0,0,0,"RS(155,125)",1,4.4652,"RS(155,154)",0.993548,1,22926,5.50224,5.5524
8,5,chroma_nearest,chroma,1,"chroma(1,full_range=False,matrix=bt601,upsample=nearest)",max/saturated,4,0,0,0,0,"RS(155,125)",1,4.4652,"RS(155,154)",0.993548,1,22926,5.50224,5.5524
8,5,chroma_nearest,chroma,1.5,"chroma(1.5,full_range=False,matrix=bt601,upsample=nearest)",luma/mean,4,0,0.130347,0.130347,0.160619,"RS(155,125)",0,0,"RS(255,145)",0.568627,1,13030,3.1272,5.5524
8,5,chroma_nearest,chroma,1.5,"chroma(1.5,full_range=False,matrix=bt601,upsample=nearest)",luma/saturated,4,0,0,0,0,"RS(155,125)",1,4.4652,"RS(155,154)",0.993548,1,22926,5.50224,5.5524
8,5,chroma_nearest,chroma,1.5,"chroma(1.5,full_range=False,matrix=bt601,upsample=nearest)",max/mean,4,0,0.130347,0.130347,0.160619,"RS(155,125)",0,0,"RS(255,145)",0.568627,1,13030,3.1272,5.5524
8,5,chroma_nearest,chroma,1.5,"chroma(1.5,full_range=False,matrix=bt601,upsample=nearest)",max/saturated,4,0,0,0,0,"RS(155,125)",1,4.4652,"RS(155,154)",0.993548,1,22926,5.50224,5.5524
8,5,chroma_nearest,chroma,2,"chroma(2,full_range=False,matrix=bt601,upsample=nearest)",luma/mean,4,0,0.146997,0.146997,0.178372,"RS(155,125)",0,0,"RS(255,125)",0.490196,1,11230,2.6952,5.5524
8,5,chroma_nearest,chroma,2,"chroma(2,full_range=False,matrix=bt601,upsample=nearest)",luma/saturated,4,0,0.0150429,0.0150429,0.0191167,"RS(155,125)",1,4.4652,"RS(255,231)",0.905882,1,20770,4.9848,5.5524
8,5,chroma_nearest,chroma,2,"chroma(2,full_range=False,matrix=bt601,upsample=nearest)",max/mean,4,0,0.146997,0.146997,0.178372,"RS(155,125)",0,0,"RS(255,125)",0.490196,1,11230,2.6952,5.5524
8,5,chroma_nearest,chroma,2,"chroma(2,full_range=False,matrix=bt601,upsample=nearest)",max/saturated,4,0,0.0150429,0.0150429,0.0191167,"RS(155,125)",1,4.4652,"RS(255,231)",0.905882,1,20770,4.9848,5.5524
8,5,chroma_nearest,chroma,3,"chroma(3,full_range=False,matrix=bt601,upsample=nearest)",luma/mean,4,0,0.640539,0.640539,0.69095,"RS(155,125)",0,0,"RS(255,254)",0.996078,0,22840,0,5.5524
8,5,chroma_nearest,chroma,3,"chroma(3,full_range=False,matrix=bt601,upsample=nearest)",luma/saturated,4,0,0.271973,0.271973,0.31864,"RS(155,125)",0,0,"RS(255,51)",0.2,1,4570,1.0968,5.5524
8,5,chroma_nearest,chroma,3,"chroma(3,full_range=False,matrix=bt601,upsample=nearest)",max/mean,4,0,0.640501,0.640501,0.690907,"RS(155,125)",0,0,"RS(255,254)",0.996078,0,22840,0,5.5524
8,5,chroma_nearest,chroma,3,"chroma(3,full_range=False,matrix=bt601,upsample=nearest)",max/saturated,4,0,0.271784,0.271784,0.318402,"RS(155,125)",0,0,"RS(255,51)",0.2,1,4570,1.0968,5.5524
8,5,chroma_nearest,chroma,4,"chroma(4,full_range=False,matrix=bt601,upsample=nearest)",luma/mean,4,0,0.73873,0.73873,0.78137,"RS(155,125)",0,0,"RS(255,254)",0.996078,0,22840,0,5.5524
8,5,chroma_nearest,chroma,4,"chroma(4,full_range=False,matrix=bt601,upsample=nearest)",luma/saturated,4,0,0.485685,0.485685,0.540788,"RS(155,125)",0,0,"RS(255,254)",0.996078,0,22840,0,5.5524
8,5,chroma_nearest,chroma,4,"chroma(4,full_range=False,matrix=bt601,upsample=nearest)",max/mean,4,0,0.73873,0.73873,0.78137,"RS(155,125)",0,0,"RS(255,254)",0.996078,0,22840,0,5.5524
8,5,chroma_nearest,chroma,4,"chroma(4,full_range=False,matrix=bt601,upsample=nearest)",max/saturated,4,0,0.482811,0.482811,0.537974,"RS(155,125)",0,0,"RS(255,254)",0.996078,0,22840,0,5.5524
8,5,clean,clean,0,clean,luma/mean,4,0,0,0,0,"RS(155,125)",1,4.4652,"RS(155,154)",0.993548,1,22926,5.50224,5.5524
8,5,clean,clean,0,clean,luma/saturated,4,0,0,0,0,"RS(155,125)",1,4.4652,"RS(155,154)",0.993548,1,22926,5.50224,5.5524
8,5,clean,clean,0,clean,max/mean,4,0,0,0,0,"RS(155,125)",1,4.4652,"RS(155,154)",0.993548,1,22926,5.50224,5.5524
8,5,clean,clean,0,clean,max/saturated,4,0,0,0,0,"RS(155,125)",1,4.4652,"RS(155,154)",0.993548,1,22926,5.50224,5.5524
8,5,noise,noise,10,noise(10),luma/mean,4,0,0,0,0,"RS(155,125)",1,4.4652,"RS(155,154)",0.993548,1,22926,5.50224,5.5524
8,5,noise,noise,10,noise(10),luma/saturated,4,0,0,0,0,"RS(155,125)",1,4.4652,"RS(155,154)",0.993548,1,22926,5.50224,5.5524
8,5,noise,noise,10,noise(10),max/mean,4,0,0,0,0,"RS(155,125)",1,4.4652,"RS(155,154)",0.993548,1,22926,5.50224,5.5524
8,5,noise,noise,10,noise(10),max/saturated,4,0,0,0,0,"RS(155,125)",1,4.4652,"RS(155,154)",0.993548,1,22926,5.50224,5.5524
8,5,noise,noise,20,noise(20),luma/mean,4,0,0,0,0,"RS(155,125)",1,4.4652,"RS(155,154)",0.993548,1,22926,5.50224,5.5524
8,5,noise,noise,20,noise(20),luma/saturated,4,0,0,0,0,"RS(155,125)",1,4.4652,"RS(155,154)",0.993548,1,22926,5.50224,5.5524
8,5,noise,noise,20,noise(20),max/mean,4,0,0,0,0,"RS(155,125)",1,4.4652,"RS(155,154)",0.993548,1,22926,5.50224,5.5524
8,5,noise,noise,20,noise(20),max/saturated,4,0,0,0,0,"RS(155,125)",1,4.4652,"RS(155,154)",0.993548,1,22926,5.50224,5.5524
8,5,noise,noise,40,noise(40),luma/mean,4,0,0,0,0,"RS(155,125)",1,4.4652,"RS(155,154)",0.993548,1,22926,5.50224,5.5524
8,5,noise,noise,40,noise(40),luma/saturated,4,0,0.00166408,0.00166408,0.00203507,"RS(155,125)",1,4.4652,"RS(255,247)",0.968627,1,22210,5.3304,5.5524
8,5,noise,noise,40,noise(40),max/mean,4,0,0,0,0,"RS(155,125)",1,4.4652,"RS(155,154)",0.993548,1,22926,5.50224,5.5524
8,5,noise,noise,40,noise(40),max/saturated,4,0,0.00165463,0.00165463,0.00202425,"RS(155,125)",1,4.4652,"RS(255,247)",0.968627,1,22210,5.3304,5.5524
8,5,noise,noise,60,noise(60),luma/mean,4,0,0.0010306,0.0010306,0.00149383,"RS(155,125)",1,4.4652,"RS(255,249)",0.976471,1,22390,5.3736,5.5524
8,5,noise,noise,60,noise(60),luma/saturated,4,0,0.0527022,0.0527022,0.0654254,"RS(155,125)",0,0,"RS(255,193)",0.756863,1,17350,4.164,5.5524
8,5,noise,noise,60,noise(60),max/mean,4,0,0.000529481,0.000529481,0.000671141,"RS(155,125)",1,4.4652,"RS(155,151)",0.974194,1,22479,5.39496,5.5524
8,5,noise,noise,60,noise(60),max/saturated,4,0,0.0532695,0.0532695,0.0659667,"RS(155,125)",0,0,"RS(255,193)",0.756863,1,17350,4.164,5.5524
8,5,noise,noise,80,noise(80),luma/mean,4,1.891e-05,0.0287811,0.0287905,0.0377679,"RS(155,125)",1,4.4652,"RS(255,211)",0.827451,1,18970,4.5528,5.5524
8,5,noise,noise,80,noise(80),luma/saturated,4,1.891e-05,0.157123,0.157142,0.191394,"RS(155,125)",0,0,"RS(255,121)",0.47451,1,10870,2.6088,5.5524
8,5,noise,noise,80,noise(80),max/mean,4,0,0.0180118,0.0180118,0.0230136,"RS(155,125)",1,4.4652,"RS(255,229)",0.898039,1,20590,4.9416,5.5524
8,5,noise,noise,80,noise(80),max/saturated,4,0,0.154892,0.154892,0.187681,"RS(155,125)",0,0,"RS(255,125)",0.490196,1,11230,2.6952,5.5524
8,5,perspective,perspective,0.05,perspective(0.05),luma/mean,4,0,0,0,0,"RS(155,125)",1,4.4652,"RS(155,154)",0.993548,1,22926,5.50224,5.5524
8,5,perspective,perspective,0.05,perspective(0.05),luma/saturated,4,0,0,0,0,"RS(155,125)",1,4.4652,"RS(155,154)",0.993548,1,22926,5.50224,5.5524
8,5,perspective,perspective,0.05,perspective(0.05),max/mean,4,0,0,0,0,"RS(155,125)",1,4.4652,"RS(155,154)",0.993548,1,22926,5.50224,5.5524
8,5,perspective,perspective,0.05,perspective(0.05),max/saturated,4,0,0,0,0,"RS(155,125)",1,4.4652,"RS(155,154)",0.993548,1,22926,5.50224,5.5524
8,5,perspective,perspective,0.1,perspective(0.1),luma/mean,4,0,0,0,0,"RS(155,125)",1,4.4652,"RS(155,154)",0.993548,1,22926,5.50224,5.5524
8,5,perspective,perspective,0.1,perspective(0.1),luma/saturated,4,0,0,0,0,"RS(155,125)",1,4.4652,"RS(155,154)",0.993548,1,22926,5.50224,5.5524
8,5,perspective,perspective,0.1,perspective(0.1),max/mean,4,0,0,0,0,"RS(155,125)",1,4.4652,"RS(155,154)",0.993548,1,22926,5.50224,5.5524
8,5,perspective,perspective,0.1,perspective(0.1),max/saturated,4,0,0,0,0,"RS(155,125)",1,4.4652,"RS(155,154)",0.993548,1,22926,5.50224,5.5524
8,5,perspective,perspective,0.15,perspective(0.15),luma/mean,4,0.000312015,0,0.000312015,0.000465469,"RS(155,125)",1,4.4652,"RS(155,151)",0.974194,1,22479,5.39496,5.5524
8,5,perspective,perspective,0.15,perspective(0.15),luma/saturated,4,0.000312015,0,0.000312015,0.000465469,"RS(155,125)",1,4.4652,"RS(155,151)",0.974194,1,22479,5.39496,5.5524
8,5,perspective,perspective,0.15,perspective(0.15),max/mean,4,0.00030256,0,0.00030256,0.000443819,"RS(155,125)",1,4.4652,"RS(155,151)",0.974194,1,22479,5.39496,5.5524
8,5,perspective,perspective,0.15,perspective(0.15),max/saturated,4,0.00030256,0,0.00030256,0.000443819,"RS(155,125)",1,4.4652,"RS(155,151)",0.974194,1,22479,5.39496,5.5524
8,5,perspective,perspective,0.2,perspective(0.2),luma/mean,4,0.00563519,0,0.00563519,0.00769647,"RS(155,125)",1,4.4652,"RS(255,231)",0.905882,1,20770,4.9848,5.5524
8,5,perspective,perspective,0.2,perspective(0.2),luma/saturated,4,0.00563519,0,0.00563519,0.00769647,"RS(155,125)",1,4.4652,"RS(255,231)",0.905882,1,20770,4.9848,5.5524
8,5,perspective,perspective,0.2,perspective(0.2),max/mean,4,0.00572974,0,0.00572974,0.00784802,"RS(155,125)",1,4.4652,"RS(255,229)",0.898039,1,20590,4.9416,5.5524
8,5,perspective,perspective,0.2,perspective(0.2),max/saturated,4,0.00572974,0,0.00572974,0.00784802,"RS(155,125)",1,4.4652,"RS(255,229)",0.898039,1,20590,4.9416,5.5524
8,5,perspective,perspective,0.3,perspective(0.3),luma/mean,4,0.0933304,0.000453841,0.0933966,0.116324,"RS(155,125)",0.25,1.1163,"RS(255,181)",0.709804,0.75,16270,2.9286,5.5524
8,5,perspective,perspective,0.3,perspective(0.3),luma/saturated,4,0.0933304,0.000860406,0.093529,0.1164,"RS(155,125)",0.25,1.1163,"RS(255,181)",0.709804,0.75,16270,2.9286,5.5524
8,5,perspective,perspective,0.3,perspective(0.3),max/mean,4,0.0939356,0.000387656,0.0939828,0.11732,"RS(155,125)",0.25,1.1163,"RS(255,171)",0.670588,0.75,15370,2.7666,5.5524
8,5,perspective,perspective,0.3,perspective(0.3),max/saturated,4,0.0939356,0.00107787,0.0941908,0.117525,"RS(155,125)",0.25,1.1163,"RS(255,171)",0.670588,0.75,15370,2.7666,5.5524
8,5,white_balance,white_balance,0.5,white_balance(0.5),luma/mean,4,0,0,0,0,"RS(155,125)",1,4.4652,"RS(155,154)",0.993548,1,22926,5.50224,5.5524
8,5,white_balance,white_balance,0.5,white_balance(0.5),luma/saturated,4,0,0,0,0,"RS(155,125)",1,4.4652,"RS(155,154)",0.993548,1,22926,5.50224,5.5524
8,5,white_balance,white_balance,0.5,white_balance(0.5),max/mean,4,0,0,0,0,"RS(155,125)",1,4.4652,"RS(155,154)",0.993548,1,22926,5.50224,5.5524
8,5,white_balance,white_balance,0.5,white_balance(0.5),max/saturated,4,0,0,0,0,"RS(155,125)",1,4.4652,"RS(155,154)",0.993548,1,22926,5.50224,5.5524
8,5,white_balance,white_balance,1,white_balance(1),luma/mean,4,0,0,0,0,"RS(155,125)",1,4.4652,"RS(155,154)",0.993548,1,22926,5.50224,5.5524
8,5,white_balance,white_balance,1,white_balance(1),luma/saturated,4,0,0,0,0,"RS(155,125)",1,4.4652,"RS(155,154)",0.993548,1,22926,5.50224,5.5524
8,5,white_balance,white_balance,1,white_balance(1),max/mean,4,0,0,0,0,"RS(155,125)",1,4.4652,"RS(155,154)",0.993548,1,22926,5.50224,5.5524
8,5,white_balance,white_balance,1,white_balance(1),max/saturated,4,0,0,0,0,"RS(155,125)",1,4.4652,"RS(155,154)",0.993548,1,22926,5.50224,5.5524
8,5,white_balance,white_balance,2,white_balance(2),luma/mean,4,0,0,0,0,"RS(155,125)",1,4.4652,"RS(155,154)",0.993548,1,22926,5.50224,5.5524
8,5,white_balance,white_balance,2,white_balance(2),luma/saturated,4,0,0,0,0,"RS(155,125)",1,4.4652,"RS(155,154)",0.993548,1,22926,5.50224,5.5524
8,5,white_balance,white_balance,2,white_balance(2),max/mean,4,0,0,0,0,"RS(155,125)",1,4.4652,"RS(155,154)",0.993548,1,22926,5.50224,5.5524
8,5,white_balance,white_balance,2,white_balance(2),max/saturated,4,0,0,0,0,"RS(155,125)",1,4.4652,"RS(155,154)",0.993548,1,22926,5.50224,5.5524
8,5,white_balance,white_balance,3,white_balance(3),luma/mean,4,0,0,0,0,"RS(155,125)",1,4.4652,"RS(155,154)",0.993548,1,22926,5.50224,5.5524
8,5,white_balance,white_balance,3,white_balance(3),luma/saturated,4,0,0,0,0,"RS(155,125)",1,4.4652,"RS(155,154)",0.993548,1,22926,5.50224,5.5524
8,5,white_balance,white_balance,3,white_balance(3),max/mean,4,0,0,0,0,"RS(155,125)",1,4.4652,"RS(155,154)",0.993548,1,22926,5.50224,5.5524
8,5,white_balance,white_balance,3,white_balance(3),max/saturated,4,0,0,0,0,"RS(155,125)",1,4.4652,"RS(155,154)",0.993548,1,22926,5.50224,5.5524
8,5,white_balance,white_balance,4,white_balance(4),luma/mean,4,0,0,0,0,"RS(155,125)",1,4.4652,"RS(155,154)",0.993548,1,22926,5.50224,5.5524
8,5,white_balance,white_balance,4,white_balance(4),luma/saturated,4,0,0,0,0,"RS(155,125)",1,4.4652,"RS(155,154)",0.993548,1,22926,5.50224,5.5524
8,5,white_balance,white_balance,4,white_balance(4),max/mean,4,0,0,0,0,"RS(155,125)",1,4.4652,"RS(155,154)",0.993548,1,22926,5.50224,5.5524
8,5,white_balance,white_balance,4,white_balance(4),max/saturated,4,0,0,0,0,"RS(155,125)",1,4.4652,"RS(155,154)",0.993548,1,22926,5.50224,5.5524
8,6,blur,blur,0.5,blur(0.5),luma/mean,4,0,0,0,0,"RS(155,125)",1,3.2352,"RS(255,254)",0.996078,1,16744,4.01856,4.05384
8,6,blur,blur,0.5,blur(0.5),luma/saturated,4,0,0,0,0,"RS(155,125)",1,3.2352,"RS(255,254)",0.996078,1,16744,4.01856,4.05384
8,6,blur,blur,0.5,blur(0.5),max/mean,4,0,0,0,0,"RS(155,125)",1,3.2352,"RS(255,254)",0.996078,1,16744,4.01856,4.05384
8,6,blur,blur,0.5,blur(0.5),max/saturated,4,0,0,0,0,"RS(155,125)",1,3.2352,"RS(255,254)",0.996078,1,16744,4.01856,4.05384
8,6,blur,blur,0.75,blur(0.75),luma/mean,4,0,0,0,0,"RS(155,125)",1,3.2352,"RS(255,254)",0.996078,1,16744,4.01856,4.05384
8,6,blur,blur,0.75,blur(0.75),luma/saturated,4,0,0,0,0,"RS(155,125)",1,3.2352,"RS(255,254)",0.996078,1,16744,4.01856,4.05384
8,6,blur,blur,0.75,blur(0.75),max/mean,4,0,0,0,0,"RS(155,125)",1,3.2352,"RS(255,254)",0.996078,1,16744,4.01856,4.05384
8,6,blur,blur,0.75,blur(0.75),max/saturated,4,0,0,0,0,"RS(155,125)",1,3.2352,"RS(255,254)",0.996078,1,16744,4.01856,4.05384
8,6,blur,blur,1,blur(1),luma/mean,4,0,0,0,0,"RS(155,125)",1,3.2352,"RS(255,254)",0.996078,1,16744,4.01856,4.05384
8,6,blur,blur,1,blur(1),luma/saturated,4,0,0,0,0,"RS(155,125)",1,3.2352,"RS(255,254)",0.996078,1,16744,4.01856,4.05384
8,6,blur,blur,1,blur(1),max/mean,4,0,0,0,0,"RS(155,125)",1,3.2352,"RS(255,254)",0.996078,1,16744,4.01856,4.05384
8,6,blur,blur,1,blur(1),max/saturated,4,0,0,0,0,"RS(155,125)",1,3.2352,"RS(255,254)",0.996078,1,16744,4.01856,4.05384
8,6,blur,blur,1.25,blur(1.25),luma/mean,4,0.000854701,0,0.000854701,0.00113501,"RS(155,125)",1,3.2352,"RS(255,249)",0.976471,1,16414,3.93936,4.05384
8,6,blur,blur,1.25,blur(1.25),luma/saturated,4,0.000854701,0,0.000854701,0.00113501,"RS(155,125)",1,3.2352,"RS(255,249)",0.976471,1,16414,3.93936,4.05384
8,6,blur,blur,1.25,blur(1.25),max/mean,4,0.000569801,0,0.000569801,0.000806452,"RS(155,125)",1,3.2352,"RS(255,251)",0.984314,1,16546,3.97104,4.05384
8,6,blur,blur,1.25,blur(1.25),max/saturated,4,0.000569801,0,0.000569801,0.000806452,"RS(155,125)",1,3.2352,"RS(255,251)",0.984314,1,16546,3.97104,4.05384
8,6,blur,blur,1.5,blur(1.5),luma/mean,4,0.100026,6.47501e-05,0.100052,0.129406,"RS(155,125)",0,0,"RS(255,165)",0.647059,1,10870,2.6088,4.05384
8,6,blur,blur,1.5,blur(1.5),luma/saturated,4,0.100026,0.000608651,0.100401,0.129869,"RS(155,125)",0,0,"RS(255,165)",0.647059,1,10870,2.6088,4.05384
8,6,blur,blur,1.5,blur(1.5),max/mean,4,0.119762,0,0.119762,0.154241,"RS(155,125)",0,0,"RS(255,145)",0.568627,1,9550,2.292,4.05384
8,6,blur,blur,1.5,blur(1.5),max/saturated,4,0.119762,0.0020461,0.121225,0.156004,"RS(155,125)",0,0,"RS(255,143)",0.560784,1,9418,2.26032,4.05384
8,6,blur,blur,2,blur(2),luma/mean,4,0.455802,0.0179876,0.462924,0.545998,"RS(155,125)",0,0,"RS(255,254)",0.996078,0,16744,0,4.05384
8,6,blur,blur,2,blur(2),luma/saturated,4,0.455802,0.0103989,0.460515,0.541756,"RS(155,125)",0,0,"RS(255,254)",0.996078,0,16744,0,4.05384
8,6,blur,blur,2,blur(2),max/mean,4,0.491246,0.0028231,0.491854,0.572013,"RS(155,125)",0,0,"RS(255,254)",0.996078,0,16744,0,4.05384
8,6,blur,blur,2,blur(2),max/saturated,4,0.491246,0.0145299,0.498316,0.578569,"RS(155,125)",0,0,"RS(255,254)",0.996078,0,16744,0,4.05384
8,6,chroma_bilinear,chroma,1,"chroma(1,full_range=False,matrix=bt601,upsample=bilinear)",luma/mean,4,0,0,0,0,"RS(155,125)",1,3.2352,"RS(255,254)",0.996078,1,16744,4.01856,4.05384
8,6,chroma_bilinear,chroma,1,"chroma(1,full_range=False,matrix=bt601,upsample=bilinear)",luma/saturated,4,0,0,0,0,"RS(155,125)",1,3.2352,"RS(255,254)",0.996078,1,16744,4.01856,4.05384
8,6,chroma_bilinear,chroma,1,"chroma(1,full_range=False,matrix=bt601,upsample=bilinear)",max/mean,4,0,0,0,0,"RS(155,125)",1,3.2352,"RS(255,254)",0.996078,1,16744,4.01856,4.05384
8,6,chroma_bilinear,chroma,1,"chroma(1,full_range=False,matrix=bt601,upsample=bilinear)",max/saturated,4,0,0,0,0,"RS(155,125)",1,3.2352,"RS(255,254)",0.996078,1,16744,4.01856,4.05384
8,6,chroma_bilinear,chroma,1.5,"chroma(1.5,full_range=False,matrix=bt601,upsample=bilinear)",luma/mean,4,0,0.115864,0.115864,0.145654,"RS(155,125)",0,0,"RS(255,149)",0.584314,1,9814,2.35536,4.05384
8,6,chroma_bilinear,chroma,1.5,"chroma(1.5,full_range=False,matrix=bt601,upsample=bilinear)",luma/saturated,4,0,0.0020202,0.0020202,0.00252389,"RS(155,125)",1,3.2352,"RS(255,245)",0.960784,1,16150,3.876,4.05384
8,6,chroma_bilinear,chroma,1.5,"chroma(1.5,full_range=False,matrix=bt601,upsample=bilinear)",max/mean,4,0,0.115864,0.115864,0.145654,"RS(155,125)",0,0,"RS(255,149)",0.584314,1,9814,2.35536,4.05384
8,6,chroma_bilinear,chroma,1.5,"chroma(1.5,full_range=False,matrix=bt601,upsample=bilinear)",max/saturated,4,0,0.0020202,0.0020202,0.00252389,"RS(155,125)",1,3.2352,"RS(255,245)",0.960784,1,16150,3.876,4.05384
8,6,chroma_bilinear,chroma,2,"chroma(2,full_range=False,matrix=bt601,upsample=bilinear)",luma/mean,4,0,0.214141,0.214141,0.256601,"RS(155,125)",0,0,"RS(255,85)",0.333333,1,5590,1.3416,4.05384
8,6,chroma_bilinear,chroma,2,"chroma(2,full_range=False,matrix=bt601,upsample=bilinear)",luma/saturated,4,0,0.0361305,0.0361305,0.0470729,"RS(155,125)",0.75,2.4264,"RS(255,209)",0.819608,1,13774,3.30576,4.05384
8,6,chroma_bilinear,chroma,2,"chroma(2,full_range=False,matrix=bt601,upsample=bilinear)",max/mean,4,0,0.214141,0.214141,0.256601,"RS(155,125)",0,0,"RS(255,85)",0.333333,1,5590,1.3416,4.05384
8,6,chroma_bilinear,chroma,2,"chroma(2,full_range=False,matrix=bt601,upsample=bilinear)",max/saturated,4,0,0.036014,0.036014,0.0468937,"RS(155,125)",0.75,2.4264,"RS(255,209)",0.819608,1,13774,3.30576,4.05384
8,6,chroma_bilinear,chroma,3,"chroma(3,full_range=False,matrix=bt601,upsample=bilinear)",luma/mean,4,0,0.639925,0.639925,0.688486,"RS(155,125)",0,0,"RS(255,254)",0.996078,0,16744,0,4.05384
8,6,chroma_bilinear,chroma,3,"chroma(3,full_range=False,matrix=bt601,upsample=bilinear)",luma/saturated,4,0,0.247306,0.247306,0.293578,"RS(155,125)",0,0,"RS(255,73)",0.286275,1,4798,1.15152,4.05384
8,6,chroma_bilinear,chroma,3,"chroma(3,full_range=False,matrix=bt601,upsample=bilinear)",max/mean,4,0,0.639925,0.639925,0.688486,"RS(155,125)",0,0,"RS(255,254)",0.996078,0,16744,0,4.05384
8,6,chroma_bilinear,chroma,3,"chroma(3,full_range=False,matrix=bt601,upsample=bilinear)",max/saturated,4,0,0.247034,0.247034,0.29328,"RS(155,125)",0,0,"RS(255,73)",0.286275,1,4798,1.15152,4.05384
8,6,chroma_bilinear,chroma,4,"chroma(4,full_range=False,matrix=bt601,upsample=bilinear)",luma/mean,4,0,0.812911,0.812911,0.84661,"RS(155,125)",0,0,"RS(255,254)",0.996078,0,16744,0,4.05384
8,6,chroma_bilinear,chroma,4,"chroma(4,full_range=False,matrix=bt601,upsample=bilinear)",luma/saturated,4,0,0.516576,0.516576,0.574552,"RS(155,125)",0,0,"RS(255,254)",0.996078,0,16744,0,4.05384
8,6,chroma_bilinear,chroma,4,"chroma(4,full_range=False,matrix=bt601,upsample=bilinear)",max/mean,4,0,0.812911,0.812911,0.84661,"RS(155,125)",0,0,"RS(255,254)",0.996078,0,16744,0,4.05384
8,6,chroma_bilinear,chroma,4,"chroma(4,full_range=False,matrix=bt601,upsample=bilinear)",max/saturated,4,0,0.516019,0.516019,0.574074,"RS(155,125)",0,0,"RS(255,254)",0.996078,0,16744,0,4.05384
8,6,chroma_bt709_bilinear,chroma,2,"chroma(2,full_range=False,matrix=bt709,upsample=bilinear)",luma/mean,4,0,0.244859,0.244859,0.290427,"RS(155,125)",0,0,"RS(255,71)",0.278431,1,4666,1.11984,4.05384
8,6,chroma_bt709_bilinear,chroma,2,"chroma(2,full_range=False,matrix=bt709,upsample=bilinear)",luma/saturated,4,0,0.0583916,0.0583916,0.0740591,"RS(155,125)",0,0,"RS(255,195)",0.764706,1,12850,3.084,4.05384
8,6,chroma_bt709_bilinear,chroma,2,"chroma(2,full_range=False,matrix=bt709,upsample=bilinear)",max/mean,4,0,0.244859,0.244859,0.290427,"RS(155,125)",0,0,"RS(255,71)",0.278431,1,4666,1.11984,4.05384
8,6,chroma_bt709_bilinear,chroma,2,"chroma(2,full_range=False,matrix=bt709,upsample=bilinear)",max/saturated,4,0,0.0583657,0.0583657,0.0740293,"RS(155,125)",0,0,"RS(255,195)",0.764706,1,12850,3.084,4.05384
8,6,chroma_bt709_nearest,chroma,2,"chroma(2,full_range=False,matrix=bt709,upsample=nearest)",luma/mean,4,0,0.10777,0.10777,0.133303,"RS(155,125)",0,0,"RS(255,155)",0.607843,1,10210,2.4504,4.05384
8,6,chroma_bt709_nearest,chroma,2,"chroma(2,full_range=False,matrix=bt709,upsample=nearest)",luma/saturated,4,0,0.0183502,0.0183502,0.0229988,"RS(155,125)",1,3.2352,"RS(255,225)",0.882353,1,14830,3.5592,4.05384
8,6,chroma_bt709_nearest,chroma,2,"chroma(2,full_range=False,matrix=bt709,upsample=nearest)",max/mean,4,0,0.10777,0.10777,0.133303,"RS(155,125)",0,0,"RS(255,155)",0.607843,1,10210,2.4504,4.05384
8,6,chroma_bt709_nearest,chroma,2,"chroma(2,full_range=False,matrix=bt709,upsample=nearest)",max/saturated,4,0,0.0183502,0.0183502,0.0229988,"RS(155,125)",1,3.2352,"RS(255,225)",0.882353,1,14830,3.5592,4.05384
8,6,chroma_nearest,chroma,1,"chroma(1,full_range=False,matrix=bt601,upsample=nearest)",luma/mean,4,0,0,0,0,"RS(155,125)",1,3.2352,"RS(255,254)",0.996078,1,16744,4.01856,4.05384
8,6,chroma_nearest,chroma,1,"chroma(1,full_range=False,matrix=bt601,upsample=nearest)",luma/saturated,4,0,0,0,0,"RS(155,125)",1,3.2352,"RS(255,254)",0.996078,1,16744,4.01856,4.05384
8,6,chroma_nearest,chroma,1,"chroma(1,full_range=False,matrix=bt601,upsample=nearest)",max/mean,4,0,0,0,0,"RS(155,125)",1,3.2352,"RS(255,254)",0.996078,1,16744,4.01856,4.05384
8,6,chroma_nearest,chroma,1,"chroma(1,full_range=False,matrix=bt601,upsample=nearest)",max/saturated,4,0,0,0,0,"RS(155,125)",1,3.2352,"RS(255,254)",0.996078,1,16744,4.01856,4.05384
8,6,chroma_nearest,chroma,1.5,"chroma(1.5,full_range=False,matrix=bt601,upsample=nearest)",luma/mean,4,0,0.152202,0.152202,0.184901,"RS(155,125)",0,0,"RS(255,131)",0.513725,1,8626,2.07024,4.05384
8,6,chroma_nearest,chroma,1.5,"chroma(1.5,full_range=False,matrix=bt601,upsample=nearest)",luma/saturated,4,0,2.59e-05,2.59e-05,2.98686e-05,"RS(155,125)",1,3.2352,"RS(255,253)",0.992157,1,16678,4.00272,4.05384
8,6,chroma_nearest,chroma,1.5,"chroma(1.5,full_range=False,matrix=bt601,upsample=nearest)",max/mean,4,0,0.152098,0.152098,0.184797,"RS(155,125)",0,0,"RS(255,131)",0.513725,1,8626,2.07024,4.05384
8,6,chroma_nearest,chroma,1.5,"chroma(1.5,full_range=False,matrix=bt601,upsample=nearest)",max/saturated,4,0,2.59e-05,2.59e-05,2.98686e-05,"RS(155,125)",1,3.2352,"RS(255,253)",0.992157,1,16678,4.00272,4.05384
8,6,chroma_nearest,chroma,2,"chroma(2,full_range=False,matrix=bt601,upsample=nearest)",luma/mean,4,0,0.0996374,0.0996374,0.124343,"RS(155,125)",0,0,"RS(255,155)",0.607843,1,10210,2.4504,4.05384
8,6,chroma_nearest,chroma,2,"chroma(2,full_range=False,matrix=bt601,upsample=nearest)",luma/saturated,4,0,0.0042735,0.0042735,0.00558542,"RS(155,125)",1,3.2352,"RS(255,241)",0.945098,1,15886,3.81264,4.05384
8,6,chroma_nearest,chroma,2,"chroma(2,full_range=False,matrix=bt601,upsample=nearest)",max/mean,4,0,0.0996374,0.0996374,0.124343,"RS(155,125)",0,0,"RS(255,155)",0.607843,1,10210,2.4504,4.05384
8,6,chroma_nearest,chroma,2,"chroma(2,full_range=False,matrix=bt601,upsample=nearest)",max/saturated,4,0,0.0042735,0.0042735,0.00558542,"RS(155,125)",1,3.2352,"RS(255,241)",0.945098,1,15886,3.81264,4.05384
8,6,chroma_nearest,chroma,3,"chroma(3,full_range=False,matrix=bt601,upsample=nearest)",luma/mean,4,0,0.51892,0.51892,0.572924,"RS(155,125)",0,0,"RS(255,254)",0.996078,0,16744,0,4.05384
8,6,chroma_nearest,chroma,3,"chroma(3,full_range=False,matrix=bt601,upsample=nearest)",luma/saturated,4,0,0.145196,0.145196,0.17718,"RS(155,125)",0,0,"RS(255,131)",0.513725,1,8626,2.07024,4.05384
8,6,chroma_nearest,chroma,3,"chroma(3,full_range=False,matrix=bt601,upsample=nearest)",max/mean,4,0,0.518609,0.518609,0.57264,"RS(155,125)",0,0,"RS(255,254)",0.996078,0,16744,0,4.05384
8,6,chroma_nearest,chroma,3,"chroma(3,full_range=False,matrix=bt601,upsample=nearest)",max/saturated,4,0,0.14504,0.14504,0.177001,"RS(155,125)",0,0,"RS(255,131)",0.513725,1,8626,2.07024,4.05384
8,6,chroma_nearest,chroma,4,"chroma(4,full_range=False,matrix=bt601,upsample=nearest)",luma/mean,4,0,0.641997,0.641997,0.692906,"RS(155,125)",0,0,"RS(255,254)",0.996078,0,16744,0,4.05384
8,6,chroma_nearest,chroma,4,"chroma(4,full_range=False,matrix=bt601,upsample=nearest)",luma/saturated,4,0,0.290326,0.290326,0.338112,"RS(155,125)",0,0,"RS(255,47)",0.184314,0.75,3082,0.55476,4.05384
8,6,chroma_nearest,chroma,4,"chroma(4,full_range=False,matrix=bt601,upsample=nearest)",max/mean,4,0,0.641997,0.641997,0.692906,"RS(155,125)",0,0,"RS(255,254)",0.996078,0,16744,0,4.05384
8,6,chroma_nearest,chroma,4,"chroma(4,full_range=False,matrix=bt601,upsample=nearest)",max/saturated,4,0,0.288034,0.288034,0.336007,"RS(155,125)",0,0,"RS(255,35)",0.137255,1,2290,0.5496,4.05384
8,6,clean,clean,0,clean,luma/mean,4,0,0,0,0,"RS(155,125)",1,3.2352,"RS(255,254)",0.996078,1,16744,4.01856,4.05384
8,6,clean,clean,0,clean,luma/saturated,4,0,0,0,0,"RS(155,125)",1,3.2352,"RS(255,254)",0.996078,1,16744,4.01856,4.05384
8,6,clean,clean,0,clean,max/mean,4,0,0,0,0,"RS(155,125)",1,3.2352,"RS(255,254)",0.996078,1,16744,4.01856,4.05384
8,6,clean,clean,0,clean,max/saturated,4,0,0,0,0,"RS(155,125)",1,3.2352,"RS(255,254)",0.996078,1,16744,4.01856,4.05384
8,6,noise,noise,10,noise(10),luma/mean,4,0,0,0,0,"RS(155,125)",1,3.2352,"RS(255,254)",0.996078,1,16744,4.01856,4.05384
8,6,noise,noise,10,noise(10),luma/saturated,4,0,0,0,0,"RS(155,125)",1,3.2352,"RS(255,254)",0.996078,1,16744,4.01856,4.05384
8,6,noise,noise,10,noise(10),max/mean,4,0,0,0,0,"RS(155,125)",1,3.2352,"RS(255,254)",0.996078,1,16744,4.01856,4.05384
8,6,noise,noise,10,noise(10),max/saturated,4,0,0,0,0,"RS(155,125)",1,3.2352,"RS(255,254)",0.996078,1,16744,4.01856,4.05384
8,6,noise,noise,20,noise(20),luma/mean,4,0,0,0,0,"RS(155,125)",1,3.2352,"RS(255,254)",0.996078,1,16744,4.01856,4.05384
8,6,noise,noise,20,noise(20),luma/saturated,4,0,0,0,0,"RS(155,125)",1,3.2352,"RS(255,254)",0.996078,1,16744,4.01856,4.05384
8,6,noise,noise,20,noise(20),max/mean,4,0,0,0,0,"RS(155,125)",1,3.2352,"RS(255,254)",0.996078,1,16744,4.01856,4.05384
8,6,noise,noise,20,noise(20),max/saturated,4,0,0,0,0,"RS(155,125)",1,3.2352,"RS(255,254)",0.996078,1,16744,4.01856,4.05384
8,6,noise,noise,40,noise(40),luma/mean,4,0,0,0,0,"RS(155,125)",1,3.2352,"RS(255,254)",0.996078,1,16744,4.01856,4.05384
8,6,noise,noise,40,noise(40),luma/saturated,4,0,0.0004144,0.0004144,0.000507766,"RS(155,125)",1,3.2352,"RS(255,251)",0.984314,1,16546,3.97104,4.05384
8,6,noise,noise,40,noise(40),max/mean,4,0,0,0,0,"RS(155,125)",1,3.2352,"RS(255,254)",0.996078,1,16744,4.01856,4.05384
8,6,noise,noise,40,noise(40),max/saturated,4,0,0.0004144,0.0004144,0.000507766,"RS(155,125)",1,3.2352,"RS(255,251)",0.984314,1,16546,3.97104,4.05384
8,6,noise,noise,60,noise(60),luma/mean,4,0,0.0001295,0.0001295,0.000149343,"RS(155,125)",1,3.2352,"RS(255,253)",0.992157,1,16678,4.00272,4.05384
8,6,noise,noise,60,noise(60),luma/saturated,4,0,0.0350557,0.0350557,0.0442652,"RS(155,125)",1,3.2352,"RS(255,211)",0.827451,1,13906,3.33744,4.05384
8,6,noise,noise,60,noise(60),max/mean,4,0,1.295e-05,1.295e-05,1.49343e-05,"RS(155,125)",1,3.2352,"RS(255,253)",0.992157,1,16678,4.00272,4.05384
8,6,noise,noise,60,noise(60),max/saturated,4,0,0.0348744,0.0348744,0.0439068,"RS(155,125)",1,3.2352,"RS(255,211)",0.827451,1,13906,3.33744,4.05384
8,6,noise,noise,80,noise(80),luma/mean,4,1.295e-05,0.0132738,0.0132738,0.0177419,"RS(155,125)",1,3.2352,"RS(255,231)",0.905882,1,15226,3.65424,4.05384
8,6,noise,noise,80,noise(80),luma/saturated,4,1.295e-05,0.120215,0.120228,0.14773,"RS(155,125)",0,0,"RS(255,143)",0.560784,1,9418,2.26032,4.05384
8,6,noise,noise,80,noise(80),max/mean,4,0,0.00740741,0.00740741,0.00943847,"RS(155,125)",1,3.2352,"RS(255,241)",0.945098,1,15886,3.81264,4.05384
8,6,noise,noise,80,noise(80),max/saturated,4,0,0.116952,0.116952,0.144161,"RS(155,125)",0,0,"RS(255,145)",0.568627,1,9550,2.292,4.05384
8,6,perspective,perspective,0.05,perspective(0.05),luma/mean,4,0,0,0,0,"RS(155,125)",1,3.2352,"RS(255,254)",0.996078,1,16744,4.01856,4.05384
8,6,perspective,perspective,0.05,perspective(0.05),luma/saturated,4,0,0,0,0,"RS(155,125)",1,3.2352,"RS(255,254)",0.996078,1,16744,4.01856,4.05384
8,6,perspective,perspective,0.05,perspective(0.05),max/mean,4,0,0,0,0,"RS(155,125)",1,3.2352,"RS(255,254)",0.996078,1,16744,4.01856,4.05384
8,6,perspective,perspective,0.05,perspective(0.05),max/saturated,4,0,0,0,0,"RS(155,125)",1,3.2352,"RS(255,254)",0.996078,1,16744,4.01856,4.05384
8,6,perspective,perspective,0.1,perspective(0.1),luma/mean,4,0,0,0,0,"RS(155,125)",1,3.2352,"RS(255,254)",0.996078,1,16744,4.01856,4.05384
8,6,perspective,perspective,0.1,perspective(0.1),luma/saturated,4,0,0,0,0,"RS(155,125)",1,3.2352,"RS(255,254)",0.996078,1,16744,4.01856,4.05384
8,6,perspective,perspective,0.1,perspective(0.1),max/mean,4,0,0,0,0,"RS(155,125)",1,3.2352,"RS(255,254)",0.996078,1,16744,4.01856,4.05384
8,6,perspective,perspective,0.1,perspective(0.1),max/saturated,4,0,0,0,0,"RS(155,125)",1,3.2352,"RS(255,254)",0.996078,1,16744,4.01856,4.05384
8,6,perspective,perspective,0.15,perspective(0.15),luma/mean,4,0,0,0,0,"RS(155,125)",1,3.2352,"RS(255,254)",0.996078,1,16744,4.01856,4.05384
8,6,perspective,perspective,0.15,perspective(0.15),luma/saturated,4,0,0,0,0,"RS(155,125)",1,3.2352,"RS(255,254)",0.996078,1,16744,4.01856,4.05384
8,6,perspective,perspective,0.15,perspective(0.15),max/mean,4,0,0,0,0,"RS(155,125)",1,3.2352,"RS(255,254)",0.996078,1,16744,4.01856,4.05384
8,6,perspective,perspective,0.15,perspective(0.15),max/saturated,4,0,0,0,0,"RS(155,125)",1,3.2352,"RS(255,254)",0.996078,1,16744,4.01856,4.05384
8,6,perspective,perspective,0.2,perspective(0.2),luma/mean,4,9.06501e-05,0,9.06501e-05,0.000119474,"RS(155,125)",1,3.2352,"RS(255,253)",0.992157,1,16678,4.00272,4.05384
8,6,perspective,perspective,0.2,perspective(0.2),luma/saturated,4,9.06501e-05,0,9.06501e-05,0.000119474,"RS(155,125)",1,3.2352,"RS(255,253)",0.992157,1,16678,4.00272,4.05384
8,6,perspective,perspective,0.2,perspective(0.2),max/mean,4,9.06501e-05,0,9.06501e-05,0.000119474,"RS(155,125)",1,3.2352,"RS(255,253)",0.992157,1,16678,4.00272,4.05384
8,6,perspective,perspective,0.2,perspective(0.2),max/saturated,4,9.06501e-05,0,9.06501e-05,0.000119474,"RS(155,125)",1,3.2352,"RS(255,253)",0.992157,1,16678,4.00272,4.05384
8,6,perspective,perspective,0.3,perspective(0.3),luma/mean,4,0.0319606,0,0.0319606,0.0404122,"RS(155,125)",0.75,2.4264,"RS(255,175)",0.686275,1,11530,2.7672,4.05384
8,6,perspective,perspective,0.3,perspective(0.3),luma/saturated,4,0.0319606,0.0001036,0.0319995,0.0404421,"RS(155,125)",0.75,2.4264,"RS(255,175)",0.686275,1,11530,2.7672,4.05384
8,6,perspective,perspective,0.3,perspective(0.3),max/mean,4,0.0316757,0,0.0316757,0.0401284,"RS(155,125)",0.75,2.4264,"RS(255,175)",0.686275,1,11530,2.7672,4.05384
8,6,perspective,perspective,0.3,perspective(0.3),max/saturated,4,0.0316757,0.0002072,0.0317664,0.040233,"RS(155,125)",0.75,2.4264,"RS(255,175)",0.686275,1,11530,2.7672,4.05384
8,6,white_balance,white_balance,0.5,white_balance(0.5),luma/mean,4,0,0,0,0,"RS(155,125)",1,3.2352,"RS(255,254)",0.996078,1,16744,4.01856,4.05384
8,6,white_balance,white_balance,0.5,white_balance(0.5),luma/saturated,4,0,0,0,0,"RS(155,125)",1,3.2352,"RS(255,254)",0.996078,1,16744,4.01856,4.05384
8,6,white_balance,white_balance,0.5,white_balance(0.5),max/mean,4,0,0,0,0,"RS(155,125)",1,3.2352,"RS(255,254)",0.996078,1,16744,4.01856,4.05384
8,6,white_balance,white_balance,0.5,white_balance(0.5),max/saturated,4,0,0,0,0,"RS(155,125)",1,3.2352,"RS(255,254)",0.996078,1,16744,4.01856,4.05384
8,6,white_balance,white_balance,1,white_balance(1),luma/mean,4,0,0,0,0,"RS(155,125)",1,3.2352,"RS(255,254)",0.996078,1,16744,4.01856,4.05384
8,6,white_balance,white_balance,1,white_balance(1),luma/saturated,4,0,0,0,0,"RS(155,125)",1,3.2352,"RS(255,254)",0.996078,1,16744,4.01856,4.05384
8,6,white_balance,white_balance,1,white_balance(1),max/mean,4,0,0,0,0,"RS(155,125)",1,3.2352,"RS(255,254)",0.996078,1,16744,4.01856,4.05384
8,6,white_balance,white_balance,1,white_balance(1),max/saturated,4,0,0,0,0,"RS(155,125)",1,3.2352,"RS(255,254)",0.996078,1,16744,4.01856,4.05384
8,6,white_balance,white_balance,2,white_balance(2),luma/mean,4,0,0,0,0,"RS(155,125)",1,3.2352,"RS(255,254)",0.996078,1,16744,4.01856,4.05384
8,6,white_balance,white_balance,2,white_balance(2),luma/saturated,4,0,0,0,0,"RS(155,125)",1,3.2352,"RS(255,254)",0.996078,1,16744,4.01856,4.05384
8,6,white_balance,white_balance,2,white_balance(2),max/mean,4,0,0,0,0,"RS(155,125)",1,3.2352,"RS(255,254)",0.996078,1,16744,4.01856,4.05384
8,6,white_balance,white_balance,2,white_balance(2),max/saturated,4,0,0,0,0,"RS(155,125)",1,3.2352,"RS(255,254)",0.996078,1,16744,4.01856,4.05384
8,6,white_balance,white_balance,3,white_balance(3),luma/mean,4,0,0,0,0,"RS(155,125)",1,3.2352,"RS(255,254)",0.996078,1,16744,4.01856,4.05384
8,6,white_balance,white_balance,3,white_balance(3),luma/saturated,4,0,0,0,0,"RS(155,125)",1,3.2352,"RS(255,254)",0.996078,1,16744,4.01856,4.05384
8,6,white_balance,white_balance,3,white_balance(3),max/mean,4,0,0,0,0,"RS(155,125)",1,3.2352,"RS(255,254)",0.996078,1,16744,4.01856,4.05384
8,6,white_balance,white_balance,3,white_balance(3),max/saturated,4,0,0,0,0,"RS(155,125)",1,3.2352,"RS(255,254)",0.996078,1,16744,4.01856,4.05384
8,6,white_balance,white_balance,4,white_balance(4),luma/mean,4,0,0,0,0,"RS(155,125)",1,3.2352,"RS(255,254)",0.996078,1,16744,4.01856,4.05384
8,6,white_balance,white_balance,4,white_balance(4),luma/saturated,4,0,0,0,0,"RS(155,125)",1,3.2352,"RS(255,254)",0.996078,1,16744,4.01856,4.05384
8,6,white_balance,white_balance,4,white_balance(4),max/mean,4,0,0,0,0,"RS(155,125)",1,3.2352,"RS(255,254)",0.996078,1,16744,4.01856,4.05384
8,6,white_balance,white_balance,4,white_balance(4),max/saturated,4,0,0,0,0,"RS(155,125)",1,3.2352,"RS(255,254)",0.996078,1,16744,4.01856,4.05384
8,8,blur,blur,0.5,blur(0.5),luma/mean,4,0,0,0,0,"RS(155,125)",1,1.9752,"RS(155,154)",0.993548,1,10144,2.43456,2.45688
8,8,blur,blur,0.5,blur(0.5),luma/saturated,4,0,0,0,0,"RS(155,125)",1,1.9752,"RS(155,154)",0.993548,1,10144,2.43456,2.45688
8,8,blur,blur,0.5,blur(0.5),max/mean,4,0,0,0,0,"RS(155,125)",1,1.9752,"RS(155,154)",0.993548,1,10144,2.43456,2.45688
8,8,blur,blur,0.5,blur(0.5),max/saturated,4,0,0,0,0,"RS(155,125)",1,1.9752,"RS(155,154)",0.993548,1,10144,2.43456,2.45688
8,8,blur,blur,0.75,blur(0.75),luma/mean,4,0,0,0,0,"RS(155,125)",1,1.9752,"RS(155,154)",0.993548,1,10144,2.43456,2.45688
8,8,blur,blur,0.75,blur(0.75),luma/saturated,4,0,0,0,0,"RS(155,125)",1,1.9752,"RS(155,154)",0.993548,1,10144,2.43456,2.45688
8,8,blur,blur,0.75,blur(0.75),max/mean,4,0,0,0,0,"RS(155,125)",1,1.9752,"RS(155,154)",0.993548,1,10144,2.43456,2.45688
8,8,blur,blur,0.75,blur(0.75),max/saturated,4,0,0,0,0,"RS(155,125)",1,1.9752,"RS(155,154)",0.993548,1,10144,2.43456,2.45688
8,8,blur,blur,1,blur(1),luma/mean,4,0,0,0,0,"RS(155,125)",1,1.9752,"RS(155,154)",0.993548,1,10144,2.43456,2.45688
8,8,blur,blur,1,blur(1),luma/saturated,4,0,0,0,0,"RS(155,125)",1,1.9752,"RS(155,154)",0.993548,1,10144,2.43456,2.45688
8,8,blur,blur,1,blur(1),max/mean,4,0,0,0,0,"RS(155,125)",1,1.9752,"RS(155,154)",0.993548,1,10144,2.43456,2.45688
8,8,blur,blur,1,blur(1),max/saturated,4,0,0,0,0,"RS(155,125)",1,1.9752,"RS(155,154)",0.993548,1,10144,2.43456,2.45688
8,8,blur,blur,1.25,blur(1.25),luma/mean,4,2.13675e-05,0,2.13675e-05,2.44379e-05,"RS(155,125)",1,1.9752,"RS(255,253)",0.992157,1,10100,2.424,2.45688
8,8,blur,blur,1.25,blur(1.25),luma/saturated,4,2.13675e-05,0,2.13675e-05,2.44379e-05,"RS(155,125)",1,1.9752,"RS(255,253)",0.992157,1,10100,2.424,2.45688
8,8,blur,blur,1.25,blur(1.25),max/mean,4,0,0,0,0,"RS(155,125)",1,1.9752,"RS(155,154)",0.993548,1,10144,2.43456,2.45688
8,8,blur,blur,1.25,blur(1.25),max/saturated,4,0,0,0,0,"RS(155,125)",1,1.9752,"RS(155,154)",0.993548,1,10144,2.43456,2.45688
8,8,blur,blur,1.5,blur(1.5),luma/mean,4,0.0274786,0,0.0274786,0.0328201,"RS(155,125)",1,1.9752,"RS(255,219)",0.858824,1,8740,2.0976,2.45688
8,8,blur,blur,1.5,blur(1.5),luma/saturated,4,0.0274786,0,0.0274786,0.0328201,"RS(155,125)",1,1.9752,"RS(255,219)",0.858824,1,8740,2.0976,2.45688
8,8,blur,blur,1.5,blur(1.5),max/mean,4,0.0394017,0,0.0394017,0.0451613,"RS(155,125)",0.5,0.9876,"RS(255,209)",0.819608,1,8340,2.0016,2.45688
8,8,blur,blur,1.5,blur(1.5),max/saturated,4,0.0394017,6.41026e-05,0.0394658,0.0452346,"RS(155,125)",0.5,0.9876,"RS(255,209)",0.819608,1,8340,2.0016,2.45688
8,8,blur,blur,2,blur(2),luma/mean,4,0.228205,0.000961538,0.228632,0.290762,"RS(155,125)",0,0,"RS(255,67)",0.262745,1,2660,0.6384,2.45688
8,8,blur,blur,2,blur(2),luma/saturated,4,0.228205,0.00279915,0.230427,0.292473,"RS(155,125)",0,0,"RS(255,65)",0.254902,1,2580,0.6192,2.45688
8,8,blur,blur,2,blur(2),max/mean,4,0.242372,0,0.242372,0.305987,"RS(155,125)",0,0,"RS(255,59)",0.231373,1,2340,0.5616,2.45688
8,8,blur,blur,2,blur(2),max/saturated,4,0.242372,0.00623932,0.247286,0.31107,"RS(155,125)",0,0,"RS(255,55)",0.215686,1,2180,0.5232,2.45688
8,8,chroma_bilinear,chroma,1,"chroma(1,full_range=False,matrix=bt601,upsample=bilinear)",luma/mean,4,0,0,0,0,"RS(155,125)",1,1.9752,"RS(155,154)",0.993548,1,10144,2.43456,2.45688
8,8,chroma_bilinear,chroma,1,"chroma(1,full_range=False,matrix=bt601,upsample=bilinear)",luma/saturated,4,0,0,0,0,"RS(155,125)",1,1.9752,"RS(155,154)",0.993548,1,10144,2.43456,2.45688
8,8,chroma_bilinear,chroma,1,"chroma(1,full_range=False,matrix=bt601,upsample=bilinear)",max/mean,4,0,0,0,0,"RS(155,125)",1,1.9752,"RS(155,154)",0.993548,1,10144,2.43456,2.45688
8,8,chroma_bilinear,chroma,1,"chroma(1,full_range=False,matrix=bt601,upsample=bilinear)",max/saturated,4,0,0,0,0,"RS(155,125)",1,1.9752,"RS(155,154)",0.993548,1,10144,2.43456,2.45688
8,8,chroma_bilinear,chroma,1.5,"chroma(1.5,full_range=False,matrix=bt601,upsample=bilinear)",luma/mean,4,0,0.0585256,0.0585256,0.0740469,"RS(155,125)",0,0,"RS(255,197)",0.772549,1,7860,1.8864,2.45688
8,8,chroma_bilinear,chroma,1.5,"chroma(1.5,full_range=False,matrix=bt601,upsample=bilinear)",luma/saturated,4,0,0.000405983,0.000405983,0.000488759,"RS(155,125)",1,1.9752,"RS(155,153)",0.987097,1,10078,2.41872,2.45688
8,8,chroma_bilinear,chroma,1.5,"chroma(1.5,full_range=False,matrix=bt601,upsample=bilinear)",max/mean,4,0,0.0585256,0.0585256,0.0740469,"RS(155,125)",0,0,"RS(255,197)",0.772549,1,7860,1.8864,2.45688
8,8,chroma_bilinear,chroma,1.5,"chroma(1.5,full_range=False,matrix=bt601,upsample=bilinear)",max/saturated,4,0,0.000405983,0.000405983,0.000488759,"RS(155,125)",1,1.9752,"RS(155,153)",0.987097,1,10078,2.41872,2.45688
8,8,chroma_bilinear,chroma,2,"chroma(2,full_range=False,matrix=bt601,upsample=bilinear)",luma/mean,4,0,0.135235,0.135235,0.169159,"RS(155,125)",0,0,"RS(255,143)",0.560784,1,5700,1.368,2.45688
8,8,chroma_bilinear,chroma,2,"chroma(2,full_range=False,matrix=bt601,upsample=bilinear)",luma/saturated,4,0,0.0100214,0.0100214,0.0139296,"RS(155,125)",1,1.9752,"RS(255,235)",0.921569,1,9380,2.2512,2.45688
8,8,chroma_bilinear,chroma,2,"chroma(2,full_range=False,matrix=bt601,upsample=bilinear)",max/mean,4,0,0.135235,0.135235,0.169159,"RS(155,125)",0,0,"RS(255,143)",0.560784,1,5700,1.368,2.45688
8,8,chroma_bilinear,chroma,2,"chroma(2,full_range=False,matrix=bt601,upsample=bilinear)",max/saturated,4,0,0.00997863,0.00997863,0.0138807,"RS(155,125)",1,1.9752,"RS(255,235)",0.921569,1,9380,2.2512,2.45688
8,8,chroma_bilinear,chroma,3,"chroma(3,full_range=False,matrix=bt601,upsample=bilinear)",luma/mean,4,0,0.45344,0.45344,0.508407,"RS(155,125)",0,0,"RS(255,254)",0.996078,0,10140,0,2.45688
8,8,chroma_bilinear,chroma,3,"chroma(3,full_range=False,matrix=bt601,upsample=bilinear)",luma/saturated,4,0,0.113141,0.113141,0.142009,"RS(155,125)",0,0,"RS(255,149)",0.584314,1,5940,1.4256,2.45688
8,8,chroma_bilinear,chroma,3,"chroma(3,full_range=False,matrix=bt601,upsample=bilinear)",max/mean,4,0,0.45344,0.45344,0.508407,"RS(155,125)",0,0,"RS(255,254)",0.996078,0,10140,0,2.45688
8,8,chroma_bilinear,chroma,3,"chroma(3,full_range=False,matrix=bt601,upsample=bilinear)",max/saturated,4,0,0.11312,0.11312,0.14196,"RS(155,125)",0,0,"RS(255,149)",0.584314,1,5940,1.4256,2.45688
8,8,chroma_bilinear,chroma,4,"chroma(4,full_range=False,matrix=bt601,upsample=bilinear)",luma/mean,4,0,0.664786,0.664786,0.712366,"RS(155,125)",0,0,"RS(255,254)",0.996078,0,10140,0,2.45688
8,8,chroma_bilinear,chroma,4,"chroma(4,full_range=False,matrix=bt601,upsample=bilinear)",luma/saturated,4,0,0.273141,0.273141,0.322043,"RS(155,125)",0,0,"RS(255,57)",0.223529,1,2260,0.5424,2.45688
8,8,chroma_bilinear,chroma,4,"chroma(4,full_range=False,matrix=bt601,upsample=bilinear)",max/mean,4,0,0.664786,0.664786,0.712366,"RS(155,125)",0,0,"RS(255,254)",0.996078,0,10140,0,2.45688
8,8,chroma_bilinear,chroma,4,"chroma(4,full_range=False,matrix=bt601,upsample=bilinear)",max/saturated,4,0,0.27297,0.27297,0.321994,"RS(155,125)",0,0,"RS(255,57)",0.223529,1,2260,0.5424,2.45688
8,8,chroma_bt709_bilinear,chroma,2,"chroma(2,full_range=False,matrix=bt709,upsample=bilinear)",luma/mean,4,0,0.152885,0.152885,0.188905,"RS(155,125)",0,0,"RS(255,127)",0.498039,1,5060,1.2144,2.45688
8,8,chroma_bt709_bilinear,chroma,2,"chroma(2,full_range=False,matrix=bt709,upsample=bilinear)",luma/saturated,4,0,0.0253419,0.0253419,0.0337488,"RS(155,125)",1,1.9752,"RS(255,221)",0.866667,1,8820,2.1168,2.45688
8,8,chroma_bt709_bilinear,chroma,2,"chroma(2,full_range=False,matrix=bt709,upsample=bilinear)",max/mean,4,0,0.152885,0.152885,0.188905,"RS(155,125)",0,0,"RS(255,127)",0.498039,1,5060,1.2144,2.45688
8,8,chroma_bt709_bilinear,chroma,2,"chroma(2,full_range=False,matrix=bt709,upsample=bilinear)",max/saturated,4,0,0.025235,0.025235,0.0336266,"RS(155,125)",1,1.9752,"RS(255,223)",0.87451,1,8900,2.136,2.45688
8,8,chroma_bt709_nearest,chroma,2,"chroma(2,full_range=False,matrix=bt709,upsample=nearest)",luma/mean,4,0,0.0800214,0.0800214,0.105181,"RS(155,125)",0,0,"RS(255,181)",0.709804,1,7220,1.7328,2.45688
8,8,chroma_bt709_nearest,chroma,2,"chroma(2,full_range=False,matrix=bt709,upsample=nearest)",luma/saturated,4,0,0.0017735,0.0017735,0.00249267,"RS(155,125)",1,1.9752,"RS(155,149)",0.96129,1,9814,2.35536,2.45688
8,8,chroma_bt709_nearest,chroma,2,"chroma(2,full_range=False,matrix=bt709,upsample=nearest)",max/mean,4,0,0.0800214,0.0800214,0.105181,"RS(155,125)",0,0,"RS(255,181)",0.709804,1,7220,1.7328,2.45688
8,8,chroma_bt709_nearest,chroma,2,"chroma(2,full_range=False,matrix=bt709,upsample=nearest)",max/saturated,4,0,0.0017735,0.0017735,0.00249267,"RS(155,125)",1,1.9752,"RS(155,149)",0.96129,1,9814,2.35536,2.45688
8,8,chroma_nearest,chroma,1,"chroma(1,full_range=False,matrix=bt601,upsample=nearest)",luma/mean,4,0,0,0,0,"RS(155,125)",1,1.9752,"RS(155,154)",0.993548,1,10144,2.43456,2.45688
8,8,chroma_nearest,chroma,1,"chroma(1,full_range=False,matrix=bt601,upsample=nearest)",luma/saturated,4,0,0,0,0,"RS(155,125)",1,1.9752,"RS(155,154)",0.993548,1,10144,2.43456,2.45688
8,8,chroma_nearest,chroma,1,"chroma(1,full_range=False,matrix=bt601,upsample=nearest)",max/mean,4,0,0,0,0,"RS(155,125)",1,1.9752,"RS(155,154)",0.993548,1,10144,2.43456,2.45688
8,8,chroma_nearest,chroma,1,"chroma(1,full_range=False,matrix=bt601,upsample=nearest)",max/saturated,4,0,0,0,0,"RS(155,125)",1,1.9752,"RS(155,154)",0.993548,1,10144,2.43456,2.45688
8,8,chroma_nearest,chroma,1.5,"chroma(1.5,full_range=False,matrix=bt601,upsample=nearest)",luma/mean,4,0,0.0768376,0.0768376,0.0968964,"RS(155,125)",0,0,"RS(255,179)",0.701961,1,7140,1.7136,2.45688
8,8,chroma_nearest,chroma,1.5,"chroma(1.5,full_range=False,matrix=bt601,upsample=nearest)",luma/saturated,4,0,0,0,0,"RS(155,125)",1,1.9752,"RS(155,154)",0.993548,1,10144,2.43456,2.45688
8,8,chroma_nearest,chroma,1.5,"chroma(1.5,full_range=False,matrix=bt601,upsample=nearest)",max/mean,4,0,0.0768376,0.0768376,0.0968964,"RS(155,125)",0,0,"RS(255,179)",0.701961,1,7140,1.7136,2.45688
8,8,chroma_nearest,chroma,1.5,"chroma(1.5,full_range=False,matrix=bt601,upsample=nearest)",max/saturated,4,0,0,0,0,"RS(155,125)",1,1.9752,"RS(155,154)",0.993548,1,10144,2.43456,2.45688
8,8,chroma_nearest,chroma,2,"chroma(2,full_range=False,matrix=bt601,upsample=nearest)",luma/mean,4,0,0.0545726,0.0545726,0.0732405,"RS(155,125)",0,0,"RS(255,199)",0.780392,1,7940,1.9056,2.45688
8,8,chroma_nearest,chroma,2,"chroma(2,full_range=False,matrix=bt601,upsample=nearest)",luma/saturated,4,0,0,0,0,"RS(155,125)",1,1.9752,"RS(155,154)",0.993548,1,10144,2.43456,2.45688
8,8,chroma_nearest,chroma,2,"chroma(2,full_range=False,matrix=bt601,upsample=nearest)",max/mean,4,0,0.0545726,0.0545726,0.0732405,"RS(155,125)",0,0,"RS(255,199)",0.780392,1,7940,1.9056,2.45688
8,8,chroma_nearest,chroma,2,"chroma(2,full_range=False,matrix=bt601,upsample=nearest)",max/saturated,4,0,0,0,0,"RS(155,125)",1,1.9752,"RS(155,154)",0.993548,1,10144,2.43456,2.45688
8,8,chroma_nearest,chroma,3,"chroma(3,full_range=False,matrix=bt601,upsample=nearest)",luma/mean,4,0,0.315641,0.315641,0.367473,"RS(155,125)",0,0,"RS(255,33)",0.129412,1,1300,0.312,2.45688
8,8,chroma_nearest,chroma,3,"chroma(3,full_range=False,matrix=bt601,upsample=nearest)",luma/saturated,4,0,0.0314316,0.0314316,0.0401271,"RS(155,125)",1,1.9752,"RS(255,217)",0.85098,1,8660,2.0784,2.45688
8,8,chroma_nearest,chroma,3,"chroma(3,full_range=False,matrix=bt601,upsample=nearest)",max/mean,4,0,0.315556,0.315556,0.367375,"RS(155,125)",0,0,"RS(255,33)",0.129412,1,1300,0.312,2.45688
8,8,chroma_nearest,chroma,3,"chroma(3,full_range=False,matrix=bt601,upsample=nearest)",max/saturated,4,0,0.031453,0.031453,0.0401515,"RS(155,125)",1,1.9752,"RS(255,217)",0.85098,1,8660,2.0784,2.45688
8,8,chroma_nearest,chroma,4,"chroma(4,full_range=False,matrix=bt601,upsample=nearest)",luma/mean,4,0,0.473013,0.473013,0.527004,"RS(155,125)",0,0,"RS(255,254)",0.996078,0,10140,0,2.45688
8,8,chroma_nearest,chroma,4,"chroma(4,full_range=False,matrix=bt601,upsample=nearest)",luma/saturated,4,0,0.153141,0.153141,0.186413,"RS(155,125)",0,0,"RS(255,129)",0.505882,1,5140,1.2336,2.45688
8,8,chroma_nearest,chroma,4,"chroma(4,full_range=False,matrix=bt601,upsample=nearest)",max/mean,4,0,0.473013,0.473013,0.527004,"RS(155,125)",0,0,"RS(255,254)",0.996078,0,10140,0,2.45688
8,8,chroma_nearest,chroma,4,"chroma(4,full_range=False,matrix=bt601,upsample=nearest)",max/saturated,4,0,0.15312,0.15312,0.186193,"RS(155,125)",0,0,"RS(255,129)",0.505882,1,5140,1.2336,2.45688
8,8,clean,clean,0,clean,luma/mean,4,0,0,0,0,"RS(155,125)",1,1.9752,"RS(155,154)",0.993548,1,10144,2.43456,2.45688
8,8,clean,clean,0,clean,luma/saturated,4,0,0,0,0,"RS(155,125)",1,1.9752,"RS(155,154)",0.993548,1,10144,2.43456,2.45688
8,8,clean,clean,0,clean,max/mean,4,0,0,0,0,"RS(155,125)",1,1.9752,"RS(155,154)",0.993548,1,10144,2.43456,2.45688
8,8,clean,clean,0,clean,max/saturated,4,0,0,0,0,"RS(155,125)",1,1.9752,"RS(155,154)",0.993548,1,10144,2.43456,2.45688
8,8,noise,noise,10,noise(10),luma/mean,4,0,0,0,0,"RS(155,125)",1,1.9752,"RS(155,154)",0.993548,1,10144,2.43456,2.45688
8,8,noise,noise,10,noise(10),luma/saturated,4,0,0,0,0,"RS(155,125)",1,1.9752,"RS(155,154)",0.993548,1,10144,2.43456,2.45688
8,8,noise,noise,10,noise(10),max/mean,4,0,0,0,0,"RS(155,125)",1,1.9752,"RS(155,154)",0.993548,1,10144,2.43456,2.45688
8,8,noise,noise,10,noise(10),max/saturated,4,0,0,0,0,"RS(155,125)",1,1.9752,"RS(155,154)",0.993548,1,10144,2.43456,2.45688
8,8,noise,noise,20,noise(20),luma/mean,4,0,0,0,0,"RS(155,125)",1,1.9752,"RS(155,154)",0.993548,1,10144,2.43456,2.45688
8,8,noise,noise,20,noise(20),luma/saturated,4,0,0,0,0,"RS(155,125)",1,1.9752,"RS(155,154)",0.993548,1,10144,2.43456,2.45688
8,8,noise,noise,20,noise(20),max/mean,4,0,0,0,0,"RS(155,125)",1,1.9752,"RS(155,154)",0.993548,1,10144,2.43456,2.45688
8,8,noise,noise,20,noise(20),max/saturated,4,0,0,0,0,"RS(155,125)",1,1.9752,"RS(155,154)",0.993548,1,10144,2.43456,2.45688
8,8,noise,noise,40,noise(40),luma/mean,4,0,0,0,0,"RS(155,125)",1,1.9752,"RS(155,154)",0.993548,1,10144,2.43456,2.45688
8,8,noise,noise,40,noise(40),luma/saturated,4,0,2.13675e-05,2.13675e-05,2.44379e-05,"RS(155,125)",1,1.9752,"RS(255,253)",0.992157,1,10100,2.424,2.45688
8,8,noise,noise,40,noise(40),max/mean,4,0,0,0,0,"RS(155,125)",1,1.9752,"RS(155,154)",0.993548,1,10144,2.43456,2.45688
8,8,noise,noise,40,noise(40),max/saturated,4,0,2.13675e-05,2.13675e-05,2.44379e-05,"RS(155,125)",1,1.9752,"RS(255,253)",0.992157,1,10100,2.424,2.45688
8,8,noise,noise,60,noise(60),luma/mean,4,0,0,0,0,"RS(155,125)",1,1.9752,"RS(155,154)",0.993548,1,10144,2.43456,2.45688
8,8,noise,noise,60,noise(60),luma/saturated,4,0,0.00363248,0.00363248,0.00469208,"RS(155,125)",1,1.9752,"RS(255,247)",0.968627,1,9860,2.3664,2.45688
8,8,noise,noise,60,noise(60),max/mean,4,0,0,0,0,"RS(155,125)",1,1.9752,"RS(155,154)",0.993548,1,10144,2.43456,2.45688
8,8,noise,noise,60,noise(60),max/saturated,4,0,0.00391026,0.00391026,0.00505865,"RS(155,125)",1,1.9752,"RS(255,247)",0.968627,1,9860,2.3664,2.45688
8,8,noise,noise,80,noise(80),luma/mean,4,0,0.00425214,0.00425214,0.00603617,"RS(155,125)",1,1.9752,"RS(255,245)",0.960784,1,9780,2.3472,2.45688
8,8,noise,noise,80,noise(80),luma/saturated,4,0,0.039188,0.039188,0.0483627,"RS(155,125)",0.75,1.4814,"RS(255,215)",0.843137,1,8580,2.0592,2.45688
8,8,noise,noise,80,noise(80),max/mean,4,0,0.00141026,0.00141026,0.00166178,"RS(155,125)",1,1.9752,"RS(155,151)",0.974194,1,9946,2.38704,2.45688
8,8,noise,noise,80,noise(80),max/saturated,4,0,0.0369444,0.0369444,0.0455767,"RS(155,125)",1,1.9752,"RS(255,213)",0.835294,1,8500,2.04,2.45688
8,8,perspective,perspective,0.05,perspective(0.05),luma/mean,4,0,0,0,0,"RS(155,125)",1,1.9752,"RS(155,154)",0.993548,1,10144,2.43456,2.45688
8,8,perspective,perspective,0.05,perspective(0.05),luma/saturated,4,0,0,0,0,"RS(155,125)",1,1.9752,"RS(155,154)",0.993548,1,10144,2.43456,2.45688
8,8,perspective,perspective,0.05,perspective(0.05),max/mean,4,0,0,0,0,"RS(155,125)",1,1.9752,"RS(155,154)",0.993548,1,10144,2.43456,2.45688
8,8,perspective,perspective,0.05,perspective(0.05),max/saturated,4,0,0,0,0,"RS(155,125)",1,1.9752,"RS(155,154)",0.993548,1,10144,2.43456,2.45688
8,8,perspective,perspective,0.1,perspective(0.1),luma/mean,4,0,0,0,0,"RS(155,125)",1,1.9752,"RS(155,154)",0.993548,1,10144,2.43456,2.45688
8,8,perspective,perspective,0.1,perspective(0.1),luma/saturated,4,0,0,0,0,"RS(155,125)",1,1.9752,"RS(155,154)",0.993548,1,10144,2.43456,2.45688
8,8,perspective,perspective,0.1,perspective(0.1),max/mean,4,0,0,0,0,"RS(155,125)",1,1.9752,"RS(155,154)",0.993548,1,10144,2.43456,2.45688
8,8,perspective,perspective,0.1,perspective(0.1),max/saturated,4,0,0,0,0,"RS(155,125)",1,1.9752,"RS(155,154)",0.993548,1,10144,2.43456,2.45688
8,8,perspective,perspective,0.15,perspective(0.15),luma/mean,4,0,0,0,0,"RS(155,125)",1,1.9752,"RS(155,154)",0.993548,1,10144,2.43456,2.45688
8,8,perspective,perspective,0.15,perspective(0.15),luma/saturated,4,0,0,0,0,"RS(155,125)",1,1.9752,"RS(155,154)",0.993548,1,10144,2.43456,2.45688
8,8,perspective,perspective,0.15,perspective(0.15),max/mean,4,0,0,0,0,"RS(155,125)",1,1.9752,"RS(155,154)",0.993548,1,10144,2.43456,2.45688
8,8,perspective,perspective,0.15,perspective(0.15),max/saturated,4,0,0,0,0,"RS(155,125)",1,1.9752,"RS(155,154)",0.993548,1,10144,2.43456,2.45688
8,8,perspective,perspective,0.2,perspective(0.2),luma/mean,4,0,0,0,0,"RS(155,125)",1,1.9752,"RS(155,154)",0.993548,1,10144,2.43456,2.45688
8,8,perspective,perspective,0.2,perspective(0.2),luma/saturated,4,0,0,0,0,"RS(155,125)",1,1.9752,"RS(155,154)",0.993548,1,10144,2.43456,2.45688
8,8,perspective,perspective,0.2,perspective(0.2),max/mean,4,0,0,0,0,"RS(155,125)",1,1.9752,"RS(155,154)",0.993548,1,10144,2.43456,2.45688
8,8,perspective,perspective,0.2,perspective(0.2),max/saturated,4,0,0,0,0,"RS(155,125)",1,1.9752,"RS(155,154)",0.993548,1,10144,2.43456,2.45688
8,8,perspective,perspective,0.3,perspective(0.3),luma/mean,4,0.00952991,0,0.00952991,0.0121701,"RS(155,125)",1,1.9752,"RS(255,223)",0.87451,1,8900,2.136,2.45688
8,8,perspective,perspective,0.3,perspective(0.3),luma/saturated,4,0.00952991,2.13675e-05,0.00955128,0.0121945,"RS(155,125)",1,1.9752,"RS(255,223)",0.87451,1,8900,2.136,2.45688
8,8,perspective,perspective,0.3,perspective(0.3),max/mean,4,0.00955128,0,0.00955128,0.0121701,"RS(155,125)",1,1.9752,"RS(255,221)",0.866667,1,8820,2.1168,2.45688
8,8,perspective,perspective,0.3,perspective(0.3),max/saturated,4,0.00955128,2.13675e-05,0.00957265,0.0121945,"RS(155,125)",1,1.9752,"RS(255,221)",0.866667,1,8820,2.1168,2.45688
8,8,white_balance,white_balance,0.5,white_balance(0.5),luma/mean,4,0,0,0,0,"RS(155,125)",1,1.9752,"RS(155,154)",0.993548,1,10144,2.43456,2.45688
8,8,white_balance,white_balance,0.5,white_balance(0.5),luma/saturated,4,0,0,0,0,"RS(155,125)",1,1.9752,"RS(155,154)",0.993548,1,10144,2.43456,2.45688
8,8,white_balance,white_balance,0.5,white_balance(0.5),max/mean,4,0,0,0,0,"RS(155,125)",1,1.9752,"RS(155,154)",0.993548,1,10144,2.43456,2.45688
8,8,white_balance,white_balance,0.5,white_balance(0.5),max/saturated,4,0,0,0,0,"RS(155,125)",1,1.9752,"RS(155,154)",0.993548,1,10144,2.43456,2.45688
8,8,white_balance,white_balance,1,white_balance(1),luma/mean,4,0,0,0,0,"RS(155,125)",1,1.9752,"RS(155,154)",0.993548,1,10144,2.43456,2.45688
8,8,white_balance,white_balance,1,white_balance(1),luma/saturated,4,0,0,0,0,"RS(155,125)",1,1.9752,"RS(155,154)",0.993548,1,10144,2.43456,2.45688
8,8,white_balance,white_balance,1,white_balance(1),max/mean,4,0,0,0,0,"RS(155,125)",1,1.9752,"RS(155,154)",0.993548,1,10144,2.43456,2.45688
8,8,white_balance,white_balance,1,white_balance(1),max/saturated,4,0,0,0,0,"RS(155,125)",1,1.9752,"RS(155,154)",0.993548,1,10144,2.43456,2.45688
8,8,white_balance,white_balance,2,white_balance(2),luma/mean,4,0,0,0,0,"RS(155,125)",1,1.9752,"RS(155,154)",0.993548,1,10144,2.43456,2.45688
8,8,white_balance,white_balance,2,white_balance(2),luma/saturated,4,0,0,0,0,"RS(155,125)",1,1.9752,"RS(155,154)",0.993548,1,10144,2.43456,2.45688
8,8,white_balance,white_balance,2,white_balance(2),max/mean,4,0,0,0,0,"RS(155,125)",1,1.9752,"RS(155,154)",0.993548,1,10144,2.43456,2.45688
8,8,white_balance,white_balance,2,white_balance(2),max/saturated,4,0,0,0,0,"RS(155,125)",1,1.9752,"RS(155,154)",0.993548,1,10144,2.43456,2.45688
8,8,white_balance,white_balance,3,white_balance(3),luma/mean,4,0,0,0,0,"RS(155,125)",1,1.9752,"RS(155,154)",0.993548,1,10144,2.43456,2.45688
8,8,white_balance,white_balance,3,white_balance(3),luma/saturated,4,0,0,0,0,"RS(155,125)",1,1.9752,"RS(155,154)",0.993548,1,10144,2.43456,2.45688
8,8,white_balance,white_balance,3,white_balance(3),max/mean,4,0,0,0,0,"RS(155,125)",1,1.9752,"RS(155,154)",0.993548,1,10144,2.43456,2.45688
8,8,white_balance,white_balance,3,white_balance(3),max/saturated,4,0,0,0,0,"RS(155,125)",1,1.9752,"RS(155,154)",0.993548,1,10144,2.43456,2.45688
8,8,white_balance,white_balance,4,white_balance(4),luma/mean,4,0,0,0,0,"RS(155,125)",1,1.9752,"RS(155,154)",0.993548,1,10144,2.43456,2.45688
8,8,white_balance,white_balance,4,white_balance(4),luma/saturated,4,0,0,0,0,"RS(155,125)",1,1.9752,"RS(155,154)",0.993548,1,10144,2.43456,2.45688
8,8,white_balance,white_balance,4,white_balance(4),max/mean,4,0,0,0,0,"RS(155,125)",1,1.9752,"RS(155,154)",0.993548,1,10144,2.43456,2.45688
8,8,white_balance,white_balance,4,white_balance(4),max/saturated,4,0,0,0,0,"RS(155,125)",1,1.9752,"RS(155,154)",0.993548,1,10144,2.43456,2.45688
8,10,blur,blur,0.5,blur(0.5),luma/mean,4,0,0,0,0,"RS(155,125)",1,1.3152,"RS(155,154)",0.993548,1,6756,1.62144,1.64712
8,10,blur,blur,0.5,blur(0.5),luma/saturated,4,0,0,0,0,"RS(155,125)",1,1.3152,"RS(155,154)",0.993548,1,6756,1.62144,1.64712
8,10,blur,blur,0.5,blur(0.5),max/mean,4,0,0,0,0,"RS(155,125)",1,1.3152,"RS(155,154)",0.993548,1,6756,1.62144,1.64712
8,10,blur,blur,0.5,blur(0.5),max/saturated,4,0,0,0,0,"RS(155,125)",1,1.3152,"RS(155,154)",0.993548,1,6756,1.62144,1.64712
8,10,blur,blur,0.75,blur(0.75),luma/mean,4,0,0,0,0,"RS(155,125)",1,1.3152,"RS(155,154)",0.993548,1,6756,1.62144,1.64712
8,10,blur,blur,0.75,blur(0.75),luma/saturated,4,0,0,0,0,"RS(155,125)",1,1.3152,"RS(155,154)",0.993548,1,6756,1.62144,1.64712
8,10,blur,blur,0.75,blur(0.75),max/mean,4,0,0,0,0,"RS(155,125)",1,1.3152,"RS(155,154)",0.993548,1,6756,1.62144,1.64712
8,10,blur,blur,0.75,blur(0.75),max/saturated,4,0,0,0,0,"RS(155,125)",1,1.3152,"RS(155,154)",0.993548,1,6756,1.62144,1.64712
8,10,blur,blur,1,blur(1),luma/mean,4,0,0,0,0,"RS(155,125)",1,1.3152,"RS(155,154)",0.993548,1,6756,1.62144,1.64712
8,10,blur,blur,1,blur(1),luma/saturated,4,0,0,0,0,"RS(155,125)",1,1.3152,"RS(155,154)",0.993548,1,6756,1.62144,1.64712
8,10,blur,blur,1,blur(1),max/mean,4,0,0,0,0,"RS(155,125)",1,1.3152,"RS(155,154)",0.993548,1,6756,1.62144,1.64712
8,10,blur,blur,1,blur(1),max/saturated,4,0,0,0,0,"RS(155,125)",1,1.3152,"RS(155,154)",0.993548,1,6756,1.62144,1.64712
8,10,blur,blur,1.25,blur(1.25),luma/mean,4,0,0,0,0,"RS(155,125)",1,1.3152,"RS(155,154)",0.993548,1,6756,1.62144,1.64712
8,10,blur,blur,1.25,blur(1.25),luma/saturated,4,0,0,0,0,"RS(155,125)",1,1.3152,"RS(155,154)",0.993548,1,6756,1.62144,1.64712
8,10,blur,blur,1.25,blur(1.25),max/mean,4,0,0,0,0,"RS(155,125)",1,1.3152,"RS(155,154)",0.993548,1,6756,1.62144,1.64712
8,10,blur,blur,1.25,blur(1.25),max/saturated,4,0,0,0,0,"RS(155,125)",1,1.3152,"RS(155,154)",0.993548,1,6756,1.62144,1.64712
8,10,blur,blur,1.5,blur(1.5),luma/mean,4,3.18715e-05,0,3.18715e-05,3.66569e-05,"RS(155,125)",1,1.3152,"RS(155,153)",0.987097,1,6712,1.61088,1.64712
8,10,blur,blur,1.5,blur(1.5),luma/saturated,4,3.18715e-05,0,3.18715e-05,3.66569e-05,"RS(155,125)",1,1.3152,"RS(155,153)",0.987097,1,6712,1.61088,1.64712
8,10,blur,blur,1.5,blur(1.5),max/mean,4,3.18715e-05,0,3.18715e-05,3.66569e-05,"RS(155,125)",1,1.3152,"RS(155,153)",0.987097,1,6712,1.61088,1.64712
8,10,blur,blur,1.5,blur(1.5),max/saturated,4,3.18715e-05,6.3743e-05,9.56145e-05,0.000109971,"RS(155,125)",1,1.3152,"RS(155,153)",0.987097,1,6712,1.61088,1.64712
8,10,blur,blur,2,blur(2),luma/mean,4,0.111614,0.000318715,0.111933,0.156012,"RS(155,125)",0,0,"RS(255,153)",0.6,1,3958,0.94992,1.64712
8,10,blur,blur,2,blur(2),luma/saturated,4,0.111614,0.00124299,0.112793,0.156965,"RS(155,125)",0,0,"RS(255,153)",0.6,1,3958,0.94992,1.64712
8,10,blur,blur,2,blur(2),max/mean,4,0.132522,3.18715e-05,0.132554,0.181048,"RS(155,125)",0,0,"RS(255,131)",0.513725,1,3386,0.81264,1.64712
8,10,blur,blur,2,blur(2),max/saturated,4,0.132522,0.00305966,0.135167,0.183981,"RS(155,125)",0,0,"RS(255,131)",0.513725,1,3386,0.81264,1.64712
8,10,chroma_bilinear,chroma,1,"chroma(1,full_range=False,matrix=bt601,upsample=bilinear)",luma/mean,4,0,0,0,0,"RS(155,125)",1,1.3152,"RS(155,154)",0.993548,1,6756,1.62144,1.64712
8,10,chroma_bilinear,chroma,1,"chroma(1,full_range=False,matrix=bt601,upsample=bilinear)",luma/saturated,4,0,0,0,0,"RS(155,125)",1,1.3152,"RS(155,154)",0.993548,1,6756,1.62144,1.64712
8,10,chroma_bilinear,chroma,1,"chroma(1,full_range=False,matrix=bt601,upsample=bilinear)",max/mean,4,0,0,0,0,"RS(155,125)",1,1.3152,"RS(155,154)",0.993548,1,6756,1.62144,1.64712
8,10,chroma_bilinear,chroma,1,"chroma(1,full_range=False,matrix=bt601,upsample=bilinear)",max/saturated,4,0,0,0,0,"RS(155,125)",1,1.3152,"RS(155,154)",0.993548,1,6756,1.62144,1.64712
8,10,chroma_bilinear,chroma,1.5,"chroma(1.5,full_range=False,matrix=bt601,upsample=bilinear)",luma/mean,4,0,0.0327639,0.0327639,0.0415323,"RS(155,125)",1,1.3152,"RS(255,219)",0.858824,1,5674,1.36176,1.64712
8,10,chroma_bilinear,chroma,1.5,"chroma(1.5,full_range=False,matrix=bt601,upsample=bilinear)",luma/saturated,4,0,0,0,0,"RS(155,125)",1,1.3152,"RS(155,154)",0.993548,1,6756,1.62144,1.64712
8,10,chroma_bilinear,chroma,1.5,"chroma(1.5,full_range=False,matrix=bt601,upsample=bilinear)",max/mean,4,0,0.0327639,0.0327639,0.0415323,"RS(155,125)",1,1.3152,"RS(255,219)",0.858824,1,5674,1.36176,1.64712
8,10,chroma_bilinear,chroma,1.5,"chroma(1.5,full_range=False,matrix=bt601,upsample=bilinear)",max/saturated,4,0,0,0,0,"RS(155,125)",1,1.3152,"RS(155,154)",0.993548,1,6756,1.62144,1.64712
8,10,chroma_bilinear,chroma,2,"chroma(2,full_range=False,matrix=bt601,upsample=bilinear)",luma/mean,4,0,0.105877,0.105877,0.133798,"RS(155,125)",0,0,"RS(255,163)",0.639216,1,4218,1.01232,1.64712
8,10,chroma_bilinear,chroma,2,"chroma(2,full_range=False,matrix=bt601,upsample=bilinear)",luma/saturated,4,0,0,0,0,"RS(155,125)",1,1.3152,"RS(155,154)",0.993548,1,6756,1.62144,1.64712
8,10,chroma_bilinear,chroma,2,"chroma(2,full_range=False,matrix=bt601,upsample=bilinear)",max/mean,4,0,0.105877,0.105877,0.133798,"RS(155,125)",0,0,"RS(255,163)",0.639216,1,4218,1.01232,1.64712
8,10,chroma_bilinear,chroma,2,"chroma(2,full_range=False,matrix=bt601,upsample=bilinear)",max/saturated,4,0,0,0,0,"RS(155,125)",1,1.3152,"RS(155,154)",0.993548,1,6756,1.62144,1.64712
8,10,chroma_bilinear,chroma,3,"chroma(3,full_range=False,matrix=bt601,upsample=bilinear)",luma/mean,4,0,0.277409,0.277409,0.328152,"RS(155,125)",0,0,"RS(255,57)",0.223529,1,1462,0.35088,1.64712
8,10,chroma_bilinear,chroma,3,"chroma(3,full_range=False,matrix=bt601,upsample=bilinear)",luma/saturated,4,0,0.0493689,0.0493689,0.0624633,"RS(155,125)",0,0,"RS(255,199)",0.780392,1,5154,1.23696,1.64712
8,10,chroma_bilinear,chroma,3,"chroma(3,full_range=False,matrix=bt601,upsample=bilinear)",max/mean,4,0,0.277409,0.277409,0.328152,"RS(155,125)",0,0,"RS(255,57)",0.223529,1,1462,0.35088,1.64712
8,10,chroma_bilinear,chroma,3,"chroma(3,full_range=False,matrix=bt601,upsample=bilinear)",max/saturated,4,0,0.0493689,0.0493689,0.0624633,"RS(155,125)",0,0,"RS(255,199)",0.780392,1,5154,1.23696,1.64712
8,10,chroma_bilinear,chroma,4,"chroma(4,full_range=False,matrix=bt601,upsample=bilinear)",luma/mean,4,0,0.534836,0.534836,0.589003,"RS(155,125)",0,0,"RS(255,254)",0.996078,0,6584,0,1.64712
8,10,chroma_bilinear,chroma,4,"chroma(4,full_range=False,matrix=bt601,upsample=bilinear)",luma/saturated,4,0,0.129685,0.129685,0.16228,"RS(155,125)",0,0,"RS(255,143)",0.560784,1,3698,0.88752,1.64712
8,10,chroma_bilinear,chroma,4,"chroma(4,full_range=False,matrix=bt601,upsample=bilinear)",max/mean,4,0,0.534836,0.534836,0.589003,"RS(155,125)",0,0,"RS(255,254)",0.996078,0,6584,0,1.64712
8,10,chroma_bilinear,chroma,4,"chroma(4,full_range=False,matrix=bt601,upsample=bilinear)",max/saturated,4,0,0.129685,0.129685,0.16239,"RS(155,125)",0,0,"RS(255,143)",0.560784,1,3698,0.88752,1.64712
8,10,chroma_bt709_bilinear,chroma,2,"chroma(2,full_range=False,matrix=bt709,upsample=bilinear)",luma/mean,4,0,0.124458,0.124458,0.155938,"RS(155,125)",0,0,"RS(255,147)",0.576471,1,3802,0.91248,1.64712
8,10,chroma_bt709_bilinear,chroma,2,"chroma(2,full_range=False,matrix=bt709,upsample=bilinear)",luma/saturated,4,0,0.00188042,0.00188042,0.00256598,"RS(155,125)",1,1.3152,"RS(155,149)",0.96129,1,6536,1.56864,1.64712
8,10,chroma_bt709_bilinear,chroma,2,"chroma(2,full_range=False,matrix=bt709,upsample=bilinear)",max/mean,4,0,0.124458,0.124458,0.155938,"RS(155,125)",0,0,"RS(255,147)",0.576471,1,3802,0.91248,1.64712
8,10,chroma_bt709_bilinear,chroma,2,"chroma(2,full_range=False,matrix=bt709,upsample=bilinear)",max/saturated,4,0,0.00188042,0.00188042,0.00256598,"RS(155,125)",1,1.3152,"RS(155,149)",0.96129,1,6536,1.56864,1.64712
8,10,chroma_bt709_nearest,chroma,2,"chroma(2,full_range=False,matrix=bt709,upsample=nearest)",luma/mean,4,0,0.0616713,0.0616713,0.0817449,"RS(155,125)",0,0,"RS(155,115)",0.741935,1,5040,1.2096,1.64712
8,10,chroma_bt709_nearest,chroma,2,"chroma(2,full_range=False,matrix=bt709,upsample=nearest)",luma/saturated,4,0,0,0,0,"RS(155,125)",1,1.3152,"RS(155,154)",0.993548,1,6756,1.62144,1.64712
8,10,chroma_bt709_nearest,chroma,2,"chroma(2,full_range=False,matrix=bt709,upsample=nearest)",max/mean,4,0,0.0616713,0.0616713,0.0817449,"RS(155,125)",0,0,"RS(155,115)",0.741935,1,5040,1.2096,1.64712
8,10,chroma_bt709_nearest,chroma,2,"chroma(2,full_range=False,matrix=bt709,upsample=nearest)",max/saturated,4,0,0,0,0,"RS(155,125)",1,1.3152,"RS(155,154)",0.993548,1,6756,1.62144,1.64712
8,10,chroma_nearest,chroma,1,"chroma(1,full_range=False,matrix=bt601,upsample=nearest)",luma/mean,4,0,0,0,0,"RS(155,125)",1,1.3152,"RS(155,154)",0.993548,1,6756,1.62144,1.64712
8,10,chroma_nearest,chroma,1,"chroma(1,full_range=False,matrix=bt601,upsample=nearest)",luma/saturated,4,0,0,0,0,"RS(155,125)",1,1.3152,"RS(155,154)",0.993548,1,6756,1.62144,1.64712
8,10,chroma_nearest,chroma,1,"chroma(1,full_range=False,matrix=bt601,upsample=nearest)",max/mean,4,0,0,0,0,"RS(155,125)",1,1.3152,"RS(155,154)",0.993548,1,6756,1.62144,1.64712
8,10,chroma_nearest,chroma,1,"chroma(1,full_range=False,matrix=bt601,upsample=nearest)",max/saturated,4,0,0,0,0,"RS(155,125)",1,1.3152,"RS(155,154)",0.993548,1,6756,1.62144,1.64712
8,10,chroma_nearest,chroma,1.5,"chroma(1.5,full_range=False,matrix=bt601,upsample=nearest)",luma/mean,4,0,0.0607789,0.0607789,0.0757331,"RS(155,125)",0,0,"RS(255,199)",0.780392,1,5154,1.23696,1.64712
8,10,chroma_nearest,chroma,1.5,"chroma(1.5,full_range=False,matrix=bt601,upsample=nearest)",luma/saturated,4,0,0,0,0,"RS(155,125)",1,1.3152,"RS(155,154)",0.993548,1,6756,1.62144,1.64712
8,10,chroma_nearest,chroma,1.5,"chroma(1.5,full_range=False,matrix=bt601,upsample=nearest)",max/mean,4,0,0.0607789,0.0607789,0.0757331,"RS(155,125)",0,0,"RS(255,199)",0.780392,1,5154,1.23696,1.64712
8,10,chroma_nearest,chroma,1.5,"chroma(1.5,full_range=False,matrix=bt601,upsample=nearest)",max/saturated,4,0,0,0,0,"RS(155,125)",1,1.3152,"RS(155,154)",0.993548,1,6756,1.62144,1.64712
8,10,chroma_nearest,chroma,2,"chroma(2,full_range=False,matrix=bt601,upsample=nearest)",luma/mean,4,0,0.03372,0.03372,0.0454179,"RS(155,125)",1,1.3152,"RS(255,215)",0.843137,1,5570,1.3368,1.64712
8,10,chroma_nearest,chroma,2,"chroma(2,full_range=False,matrix=bt601,upsample=nearest)",luma/saturated,4,0,0,0,0,"RS(155,125)",1,1.3152,"RS(155,154)",0.993548,1,6756,1.62144,1.64712
8,10,chroma_nearest,chroma,2,"chroma(2,full_range=False,matrix=bt601,upsample=nearest)",max/mean,4,0,0.03372,0.03372,0.0454179,"RS(155,125)",1,1.3152,"RS(255,215)",0.843137,1,5570,1.3368,1.64712
8,10,chroma_nearest,chroma,2,"chroma(2,full_range=False,matrix=bt601,upsample=nearest)",max/saturated,4,0,0,0,0,"RS(155,125)",1,1.3152,"RS(155,154)",0.993548,1,6756,1.62144,1.64712
8,10,chroma_nearest,chroma,3,"chroma(3,full_range=False,matrix=bt601,upsample=nearest)",luma/mean,4,0,0.212965,0.212965,0.257808,"RS(155,125)",0,0,"RS(255,89)",0.34902,1,2294,0.55056,1.64712
8,10,chroma_nearest,chroma,3,"chroma(3,full_range=False,matrix=bt601,upsample=nearest)",luma/saturated,4,0,0.0105813,0.0105813,0.0131598,"RS(155,125)",1,1.3152,"RS(155,143)",0.922581,1,6272,1.50528,1.64712
8,10,chroma_nearest,chroma,3,"chroma(3,full_range=False,matrix=bt601,upsample=nearest)",max/mean,4,0,0.212965,0.212965,0.257808,"RS(155,125)",0,0,"RS(255,89)",0.34902,1,2294,0.55056,1.64712
8,10,chroma_nearest,chroma,3,"chroma(3,full_range=False,matrix=bt601,upsample=nearest)",max/saturated,4,0,0.0106132,0.0106132,0.0131965,"RS(155,125)",1,1.3152,"RS(155,143)",0.922581,1,6272,1.50528,1.64712
8,10,chroma_nearest,chroma,4,"chroma(4,full_range=False,matrix=bt601,upsample=nearest)",luma/mean,4,0,0.346252,0.346252,0.400147,"RS(155,125)",0,0,"RS(255,17)",0.0666667,1,422,0.10128,1.64712
8,10,chroma_nearest,chroma,4,"chroma(4,full_range=False,matrix=bt601,upsample=nearest)",luma/saturated,4,0,0.0563807,0.0563807,0.0716642,"RS(155,125)",0,0,"RS(255,195)",0.764706,1,5050,1.212,1.64712
8,10,chroma_nearest,chroma,4,"chroma(4,full_range=False,matrix=bt601,upsample=nearest)",max/mean,4,0,0.346156,0.346156,0.400037,"RS(155,125)",0,0,"RS(255,17)",0.0666667,1,422,0.10128,1.64712
8,10,chroma_nearest,chroma,4,"chroma(4,full_range=False,matrix=bt601,upsample=nearest)",max/saturated,4,0,0.0565082,0.0565082,0.0717375,"RS(155,125)",0,0,"RS(255,199)",0.780392,1,5154,1.23696,1.64712
8,10,clean,clean,0,clean,luma/mean,4,0,0,0,0,"RS(155,125)",1,1.3152,"RS(155,154)",0.993548,1,6756,1.62144,1.64712
8,10,clean,clean,0,clean,luma/saturated,4,0,0,0,0,"RS(155,125)",1,1.3152,"RS(155,154)",0.993548,1,6756,1.62144,1.64712
8,10,clean,clean,0,clean,max/mean,4,0,0,0,0,"RS(155,125)",1,1.3152,"RS(155,154)",0.993548,1,6756,1.62144,1.64712
8,10,clean,clean,0,clean,max/saturated,4,0,0,0,0,"RS(155,125)",1,1.3152,"RS(155,154)",0.993548,1,6756,1.62144,1.64712
8,10,noise,noise,10,noise(10),luma/mean,4,0,0,0,0,"RS(155,125)",1,1.3152,"RS(155,154)",0.993548,1,6756,1.62144,1.64712
8,10,noise,noise,10,noise(10),luma/saturated,4,0,0,0,0,"RS(155,125)",1,1.3152,"RS(155,154)",0.993548,1,6756,1.62144,1.64712
8,10,noise,noise,10,noise(10),max/mean,4,0,0,0,0,"RS(155,125)",1,1.3152,"RS(155,154)",0.993548,1,6756,1.62144,1.64712
8,10,noise,noise,10,noise(10),max/saturated,4,0,0,0,0,"RS(155,125)",1,1.3152,"RS(155,154)",0.993548,1,6756,1.62144,1.64712
8,10,noise,noise,20,noise(20),luma/mean,4,0,0,0,0,"RS(155,125)",1,1.3152,"RS(155,154)",0.993548,1,6756,1.62144,1.64712
8,10,noise,noise,20,noise(20),luma/saturated,4,0,0,0,0,"RS(155,125)",1,1.3152,"RS(155,154)",0.993548,1,6756,1.62144,1.64712
8,10,noise,noise,20,noise(20),max/mean,4,0,0,0,0,"RS(155,125)",1,1.3152,"RS(155,154)",0.993548,1,6756,1.62144,1.64712
8,10,noise,noise,20,noise(20),max/saturated,4,0,0,0,0,"RS(155,125)",1,1.3152,"RS(155,154)",0.993548,1,6756,1.62144,1.64712
8,10,noise,noise,40,noise(40),luma/mean,4,0,0,0,0,"RS(155,125)",1,1.3152,"RS(155,154)",0.993548,1,6756,1.62144,1.64712
8,10,noise,noise,40,noise(40),luma/saturated,4,0,0,0,0,"RS(155,125)",1,1.3152,"RS(155,154)",0.993548,1,6756,1.62144,1.64712
8,10,noise,noise,40,noise(40),max/mean,4,0,0,0,0,"RS(155,125)",1,1.3152,"RS(155,154)",0.993548,1,6756,1.62144,1.64712
8,10,noise,noise,40,noise(40),max/saturated,4,0,0,0,0,"RS(155,125)",1,1.3152,"RS(155,154)",0.993548,1,6756,1.62144,1.64712
8,10,noise,noise,60,noise(60),luma/mean,4,0,0,0,0,"RS(155,125)",1,1.3152,"RS(155,154)",0.993548,1,6756,1.62144,1.64712
8,10,noise,noise,60,noise(60),luma/saturated,4,0,0.000733044,0.000733044,0.000916422,"RS(155,125)",1,1.3152,"RS(155,151)",0.974194,1,6624,1.58976,1.64712
8,10,noise,noise,60,noise(60),max/mean,4,0,0,0,0,"RS(155,125)",1,1.3152,"RS(155,154)",0.993548,1,6756,1.62144,1.64712
8,10,noise,noise,60,noise(60),max/saturated,4,0,0.000764916,0.000764916,0.000953079,"RS(155,125)",1,1.3152,"RS(155,151)",0.974194,1,6624,1.58976,1.64712
8,10,noise,noise,80,noise(80),luma/mean,4,0,0.000733044,0.000733044,0.000989736,"RS(155,125)",1,1.3152,"RS(155,151)",0.974194,1,6624,1.58976,1.64712
8,10,noise,noise,80,noise(80),luma/saturated,4,0,0.0186767,0.0186767,0.0226906,"RS(155,125)",1,1.3152,"RS(255,231)",0.905882,1,5986,1.43664,1.64712
8,10,noise,noise,80,noise(80),max/mean,4,0,0.000191229,0.000191229,0.000256598,"RS(155,125)",1,1.3152,"RS(155,151)",0.974194,1,6624,1.58976,1.64712
8,10,noise,noise,80,noise(80),max/saturated,4,0,0.0167963,0.0167963,0.0207845,"RS(155,125)",1,1.3152,"RS(155,141)",0.909677,1,6184,1.48416,1.64712
8,10,perspective,perspective,0.05,perspective(0.05),luma/mean,4,0,0,0,0,"RS(155,125)",1,1.3152,"RS(155,154)",0.993548,1,6756,1.62144,1.64712
8,10,perspective,perspective,0.05,perspective(0.05),luma/saturated,4,0,0,0,0,"RS(155,125)",1,1.3152,"RS(155,154)",0.993548,1,6756,1.62144,1.64712
8,10,perspective,perspective,0.05,perspective(0.05),max/mean,4,0,0,0,0,"RS(155,125)",1,1.3152,"RS(155,154)",0.993548,1,6756,1.62144,1.64712
8,10,perspective,perspective,0.05,perspective(0.05),max/saturated,4,0,0,0,0,"RS(155,125)",1,1.3152,"RS(155,154)",0.993548,1,6756,1.62144,1.64712
8,10,perspective,perspective,0.1,perspective(0.1),luma/mean,4,0,0,0,0,"RS(155,125)",1,1.3152,"RS(155,154)",0.993548,1,6756,1.62144,1.64712
8,10,perspective,perspective,0.1,perspective(0.1),luma/saturated,4,0,0,0,0,"RS(155,125)",1,1.3152,"RS(155,154)",0.993548,1,6756,1.62144,1.64712
8,10,perspective,perspective,0.1,perspective(0.1),max/mean,4,0,0,0,0,"RS(155,125)",1,1.3152,"RS(155,154)",0.993548,1,6756,1.62144,1.64712
8,10,perspective,perspective,0.1,perspective(0.1),max/saturated,4,0,0,0,0,"RS(155,125)",1,1.3152,"RS(155,154)",0.993548,1,6756,1.62144,1.64712
8,10,perspective,perspective,0.15,perspective(0.15),luma/mean,4,0,0,0,0,"RS(155,125)",1,1.3152,"RS(155,154)",0.993548,1,6756,1.62144,1.64712
8,10,perspective,perspective,0.15,perspective(0.15),luma/saturated,4,0,0,0,0,"RS(155,125)",1,1.3152,"RS(155,154)",0.993548,1,6756,1.62144,1.64712
8,10,perspective,perspective,0.15,perspective(0.15),max/mean,4,0,0,0,0,"RS(155,125)",1,1.3152,"RS(155,154)",0.993548,1,6756,1.62144,1.64712
8,10,perspective,perspective,0.15,perspective(0.15),max/saturated,4,0,0,0,0,"RS(155,125)",1,1.3152,"RS(155,154)",0.993548,1,6756,1.62144,1.64712
8,10,perspective,perspective,0.2,perspective(0.2),luma/mean,4,0,0,0,0,"RS(155,125)",1,1.3152,"RS(155,154)",0.993548,1,6756,1.62144,1.64712
8,10,perspective,perspective,0.2,perspective(0.2),luma/saturated,4,0,0,0,0,"RS(155,125)",1,1.3152,"RS(155,154)",0.993548,1,6756,1.62144,1.64712
8,10,perspective,perspective,0.2,perspective(0.2),max/mean,4,0,0,0,0,"RS(155,125)",1,1.3152,"RS(155,154)",0.993548,1,6756,1.62144,1.64712
8,10,perspective,perspective,0.2,perspective(0.2),max/saturated,4,0,0,0,0,"RS(155,125)",1,1.3152,"RS(155,154)",0.993548,1,6756,1.62144,1.64712
8,10,perspective,perspective,0.3,perspective(0.3),luma/mean,4,0.000924273,0,0.000924273,0.00120968,"RS(155,125)",1,1.3152,"RS(155,149)",0.96129,1,6536,1.56864,1.64712
8,10,perspective,perspective,0.3,perspective(0.3),luma/saturated,4,0.000924273,0,0.000924273,0.00120968,"RS(155,125)",1,1.3152,"RS(155,149)",0.96129,1,6536,1.56864,1.64712
8,10,perspective,perspective,0.3,perspective(0.3),max/mean,4,0.00086053,0,0.00086053,0.00113636,"RS(155,125)",1,1.3152,"RS(155,149)",0.96129,1,6536,1.56864,1.64712
8,10,perspective,perspective,0.3,perspective(0.3),max/saturated,4,0.00086053,0,0.00086053,0.00113636,"RS(155,125)",1,1.3152,"RS(155,149)",0.96129,1,6536,1.56864,1.64712
8,10,white_balance,white_balance,0.5,white_balance(0.5),luma/mean,4,0,0,0,0,"RS(155,125)",1,1.3152,"RS(155,154)",0.993548,1,6756,1.62144,1.64712
8,10,white_balance,white_balance,0.5,white_balance(0.5),luma/saturated,4,0,0,0,0,"RS(155,125)",1,1.3152,"RS(155,154)",0.993548,1,6756,1.62144,1.64712
8,10,white_balance,white_balance,0.5,white_balance(0.5),max/mean,4,0,0,0,0,"RS(155,125)",1,1.3152,"RS(155,154)",0.993548,1,6756,1.62144,1.64712
8,10,white_balance,white_balance,0.5,white_balance(0.5),max/saturated,4,0,0,0,0,"RS(155,125)",1,1.3152,"RS(155,154)",0.993548,1,6756,1.62144,1.64712
8,10,white_balance,white_balance,1,white_balance(1),luma/mean,4,0,0,0,0,"RS(155,125)",1,1.3152,"RS(155,154)",0.993548,1,6756,1.62144,1.64712
8,10,white_balance,white_balance,1,white_balance(1),luma/saturated,4,0,0,0,0,"RS(155,125)",1,1.3152,"RS(155,154)",0.993548,1,6756,1.62144,1.64712
8,10,white_balance,white_balance,1,white_balance(1),max/mean,4,0,0,0,0,"RS(155,125)",1,1.3152,"RS(155,154)",0.993548,1,6756,1.62144,1.64712
8,10,white_balance,white_balance,1,white_balance(1),max/saturated,4,0,0,0,0,"RS(155,125)",1,1.3152,"RS(155,154)",0.993548,1,6756,1.62144,1.64712
8,10,white_balance,white_balance,2,white_balance(2),luma/mean,4,0,0,0,0,"RS(155,125)",1,1.3152,"RS(155,154)",0.993548,1,6756,1.62144,1.64712
8,10,white_balance,white_balance,2,white_balance(2),luma/saturated,4,0,0,0,0,"RS(155,125)",1,1.3152,"RS(155,154)",0.993548,1,6756,1.62144,1.64712
8,10,white_balance,white_balance,2,white_balance(2),max/mean,4,0,0,0,0,"RS(155,125)",1,1.3152,"RS(155,154)",0.993548,1,6756,1.62144,1.64712
8,10,white_balance,white_balance,2,white_balance(2),max/saturated,4,0,0,0,0,"RS(155,125)",1,1.3152,"RS(155,154)",0.993548,1,6756,1.62144,1.64712
8,10,white_balance,white_balance,3,white_balance(3),luma/mean,4,0,0,0,0,"RS(155,125)",1,1.3152,"RS(155,154)",0.993548,1,6756,1.62144,1.64712
8,10,white_balance,white_balance,3,white_balance(3),luma/saturated,4,0,0,0,0,"RS(155,125)",1,1.3152,"RS(155,154)",0.993548,1,6756,1.62144,1.64712
8,10,white_balance,white_balance,3,white_balance(3),max/mean,4,0,0,0,0,"RS(155,125)",1,1.3152,"RS(155,154)",0.993548,1,6756,1.62144,1.64712
8,10,white_balance,white_balance,3,white_balance(3),max/saturated,4,0,0,0,0,"RS(155,125)",1,1.3152,"RS(155,154)",0.993548,1,6756,1.62144,1.64712
8,10,white_balance,white_balance,4,white_balance(4),luma/mean,4,0,0,0,0,"RS(155,125)",1,1.3152,"RS(155,154)",0.993548,1,6756,1.62144,1.64712
8,10,white_balance,white_balance,4,white_balance(4),luma/saturated,4,0,0,0,0,"RS(155,125)",1,1.3152,"RS(155,154)",0.993548,1,6756,1.62144,1.64712
8,10,white_balance,white_balance,4,white_balance(4),max/mean,4,0,0,0,0,"RS(155,125)",1,1.3152,"RS(155,154)",0.993548,1,6756,1.62144,1.64712
8,10,white_balance,white_balance,4,white_balance(4),max/saturated,4,0,0,0,0,"RS(155,125)",1,1.3152,"RS(155,154)",0.993548,1,6756,1.62144,1.64712
16,4,blur,blur,0.5,blur(0.5),luma/mean,4,0,0,0,0,"RS(155,125)",1,7.3452,"RS(255,254)",0.996078,1,37826,9.07824,9.13152
16,4,blur,blur,0.5,blur(0.5),luma/saturated,4,0,0,0,0,"RS(155,125)",1,7.3452,"RS(255,254)",0.996078,1,37826,9.07824,9.13152
16,4,blur,blur,0.5,blur(0.5),max/mean,4,0,0,0,0,"RS(155,125)",1,7.3452,"RS(255,254)",0.996078,1,37826,9.07824,9.13152
16,4,blur,blur,0.5,blur(0.5),max/saturated,4,0,0,0,0,"RS(155,125)",1,7.3452,"RS(255,254)",0.996078,1,37826,9.07824,9.13152
16,4,blur,blur,0.75,blur(0.75),luma/mean,4,0,0,0,0,"RS(155,125)",1,7.3452,"RS(255,254)",0.996078,1,37826,9.07824,9.13152
16,4,blur,blur,0.75,blur(0.75),luma/saturated,4,0,0,0,0,"RS(155,125)",1,7.3452,"RS(255,254)",0.996078,1,37826,9.07824,9.13152
16,4,blur,blur,0.75,blur(0.75),max/mean,4,0,0,0,0,"RS(155,125)",1,7.3452,"RS(255,254)",0.996078,1,37826,9.07824,9.13152
16,4,blur,blur,0.75,blur(0.75),max/saturated,4,0,0,0,0,"RS(155,125)",1,7.3452,"RS(255,254)",0.996078,1,37826,9.07824,9.13152
16,4,blur,blur,1,blur(1),luma/mean,4,0.173406,0,0.173406,0.173469,"RS(155,125)",0,0,"RS(255,127)",0.498039,1,18903,4.53672,9.13152
16,4,blur,blur,1,blur(1),luma/saturated,4,0.173406,0,0.173406,0.173469,"RS(155,125)",0,0,"RS(255,127)",0.498039,1,18903,4.53672,9.13152
16,4,blur,blur,1,blur(1),max/mean,4,0.205155,0,0.205155,0.205188,"RS(155,125)",0,0,"RS(255,107)",0.419608,1,15923,3.82152,9.13152
16,4,blur,blur,1,blur(1),max/saturated,4,0.205155,0,0.205155,0.205188,"RS(155,125)",0,0,"RS(255,107)",0.419608,1,15923,3.82152,9.13152
16,4,blur,blur,1.25,blur(1.25),luma/mean,4,0.4448,0.000571646,0.444938,0.445063,"RS(155,125)",0,0,"RS(255,254)",0.996078,0,37826,0,9.13152
16,4,blur,blur,1.25,blur(1.25),luma/saturated,4,0.4448,0.000565076,0.444931,0.445056,"RS(155,125)",0,0,"RS(255,254)",0.996078,0,37826,0,9.13152
16,4,blur,blur,1.25,blur(1.25),max/mean,4,0.484809,1.97119e-05,0.484822,0.484872,"RS(155,125)",0,0,"RS(255,254)",0.996078,0,37826,0,9.13152
16,4,blur,blur,1.25,blur(1.25),max/saturated,4,0.484809,0.00122214,0.485137,0.485188,"RS(155,125)",0,0,"RS(255,254)",0.996078,0,37826,0,9.13152
16,4,blur,blur,1.5,blur(1.5),luma/mean,4,0.546448,0.0603054,0.565135,0.565286,"RS(155,125)",0,0,"RS(255,254)",0.996078,0,37826,0,9.13152
16,4,blur,blur,1.5,blur(1.5),luma/saturated,4,0.546448,0.0172808,0.551507,0.551666,"RS(155,125)",0,0,"RS(255,254)",0.996078,0,37826,0,9.13152
16,4,blur,blur,1.5,blur(1.5),max/mean,4,0.589078,0.0145737,0.593619,0.59368,"RS(155,125)",0,0,"RS(255,254)",0.996078,0,37826,0,9.13152
16,4,blur,blur,1.5,blur(1.5),max/saturated,4,0.589078,0.0204938,0.595426,0.595497,"RS(155,125)",0,0,"RS(255,254)",0.996078,0,37826,0,9.13152
16,4,blur,blur,2,blur(2),luma/mean,4,0.676987,0.480794,0.810207,0.810072,"RS(155,125)",0,0,"RS(255,254)",0.996078,0,37826,0,9.13152
16,4,blur,blur,2,blur(2),luma/saturated,4,0.676987,0.32369,0.766604,0.766458,"RS(155,125)",0,0,"RS(255,254)",0.996078,0,37826,0,9.13152
16,4,blur,blur,2,blur(2),max/mean,4,0.686758,0.382996,0.791494,0.791435,"RS(155,125)",0,0,"RS(255,254)",0.996078,0,37826,0,9.13152
16,4,blur,blur,2,blur(2),max/saturated,4,0.686758,0.288425,0.76575,0.765727,"RS(155,125)",0,0,"RS(255,254)",0.996078,0,37826,0,9.13152
16,4,chroma_bilinear,chroma,1,"chroma(1,full_range=False,matrix=bt601,upsample=bilinear)",luma/mean,4,0,0,0,0,"RS(155,125)",1,7.3452,"RS(255,254)",0.996078,1,37826,9.07824,9.13152
16,4,chroma_bilinear,chroma,1,"chroma(1,full_range=False,matrix=bt601,upsample=bilinear)",luma/saturated,4,0,0,0,0,"RS(155,125)",1,7.3452,"RS(255,254)",0.996078,1,37826,9.07824,9.13152
16,4,chroma_bilinear,chroma,1,"chroma(1,full_range=False,matrix=bt601,upsample=bilinear)",max/mean,4,0,0,0,0,"RS(155,125)",1,7.3452,"RS(255,254)",0.996078,1,37826,9.07824,9.13152
16,4,chroma_bilinear,chroma,1,"chroma(1,full_range=False,matrix=bt601,upsample=bilinear)",max/saturated,4,0,0,0,0,"RS(155,125)",1,7.3452,"RS(255,254)",0.996078,1,37826,9.07824,9.13152
16,4,chroma_bilinear,chroma,1.5,"chroma(1.5,full_range=False,matrix=bt601,upsample=bilinear)",luma/mean,4,0,0.566712,0.566712,0.566695,"RS(155,125)",0,0,"RS(255,254)",0.996078,0,37826,0,9.13152
16,4,chroma_bilinear,chroma,1.5,"chroma(1.5,full_range=False,matrix=bt601,upsample=bilinear)",luma/saturated,4,0,0.26073,0.26073,0.260625,"RS(155,125)",0,0,"RS(255,85)",0.333333,1,12645,3.0348,9.13152
16,4,chroma_bilinear,chroma,1.5,"chroma(1.5,full_range=False,matrix=bt601,upsample=bilinear)",max/mean,4,0,0.566712,0.566712,0.566695,"RS(155,125)",0,0,"RS(255,254)",0.996078,0,37826,0,9.13152
16,4,chroma_bilinear,chroma,1.5,"chroma(1.5,full_range=False,matrix=bt601,upsample=bilinear)",max/saturated,4,0,0.260684,0.260684,0.260579,"RS(155,125)",0,0,"RS(255,85)",0.333333,1,12645,3.0348,9.13152
16,4,chroma_bilinear,chroma,2,"chroma(2,full_range=False,matrix=bt601,upsample=bilinear)",luma/mean,4,0,0.775573,0.775573,0.775602,"RS(155,125)",0,0,"RS(255,254)",0.996078,0,37826,0,9.13152
16,4,chroma_bilinear,chroma,2,"chroma(2,full_range=False,matrix=bt601,upsample=bilinear)",luma/saturated,4,0,0.50362,0.50362,0.503667,"RS(155,125)",0,0,"RS(255,254)",0.996078,0,37826,0,9.13152
16,4,chroma_bilinear,chroma,2,"chroma(2,full_range=False,matrix=bt601,upsample=bilinear)",max/mean,4,0,0.775573,0.775573,0.775602,"RS(155,125)",0,0,"RS(255,254)",0.996078,0,37826,0,9.13152
16,4,chroma_bilinear,chroma,2,"chroma(2,full_range=False,matrix=bt601,upsample=bilinear)",max/saturated,4,0,0.503515,0.503515,0.503562,"RS(155,125)",0,0,"RS(255,254)",0.996078,0,37826,0,9.13152
16,4,chroma_bilinear,chroma,3,"chroma(3,full_range=False,matrix=bt601,upsample=bilinear)",luma/mean,4,0,0.925397,0.925397,0.925365,"RS(155,125)",0,0,"RS(255,254)",0.996078,0,37826,0,9.13152
16,4,chroma_bilinear,chroma,3,"chroma(3,full_range=False,matrix=bt601,upsample=bilinear)",luma/saturated,4,0,0.849072,0.849072,0.849144,"RS(155,125)",0,0,"RS(255,254)",0.996078,0,37826,0,9.13152
16,4,chroma_bilinear,chroma,3,"chroma(3,full_range=False,matrix=bt601,upsample=bilinear)",max/mean,4,0,0.925397,0.925397,0.925365,"RS(155,125)",0,0,"RS(255,254)",0.996078,0,37826,0,9.13152
16,4,chroma_bilinear,chroma,3,"chroma(3,full_range=False,matrix=bt601,upsample=bilinear)",max/saturated,4,0,0.848908,0.848908,0.84898,"RS(155,125)",0,0,"RS(255,254)",0.996078,0,37826,0,9.13152
16,4,chroma_bilinear,chroma,4,"chroma(4,full_range=False,matrix=bt601,upsample=bilinear)",luma/mean,4,0,0.93501,0.93501,0.93497,"RS(155,125)",0,0,"RS(255,254)",0.996078,0,37826,0,9.13152
16,4,chroma_bilinear,chroma,4,"chroma(4,full_range=False,matrix=bt601,upsample=bilinear)",luma/saturated,4,0,0.908911,0.908911,0.908835,"RS(155,125)",0,0,"RS(255,254)",0.996078,0,37826,0,9.13152
16,4,chroma_bilinear,chroma,4,"chroma(4,full_range=False,matrix=bt601,upsample=bilinear)",max/mean,4,0,0.93501,0.93501,0.93497,"RS(155,125)",0,0,"RS(255,254)",0.996078,0,37826,0,9.13152
16,4,chroma_bilinear,chroma,4,"chroma(4,full_range=False,matrix=bt601,upsample=bilinear)",max/saturated,4,0,0.908859,0.908859,0.908782,"RS(155,125)",0,0,"RS(255,254)",0.996078,0,37826,0,9.13152
16,4,chroma_bt709_bilinear,chroma,2,"chroma(2,full_range=False,matrix=bt709,upsample=bilinear)",luma/mean,4,0,0.744822,0.744822,0.744924,"RS(155,125)",0,0,"RS(255,254)",0.996078,0,37826,0,9.13152
16,4,chroma_bt709_bilinear,chroma,2,"chroma(2,full_range=False,matrix=bt709,upsample=bilinear)",luma/saturated,4,0,0.496248,0.496248,0.49628,"RS(155,125)",0,0,"RS(255,254)",0.996078,0,37826,0,9.13152
16,4,chroma_bt709_bilinear,chroma,2,"chroma(2,full_range=False,matrix=bt709,upsample=bilinear)",max/mean,4,0,0.740965,0.740965,0.741066,"RS(155,125)",0,0,"RS(255,254)",0.996078,0,37826,0,9.13152
16,4,chroma_bt709_bilinear,chroma,2,"chroma(2,full_range=False,matrix=bt709,upsample=bilinear)",max/saturated,4,0,0.495939,0.495939,0.495971,"RS(155,125)",0,0,"RS(255,254)",0.996078,0,37826,0,9.13152
16,4,chroma_bt709_nearest,chroma,2,"chroma(2,full_range=False,matrix=bt709,upsample=nearest)",luma/mean,4,0,0.497963,0.497963,0.498078,"RS(155,125)",0,0,"RS(255,254)",0.996078,0,37826,0,9.13152
16,4,chroma_bt709_nearest,chroma,2,"chroma(2,full_range=False,matrix=bt709,upsample=nearest)",luma/saturated,4,0,0.170581,0.170581,0.170566,"RS(155,125)",0,0,"RS(255,137)",0.537255,1,20393,4.89432,9.13152
16,4,chroma_bt709_nearest,chroma,2,"chroma(2,full_range=False,matrix=bt709,upsample=nearest)",max/mean,4,0,0.497037,0.497037,0.497149,"RS(155,125)",0,0,"RS(255,254)",0.996078,0,37826,0,9.13152
16,4,chroma_bt709_nearest,chroma,2,"chroma(2,full_range=False,matrix=bt709,upsample=nearest)",max/saturated,4,0,0.170581,0.170581,0.170566,"RS(155,125)",0,0,"RS(255,137)",0.537255,1,20393,4.89432,9.13152
16,4,chroma_nearest,chroma,1,"chroma(1,full_range=False,matrix=bt601,upsample=nearest)",luma/mean,4,0,0,0,0,"RS(155,125)",1,7.3452,"RS(255,254)",0.996078,1,37826,9.07824,9.13152
16,4,chroma_nearest,chroma,1,"chroma(1,full_range=False,matrix=bt601,upsample=nearest)",luma/saturated,4,0,0,0,0,"RS(155,125)",1,7.3452,"RS(255,254)",0.996078,1,37826,9.07824,9.13152
16,4,chroma_nearest,chroma,1,"chroma(1,full_range=False,matrix=bt601,upsample=nearest)",max/mean,4,0,0,0,0,"RS(155,125)",1,7.3452,"RS(255,254)",0.996078,1,37826,9.07824,9.13152
16,4,chroma_nearest,chroma,1,"chroma(1,full_range=False,matrix=bt601,upsample=nearest)",max/saturated,4,0,0,0,0,"RS(155,125)",1,7.3452,"RS(255,254)",0.996078,1,37826,9.07824,9.13152
16,4,chroma_nearest,chroma,1.5,"chroma(1.5,full_range=False,matrix=bt601,upsample=nearest)",luma/mean,4,0,0.615551,0.615551,0.615418,"RS(155,125)",0,0,"RS(255,254)",0.996078,0,37826,0,9.13152
16,4,chroma_nearest,chroma,1.5,"chroma(1.5,full_range=False,matrix=bt601,upsample=nearest)",luma/saturated,4,0,0.118502,0.118502,0.118334,"RS(155,125)",0,0,"RS(255,163)",0.639216,1,24267,5.82408,9.13152
16,4,chroma_nearest,chroma,1.5,"chroma(1.5,full_range=False,matrix=bt601,upsample=nearest)",max/mean,4,0.000663635,0.599236,0.599848,0.59971,"RS(155,125)",0,0,"RS(255,254)",0.996078,0,37826,0,9.13152
16,4,chroma_nearest,chroma,1.5,"chroma(1.5,full_range=False,matrix=bt601,upsample=nearest)",max/saturated,4,0.000663635,0.115703,0.116366,0.116221,"RS(155,125)",0,0,"RS(255,167)",0.654902,1,24863,5.96712,9.13152
16,4,chroma_nearest,chroma,2,"chroma(2,full_range=False,matrix=bt601,upsample=nearest)",luma/mean,4,0,0.484474,0.484474,0.484536,"RS(155,125)",0,0,"RS(255,254)",0.996078,0,37826,0,9.13152
16,4,chroma_nearest,chroma,2,"chroma(2,full_range=False,matrix=bt601,upsample=nearest)",luma/saturated,4,0,0.218796,0.218796,0.218822,"RS(155,125)",0,0,"RS(255,111)",0.435294,1,16519,3.96456,9.13152
16,4,chroma_nearest,chroma,2,"chroma(2,full_range=False,matrix=bt601,upsample=nearest)",max/mean,4,0,0.484474,0.484474,0.484536,"RS(155,125)",0,0,"RS(255,254)",0.996078,0,37826,0,9.13152
16,4,chroma_nearest,chroma,2,"chroma(2,full_range=False,matrix=bt601,upsample=nearest)",max/saturated,4,0,0.218796,0.218796,0.218822,"RS(155,125)",0,0,"RS(255,111)",0.435294,1,16519,3.96456,9.13152
16,4,chroma_nearest,chroma,3,"chroma(3,full_range=False,matrix=bt601,upsample=nearest)",luma/mean,4,0,0.888378,0.888378,0.888394,"RS(155,125)",0,0,"RS(255,254)",0.996078,0,37826,0,9.13152
16,4,chroma_nearest,chroma,3,"chroma(3,full_range=False,matrix=bt601,upsample=nearest)",luma/saturated,4,0,0.73998,0.73998,0.739954,"RS(155,125)",0,0,"RS(255,254)",0.996078,0,37826,0,9.13152
16,4,chroma_nearest,chroma,3,"chroma(3,full_range=False,matrix=bt601,upsample=nearest)",max/mean,4,0.000183978,0.887465,0.887635,0.88765,"RS(155,125)",0,0,"RS(255,254)",0.996078,0,37826,0,9.13152
16,4,chroma_nearest,chroma,3,"chroma(3,full_range=False,matrix=bt601,upsample=nearest)",max/saturated,4,0.000183978,0.73973,0.739914,0.739888,"RS(155,125)",0,0,"RS(255,254)",0.996078,0,37826,0,9.13152
16,4,chroma_nearest,chroma,4,"chroma(4,full_range=False,matrix=bt601,upsample=nearest)",luma/mean,4,0,0.886282,0.886282,0.886155,"RS(155,125)",0,0,"RS(255,254)",0.996078,0,37826,0,9.13152
16,4,chroma_nearest,chroma,4,"chroma(4,full_range=False,matrix=bt601,upsample=nearest)",luma/saturated,4,0,0.844847,0.844847,0.844668,"RS(155,125)",0,0,"RS(255,254)",0.996078,0,37826,0,9.13152
16,4,chroma_nearest,chroma,4,"chroma(4,full_range=False,matrix=bt601,upsample=nearest)",max/mean,4,0,0.886275,0.886275,0.886149,"RS(155,125)",0,0,"RS(255,254)",0.996078,0,37826,0,9.13152
16,4,chroma_nearest,chroma,4,"chroma(4,full_range=False,matrix=bt601,upsample=nearest)",max/saturated,4,0,0.844354,0.844354,0.844174,"RS(155,125)",0,0,"RS(255,254)",0.996078,0,37826,0,9.13152
16,4,clean,clean,0,clean,luma/mean,4,0,0,0,0,"RS(155,125)",1,7.3452,"RS(255,254)",0.996078,1,37826,9.07824,9.13152
16,4,clean,clean,0,clean,luma/saturated,4,0,0,0,0,"RS(155,125)",1,7.3452,"RS(255,254)",0.996078,1,37826,9.07824,9.13152
16,4,clean,clean,0,clean,max/mean,4,0,0,0,0,"RS(155,125)",1,7.3452,"RS(255,254)",0.996078,1,37826,9.07824,9.13152
16,4,clean,clean,0,clean,max/saturated,4,0,0,0,0,"RS(155,125)",1,7.3452,"RS(255,254)",0.996078,1,37826,9.07824,9.13152
16,4,noise,noise,10,noise(10),luma/mean,4,0,0,0,0,"RS(155,125)",1,7.3452,"RS(255,254)",0.996078,1,37826,9.07824,9.13152
16,4,noise,noise,10,noise(10),luma/saturated,4,0,0,0,0,"RS(155,125)",1,7.3452,"RS(255,254)",0.996078,1,37826,9.07824,9.13152
16,4,noise,noise,10,noise(10),max/mean,4,0,0,0,0,"RS(155,125)",1,7.3452,"RS(255,254)",0.996078,1,37826,9.07824,9.13152
16,4,noise,noise,10,noise(10),max/saturated,4,0,0,0,0,"RS(155,125)",1,7.3452,"RS(255,254)",0.996078,1,37826,9.07824,9.13152
16,4,noise,noise,20,noise(20),luma/mean,4,0,0,0,0,"RS(155,125)",1,7.3452,"RS(255,254)",0.996078,1,37826,9.07824,9.13152
16,4,noise,noise,20,noise(20),luma/saturated,4,0,3.94239e-05,3.94239e-05,3.94997e-05,"RS(155,125)",1,7.3452,"RS(255,253)",0.992157,1,37677,9.04248,9.13152
16,4,noise,noise,20,noise(20),max/mean,4,0,0,0,0,"RS(155,125)",1,7.3452,"RS(255,254)",0.996078,1,37826,9.07824,9.13152
16,4,noise,noise,20,noise(20),max/saturated,4,0,4.59945e-05,4.59945e-05,4.60829e-05,"RS(155,125)",1,7.3452,"RS(255,253)",0.992157,1,37677,9.04248,9.13152
16,4,noise,noise,40,noise(40),luma/mean,4,0,0.0006045,0.0006045,0.000605662,"RS(155,125)",1,7.3452,"RS(255,251)",0.984314,1,37379,8.97096,9.13152
16,4,noise,noise,40,noise(40),luma/saturated,4,0,0.0869888,0.0869888,0.0869585,"RS(155,125)",0,0,"RS(255,179)",0.701961,1,26651,6.39624,9.13152
16,4,noise,noise,40,noise(40),max/mean,4,0,0.000499369,0.000499369,0.000500329,"RS(155,125)",1,7.3452,"RS(255,251)",0.984314,1,37379,8.97096,9.13152
16,4,noise,noise,40,noise(40),max/saturated,4,0,0.0837298,0.0837298,0.0837064,"RS(155,125)",0,0,"RS(255,181)",0.709804,1,26949,6.46776,9.13152
16,4,noise,noise,60,noise(60),luma/mean,4,7.88478e-05,0.0403175,0.0403635,0.0403884,"RS(155,125)",0.75,5.5089,"RS(255,215)",0.843137,1,32015,7.6836,9.13152
16,4,noise,noise,60,noise(60),luma/saturated,4,7.88478e-05,0.297026,0.297105,0.297176,"RS(155,125)",0,0,"RS(255,57)",0.223529,1,8473,2.03352,9.13152
16,4,noise,noise,60,noise(60),max/mean,4,0,0.0278858,0.0278858,0.0279065,"RS(155,125)",1,7.3452,"RS(255,223)",0.87451,1,33207,7.96968,9.13152
16,4,noise,noise,60,noise(60),max/saturated,4,0,0.288787,0.288787,0.288841,"RS(155,125)",0,0,"RS(255,57)",0.223529,1,8473,2.03352,9.13152
16,4,noise,noise,80,noise(80),luma/mean,4,0.00310135,0.206726,0.207416,0.2074,"RS(155,125)",0,0,"RS(255,101)",0.396078,1,15029,3.60696,9.13152
16,4,noise,noise,80,noise(80),luma/saturated,4,0.00310135,0.455234,0.457396,0.457406,"RS(155,125)",0,0,"RS(255,254)",0.996078,0,37826,0,9.13152
16,4,noise,noise,80,noise(80),max/mean,4,0.000197119,0.161086,0.161152,0.161099,"RS(155,125)",0,0,"RS(255,139)",0.545098,1,20691,4.96584,9.13152
16,4,noise,noise,80,noise(80),max/saturated,4,0.000197119,0.451403,0.451515,0.45156,"RS(155,125)",0,0,"RS(255,254)",0.996078,0,37826,0,9.13152
16,4,perspective,perspective,0.05,perspective(0.05),luma/mean,4,0.00295679,0,0.00295679,0.00296248,"RS(155,125)",1,7.3452,"RS(155,149)",0.96129,1,36485,8.7564,9.13152
16,4,perspective,perspective,0.05,perspective(0.05),luma/saturated,4,0.00295679,0,0.00295679,0.00296248,"RS(155,125)",1,7.3452,"RS(155,149)",0.96129,1,36485,8.7564,9.13152
16,4,perspective,perspective,0.05,perspective(0.05),max/mean,4,0.00295679,0,0.00295679,0.00296248,"RS(155,125)",1,7.3452,"RS(155,149)",0.96129,1,36485,8.7564,9.13152
16,4,perspective,perspective,0.05,perspective(0.05),max/saturated,4,0.00295679,0,0.00295679,0.00296248,"RS(155,125)",1,7.3452,"RS(155,149)",0.96129,1,36485,8.7564,9.13152
16,4,perspective,perspective,0.1,perspective(0.1),luma/mean,4,0.00980998,0,0.00980998,0.00982883,"RS(155,125)",1,7.3452,"RS(255,233)",0.913725,1,34697,8.32728,9.13152
16,4,perspective,perspective,0.1,perspective(0.1),luma/saturated,4,0.00980998,0,0.00980998,0.00982883,"RS(155,125)",1,7.3452,"RS(255,233)",0.913725,1,34697,8.32728,9.13152
16,4,perspective,perspective,0.1,perspective(0.1),max/mean,4,0.00977712,0,0.00977712,0.00979592,"RS(155,125)",1,7.3452,"RS(255,235)",0.921569,1,34995,8.3988,9.13152
16,4,perspective,perspective,0.1,perspective(0.1),max/saturated,4,0.00977712,0,0.00977712,0.00979592,"RS(155,125)",1,7.3452,"RS(255,235)",0.921569,1,34995,8.3988,9.13152
16,4,perspective,perspective,0.15,perspective(0.15),luma/mean,4,0.0228724,0,0.0228724,0.0228901,"RS(155,125)",1,7.3452,"RS(255,223)",0.87451,1,33207,7.96968,9.13152
16,4,perspective,perspective,0.15,perspective(0.15),luma/saturated,4,0.0228724,0,0.0228724,0.0228901,"RS(155,125)",1,7.3452,"RS(255,223)",0.87451,1,33207,7.96968,9.13152
16,4,perspective,perspective,0.15,perspective(0.15),max/mean,4,0.0228001,0,0.0228001,0.0228242,"RS(155,125)",1,7.3452,"RS(255,223)",0.87451,1,33207,7.96968,9.13152
16,4,perspective,perspective,0.15,perspective(0.15),max/saturated,4,0.0228001,0,0.0228001,0.0228242,"RS(155,125)",1,7.3452,"RS(255,223)",0.87451,1,33207,7.96968,9.13152
16,4,perspective,perspective,0.2,perspective(0.2),luma/mean,4,0.0626577,0,0.0626577,0.0626267,"RS(155,125)",0.25,1.8363,"RS(255,177)",0.694118,1,26353,6.32472,9.13152
16,4,perspective,perspective,0.2,perspective(0.2),luma/saturated,4,0.0626577,0,0.0626577,0.0626267,"RS(155,125)",0.25,1.8363,"RS(255,177)",0.694118,1,26353,6.32472,9.13152
16,4,perspective,perspective,0.2,perspective(0.2),max/mean,4,0.0628285,0,0.0628285,0.0627979,"RS(155,125)",0.25,1.8363,"RS(255,175)",0.686275,1,26055,6.2532,9.13152
16,4,perspective,perspective,0.2,perspective(0.2),max/saturated,4,0.0628285,0,0.0628285,0.0627979,"RS(155,125)",0.25,1.8363,"RS(255,175)",0.686275,1,26055,6.2532,9.13152
16,4,perspective,perspective,0.3,perspective(0.3),luma/mean,4,0.254632,0.00312106,0.255322,0.255398,"RS(155,125)",0,0,"RS(255,197)",0.772549,0.25,29333,1.75998,9.13152
16,4,perspective,perspective,0.3,perspective(0.3),luma/saturated,4,0.254632,0.0033576,0.255303,0.255379,"RS(155,125)",0,0,"RS(255,197)",0.772549,0.25,29333,1.75998,9.13152
16,4,perspective,perspective,0.3,perspective(0.3),max/mean,4,0.255427,0.00249028,0.255953,0.256024,"RS(155,125)",0,0,"RS(255,197)",0.772549,0.25,29333,1.75998,9.13152
16,4,perspective,perspective,0.3,perspective(0.3),max/saturated,4,0.255427,0.0038504,0.256308,0.256379,"RS(155,125)",0,0,"RS(255,197)",0.772549,0.25,29333,1.75998,9.13152
16,4,white_balance,white_balance,0.5,white_balance(0.5),luma/mean,4,0,0,0,0,"RS(155,125)",1,7.3452,"RS(255,254)",0.996078,1,37826,9.07824,9.13152
16,4,white_balance,white_balance,0.5,white_balance(0.5),luma/saturated,4,0,0,0,0,"RS(155,125)",1,7.3452,"RS(255,254)",0.996078,1,37826,9.07824,9.13152
16,4,white_balance,white_balance,0.5,white_balance(0.5),max/mean,4,0,0,0,0,"RS(155,125)",1,7.3452,"RS(255,254)",0.996078,1,37826,9.07824,9.13152
16,4,white_balance,white_balance,0.5,white_balance(0.5),max/saturated,4,0,0,0,0,"RS(155,125)",1,7.3452,"RS(255,254)",0.996078,1,37826,9.07824,9.13152
16,4,white_balance,white_balance,1,white_balance(1),luma/mean,4,0,0,0,0,"RS(155,125)",1,7.3452,"RS(255,254)",0.996078,1,37826,9.07824,9.13152
16,4,white_balance,white_balance,1,white_balance(1),luma/saturated,4,0,0,0,0,"RS(155,125)",1,7.3452,"RS(255,254)",0.996078,1,37826,9.07824,9.13152
16,4,white_balance,white_balance,1,white_balance(1),max/mean,4,0,0,0,0,"RS(155,125)",1,7.3452,"RS(255,254)",0.996078,1,37826,9.07824,9.13152
16,4,white_balance,white_balance,1,white_balance(1),max/saturated,4,0,0,0,0,"RS(155,125)",1,7.3452,"RS(255,254)",0.996078,1,37826,9.07824,9.13152
16,4,white_balance,white_balance,2,white_balance(2),luma/mean,4,0,0,0,0,"RS(155,125)",1,7.3452,"RS(255,254)",0.996078,1,37826,9.07824,9.13152
16,4,white_balance,white_balance,2,white_balance(2),luma/saturated,4,0,0,0,0,"RS(155,125)",1,7.3452,"RS(255,254)",0.996078,1,37826,9.07824,9.13152
16,4,white_balance,white_balance,2,white_balance(2),max/mean,4,0,0,0,0,"RS(155,125)",1,7.3452,"RS(255,254)",0.996078,1,37826,9.07824,9.13152
16,4,white_balance,white_balance,2,white_balance(2),max/saturated,4,0,0,0,0,"RS(155,125)",1,7.3452,"RS(255,254)",0.996078,1,37826,9.07824,9.13152
16,4,white_balance,white_balance,3,white_balance(3),luma/mean,4,0,0.250355,0.250355,0.250257,"RS(155,125)",0,0,"RS(255,77)",0.301961,1,11453,2.74872,9.13152
16,4,white_balance,white_balance,3,white_balance(3),luma/saturated,4,0,0.250355,0.250355,0.250257,"RS(155,125)",0,0,"RS(255,77)",0.301961,1,11453,2.74872,9.13152
16,4,white_balance,white_balance,3,white_balance(3),max/mean,4,0,0.250355,0.250355,0.250257,"RS(155,125)",0,0,"RS(255,77)",0.301961,1,11453,2.74872,9.13152
16,4,white_balance,white_balance,3,white_balance(3),max/saturated,4,0,0.250355,0.250355,0.250257,"RS(155,125)",0,0,"RS(255,77)",0.301961,1,11453,2.74872,9.13152
16,4,white_balance,white_balance,4,white_balance(4),luma/mean,4,0,0.250355,0.250355,0.250257,"RS(155,125)",0,0,"RS(255,77)",0.301961,1,11453,2.74872,9.13152
16,4,white_balance,white_balance,4,white_balance(4),luma/saturated,4,0,0.250355,0.250355,0.250257,"RS(155,125)",0,0,"RS(255,77)",0.301961,1,11453,2.74872,9.13152
16,4,white_balance,white_balance,4,white_balance(4),max/mean,4,0,0.250355,0.250355,0.250257,"RS(155,125)",0,0,"RS(255,77)",0.301961,1,11453,2.74872,9.13152
16,4,white_balance,white_balance,4,white_balance(4),max/saturated,4,0,0.250355,0.250355,0.250257,"RS(155,125)",0,0,"RS(255,77)",0.301961,1,11453,2.74872,9.13152
16,5,blur,blur,0.5,blur(0.5),luma/mean,4,0,0,0,0,"RS(155,125)",1,5.0952,"RS(155,154)",0.993548,1,26160,6.2784,6.34584
16,5,blur,blur,0.5,blur(0.5),luma/saturated,4,0,0,0,0,"RS(155,125)",1,5.0952,"RS(155,154)",0.993548,1,26160,6.2784,6.34584
16,5,blur,blur,0.5,blur(0.5),max/mean,4,0,0,0,0,"RS(155,125)",1,5.0952,"RS(155,154)",0.993548,1,26160,6.2784,6.34584
16,5,blur,blur,0.5,blur(0.5),max/saturated,4,0,0,0,0,"RS(155,125)",1,5.0952,"RS(155,154)",0.993548,1,26160,6.2784,6.34584
16,5,blur,blur,0.75,blur(0.75),luma/mean,4,0,0,0,0,"RS(155,125)",1,5.0952,"RS(155,154)",0.993548,1,26160,6.2784,6.34584
16,5,blur,blur,0.75,blur(0.75),luma/saturated,4,0,0,0,0,"RS(155,125)",1,5.0952,"RS(155,154)",0.993548,1,26160,6.2784,6.34584
16,5,blur,blur,0.75,blur(0.75),max/mean,4,0,0,0,0,"RS(155,125)",1,5.0952,"RS(155,154)",0.993548,1,26160,6.2784,6.34584
16,5,blur,blur,0.75,blur(0.75),max/saturated,4,0,0,0,0,"RS(155,125)",1,5.0952,"RS(155,154)",0.993548,1,26160,6.2784,6.34584
16,5,blur,blur,1,blur(1),luma/mean,4,0.00024583,0,0.00024583,0.000227704,"RS(155,125)",1,5.0952,"RS(255,253)",0.992157,1,26039,6.24936,6.34584
16,5,blur,blur,1,blur(1),luma/saturated,4,0.00024583,0,0.00024583,0.000227704,"RS(155,125)",1,5.0952,"RS(255,253)",0.992157,1,26039,6.24936,6.34584
16,5,blur,blur,1,blur(1),max/mean,4,0,0,0,0,"RS(155,125)",1,5.0952,"RS(155,154)",0.993548,1,26160,6.2784,6.34584
16,5,blur,blur,1,blur(1),max/saturated,4,0,0,0,0,"RS(155,125)",1,5.0952,"RS(155,154)",0.993548,1,26160,6.2784,6.34584
16,5,blur,blur,1.25,blur(1.25),luma/mean,4,0.196106,0.000217465,0.196229,0.196025,"RS(155,125)",0,0,"RS(255,105)",0.411765,1,10795,2.5908,6.34584
16,5,blur,blur,1.25,blur(1.25),luma/saturated,4,0.196106,0.000104005,0.196163,0.195958,"RS(155,125)",0,0,"RS(255,105)",0.411765,1,10795,2.5908,6.34584
16,5,blur,blur,1.25,blur(1.25),max/mean,4,0.254472,0,0.254472,0.254213,"RS(155,125)",0,0,"RS(255,85)",0.333333,1,8735,2.0964,6.34584
16,5,blur,blur,1.25,blur(1.25),max/saturated,4,0.254472,0.000349835,0.254718,0.254459,"RS(155,125)",0,0,"RS(255,85)",0.333333,1,8735,2.0964,6.34584
16,5,blur,blur,1.5,blur(1.5),luma/mean,4,0.41465,0.0132654,0.420001,0.42,"RS(155,125)",0,0,"RS(255,5)",0.0196078,0.5,495,0.0594,6.34584
16,5,blur,blur,1.5,blur(1.5),luma/saturated,4,0.41465,0.00616467,0.416257,0.416271,"RS(155,125)",0,0,"RS(255,5)",0.0196078,0.75,495,0.0891,6.34584
16,5,blur,blur,1.5,blur(1.5),max/mean,4,0.45611,0.00129534,0.456469,0.456423,"RS(155,125)",0,0,"RS(255,254)",0.996078,0,26142,0,6.34584
16,5,blur,blur,1.5,blur(1.5),max/saturated,4,0.45611,0.00864188,0.459173,0.459137,"RS(155,125)",0,0,"RS(255,254)",0.996078,0,26142,0,6.34584
16,5,blur,blur,2,blur(2),luma/mean,4,0.610973,0.25295,0.682642,0.682476,"RS(155,125)",0,0,"RS(255,254)",0.996078,0,26142,0,6.34584
16,5,blur,blur,2,blur(2),luma/saturated,4,0.610973,0.0927537,0.638138,0.638008,"RS(155,125)",0,0,"RS(255,254)",0.996078,0,26142,0,6.34584
16,5,blur,blur,2,blur(2),max/mean,4,0.623454,0.13307,0.65995,0.660047,"RS(155,125)",0,0,"RS(255,254)",0.996078,0,26142,0,6.34584
16,5,blur,blur,2,blur(2),max/saturated,4,0.623454,0.0768976,0.647574,0.64777,"RS(155,125)",0,0,"RS(255,254)",0.996078,0,26142,0,6.34584
16,5,chroma_bilinear,chroma,1,"chroma(1,full_range=False,matrix=bt601,upsample=bilinear)",luma/mean,4,0,0,0,0,"RS(155,125)",1,5.0952,"RS(155,154)",0.993548,1,26160,6.2784,6.34584
16,5,chroma_bilinear,chroma,1,"chroma(1,full_range=False,matrix=bt601,upsample=bilinear)",luma/saturated,4,0,0,0,0,"RS(155,125)",1,5.0952,"RS(155,154)",0.993548,1,26160,6.2784,6.34584
16,5,chroma_bilinear,chroma,1,"chroma(1,full_range=False,matrix=bt601,upsample=bilinear)",max/mean,4,0,0,0,0,"RS(155,125)",1,5.0952,"RS(155,154)",0.993548,1,26160,6.2784,6.34584
16,5,chroma_bilinear,chroma,1,"chroma(1,full_range=False,matrix=bt601,upsample=bilinear)",max/saturated,4,0,0,0,0,"RS(155,125)",1,5.0952,"RS(155,154)",0.993548,1,26160,6.2784,6.34584
16,5,chroma_bilinear,chroma,1.5,"chroma(1.5,full_range=False,matrix=bt601,upsample=bilinear)",luma/mean,4,0,0.448508,0.448508,0.448653,"RS(155,125)",0,0,"RS(255,254)",0.996078,0,26142,0,6.34584
16,5,chroma_bilinear,chroma,1.5,"chroma(1.5,full_range=False,matrix=bt601,upsample=bilinear)",luma/saturated,4,0,0.133959,0.133959,0.134156,"RS(155,125)",0,0,"RS(255,157)",0.615686,1,16151,3.87624,6.34584
16,5,chroma_bilinear,chroma,1.5,"chroma(1.5,full_range=False,matrix=bt601,upsample=bilinear)",max/mean,4,0,0.448508,0.448508,0.448653,"RS(155,125)",0,0,"RS(255,254)",0.996078,0,26142,0,6.34584
16,5,chroma_bilinear,chroma,1.5,"chroma(1.5,full_range=False,matrix=bt601,upsample=bilinear)",max/saturated,4,0,0.133959,0.133959,0.134156,"RS(155,125)",0,0,"RS(255,157)",0.615686,1,16151,3.87624,6.34584
16,5,chroma_bilinear,chroma,2,"chroma(2,full_range=False,matrix=bt601,upsample=bilinear)",luma/mean,4,0,0.68771,0.68771,0.687467,"RS(155,125)",0,0,"RS(255,254)",0.996078,0,26142,0,6.34584
16,5,chroma_bilinear,chroma,2,"chroma(2,full_range=False,matrix=bt601,upsample=bilinear)",luma/saturated,4,0,0.3468,0.3468,0.346973,"RS(155,125)",0,0,"RS(255,41)",0.160784,0.75,4203,0.75654,6.34584
16,5,chroma_bilinear,chroma,2,"chroma(2,full_range=False,matrix=bt601,upsample=bilinear)",max/mean,4,0,0.68771,0.68771,0.687467,"RS(155,125)",0,0,"RS(255,254)",0.996078,0,26142,0,6.34584
16,5,chroma_bilinear,chroma,2,"chroma(2,full_range=False,matrix=bt601,upsample=bilinear)",max/saturated,4,0,0.346526,0.346526,0.346698,"RS(155,125)",0,0,"RS(255,41)",0.160784,0.75,4203,0.75654,6.34584
16,5,chroma_bilinear,chroma,3,"chroma(3,full_range=False,matrix=bt601,upsample=bilinear)",luma/mean,4,0,0.914593,0.914593,0.914602,"RS(155,125)",0,0,"RS(255,254)",0.996078,0,26142,0,6.34584
16,5,chroma_bilinear,chroma,3,"chroma(3,full_range=False,matrix=bt601,upsample=bilinear)",luma/saturated,4,0,0.753309,0.753309,0.753425,"RS(155,125)",0,0,"RS(255,254)",0.996078,0,26142,0,6.34584
16,5,chroma_bilinear,chroma,3,"chroma(3,full_range=False,matrix=bt601,upsample=bilinear)",max/mean,4,0,0.914593,0.914593,0.914602,"RS(155,125)",0,0,"RS(255,254)",0.996078,0,26142,0,6.34584
16,5,chroma_bilinear,chroma,3,"chroma(3,full_range=False,matrix=bt601,upsample=bilinear)",max/saturated,4,0,0.752827,0.752827,0.752941,"RS(155,125)",0,0,"RS(255,254)",0.996078,0,26142,0,6.34584
16,5,chroma_bilinear,chroma,4,"chroma(4,full_range=False,matrix=bt601,upsample=bilinear)",luma/mean,4,0,0.931508,0.931508,0.931423,"RS(155,125)",0,0,"RS(255,254)",0.996078,0,26142,0,6.34584
16,5,chroma_bilinear,chroma,4,"chroma(4,full_range=False,matrix=bt601,upsample=bilinear)",luma/saturated,4,0,0.871327,0.871327,0.871091,"RS(155,125)",0,0,"RS(255,254)",0.996078,0,26142,0,6.34584
16,5,chroma_bilinear,chroma,4,"chroma(4,full_range=False,matrix=bt601,upsample=bilinear)",max/mean,4,0,0.931508,0.931508,0.931423,"RS(155,125)",0,0,"RS(255,254)",0.996078,0,26142,0,6.34584
16,5,chroma_bilinear,chroma,4,"chroma(4,full_range=False,matrix=bt601,upsample=bilinear)",max/saturated,4,0,0.871128,0.871128,0.870892,"RS(155,125)",0,0,"RS(255,254)",0.996078,0,26142,0,6.34584
16,5,chroma_bt709_bilinear,chroma,2,"chroma(2,full_range=False,matrix=bt709,upsample=bilinear)",luma/mean,4,0,0.645673,0.645673,0.645436,"RS(155,125)",0,0,"RS(255,254)",0.996078,0,26142,0,6.34584
16,5,chroma_bt709_bilinear,chroma,2,"chroma(2,full_range=False,matrix=bt709,upsample=bilinear)",luma/saturated,4,0,0.336523,0.336523,0.336736,"RS(155,125)",0,0,"RS(255,43)",0.168627,0.75,4409,0.79362,6.34584
16,5,chroma_bt709_bilinear,chroma,2,"chroma(2,full_range=False,matrix=bt709,upsample=bilinear)",max/mean,4,0,0.643896,0.643896,0.643653,"RS(155,125)",0,0,"RS(255,254)",0.996078,0,26142,0,6.34584
16,5,chroma_bt709_bilinear,chroma,2,"chroma(2,full_range=False,matrix=bt709,upsample=bilinear)",max/saturated,4,0,0.336362,0.336362,0.336575,"RS(155,125)",0,0,"RS(255,45)",0.176471,0.75,4615,0.8307,6.34584
16,5,chroma_bt709_nearest,chroma,2,"chroma(2,full_range=False,matrix=bt709,upsample=nearest)",luma/mean,4,0,0.396439,0.396439,0.396442,"RS(155,125)",0,0,"RS(255,13)",0.0509804,0.75,1319,0.23742,6.34584
16,5,chroma_bt709_nearest,chroma,2,"chroma(2,full_range=False,matrix=bt709,upsample=nearest)",luma/saturated,4,0,0.0543474,0.0543474,0.0544592,"RS(155,125)",0,0,"RS(255,207)",0.811765,1,21301,5.11224,6.34584
16,5,chroma_bt709_nearest,chroma,2,"chroma(2,full_range=False,matrix=bt709,upsample=nearest)",max/mean,4,0,0.396439,0.396439,0.396442,"RS(155,125)",0,0,"RS(255,13)",0.0509804,0.75,1319,0.23742,6.34584
16,5,chroma_bt709_nearest,chroma,2,"chroma(2,full_range=False,matrix=bt709,upsample=nearest)",max/saturated,4,0,0.0543474,0.0543474,0.0544592,"RS(155,125)",0,0,"RS(255,207)",0.811765,1,21301,5.11224,6.34584
16,5,chroma_nearest,chroma,1,"chroma(1,full_range=False,matrix=bt601,upsample=nearest)",luma/mean,4,0,0,0,0,"RS(155,125)",1,5.0952,"RS(155,154)",0.993548,1,26160,6.2784,6.34584
16,5,chroma_nearest,chroma,1,"chroma(1,full_range=False,matrix=bt601,upsample=nearest)",luma/saturated,4,0,0,0,0,"RS(155,125)",1,5.0952,"RS(155,154)",0.993548,1,26160,6.2784,6.34584
16,5,chroma_nearest,chroma,1,"chroma(1,full_range=False,matrix=bt601,upsample=nearest)",max/mean,4,0,0,0,0,"RS(155,125)",1,5.0952,"RS(155,154)",0.993548,1,26160,6.2784,6.34584
16,5,chroma_nearest,chroma,1,"chroma(1,full_range=False,matrix=bt601,upsample=nearest)",max/saturated,4,0,0,0,0,"RS(155,125)",1,5.0952,"RS(155,154)",0.993548,1,26160,6.2784,6.34584
16,5,chroma_nearest,chroma,1.5,"chroma(1.5,full_range=False,matrix=bt601,upsample=nearest)",luma/mean,4,0,0.467456,0.467456,0.467021,"RS(155,125)",0,0,"RS(255,254)",0.996078,0,26142,0,6.34584
16,5,chroma_nearest,chroma,1.5,"chroma(1.5,full_range=False,matrix=bt601,upsample=nearest)",luma/saturated,4,0,0.0223138,0.0223138,0.0223909,"RS(155,125)",1,5.0952,"RS(255,223)",0.87451,1,22949,5.50776,6.34584
16,5,chroma_nearest,chroma,1.5,"chroma(1.5,full_range=False,matrix=bt601,upsample=nearest)",max/mean,4,0,0.450361,0.450361,0.450057,"RS(155,125)",0,0,"RS(255,254)",0.996078,0,26142,0,6.34584
16,5,chroma_nearest,chroma,1.5,"chroma(1.5,full_range=False,matrix=bt601,upsample=nearest)",max/saturated,4,0,0.0223138,0.0223138,0.0223909,"RS(155,125)",1,5.0952,"RS(255,223)",0.87451,1,22949,5.50776,6.34584
16,5,chroma_nearest,chroma,2,"chroma(2,full_range=False,matrix=bt601,upsample=nearest)",luma/mean,4,0,0.43338,0.43338,0.433283,"RS(155,125)",0,0,"RS(255,254)",0.996078,0,26142,0,6.34584
16,5,chroma_nearest,chroma,2,"chroma(2,full_range=False,matrix=bt601,upsample=nearest)",luma/saturated,4,0,0.0712057,0.0712057,0.0713378,"RS(155,125)",0,0,"RS(255,195)",0.764706,1,20065,4.8156,6.34584
16,5,chroma_nearest,chroma,2,"chroma(2,full_range=False,matrix=bt601,upsample=nearest)",max/mean,4,0,0.43338,0.43338,0.433283,"RS(155,125)",0,0,"RS(255,254)",0.996078,0,26142,0,6.34584
16,5,chroma_nearest,chroma,2,"chroma(2,full_range=False,matrix=bt601,upsample=nearest)",max/saturated,4,0,0.0712057,0.0712057,0.0713378,"RS(155,125)",0,0,"RS(255,195)",0.764706,1,20065,4.8156,6.34584
16,5,chroma_nearest,chroma,3,"chroma(3,full_range=False,matrix=bt601,upsample=nearest)",luma/mean,4,0,0.85409,0.85409,0.854213,"RS(155,125)",0,0,"RS(255,254)",0.996078,0,26142,0,6.34584
16,5,chroma_nearest,chroma,3,"chroma(3,full_range=False,matrix=bt601,upsample=nearest)",luma/saturated,4,0,0.555387,0.555387,0.555759,"RS(155,125)",0,0,"RS(255,254)",0.996078,0,26142,0,6.34584
16,5,chroma_nearest,chroma,3,"chroma(3,full_range=False,matrix=bt601,upsample=nearest)",max/mean,4,0,0.848228,0.848228,0.84833,"RS(155,125)",0,0,"RS(255,254)",0.996078,0,26142,0,6.34584
16,5,chroma_nearest,chroma,3,"chroma(3,full_range=False,matrix=bt601,upsample=nearest)",max/saturated,4,0,0.555161,0.555161,0.555531,"RS(155,125)",0,0,"RS(255,254)",0.996078,0,26142,0,6.34584
16,5,chroma_nearest,chroma,4,"chroma(4,full_range=False,matrix=bt601,upsample=nearest)",luma/mean,4,0,0.878106,0.878106,0.877913,"RS(155,125)",0,0,"RS(255,254)",0.996078,0,26142,0,6.34584
16,5,chroma_nearest,chroma,4,"chroma(4,full_range=False,matrix=bt601,upsample=nearest)",luma/saturated,4,0,0.762689,0.762689,0.762324,"RS(155,125)",0,0,"RS(255,254)",0.996078,0,26142,0,6.34584
16,5,chroma_nearest,chroma,4,"chroma(4,full_range=False,matrix=bt601,upsample=nearest)",max/mean,4,0,0.877955,0.877955,0.877761,"RS(155,125)",0,0,"RS(255,254)",0.996078,0,26142,0,6.34584
16,5,chroma_nearest,chroma,4,"chroma(4,full_range=False,matrix=bt601,upsample=nearest)",max/saturated,4,0,0.761913,0.761913,0.761546,"RS(155,125)",0,0,"RS(255,254)",0.996078,0,26142,0,6.34584
16,5,clean,clean,0,clean,luma/mean,4,0,0,0,0,"RS(155,125)",1,5.0952,"RS(155,154)",0.993548,1,26160,6.2784,6.34584
16,5,clean,clean,0,clean,luma/saturated,4,0,0,0,0,"RS(155,125)",1,5.0952,"RS(155,154)",0.993548,1,26160,6.2784,6.34584
16,5,clean,clean,0,clean,max/mean,4,0,0,0,0,"RS(155,125)",1,5.0952,"RS(155,154)",0.993548,1,26160,6.2784,6.34584
16,5,clean,clean,0,clean,max/saturated,4,0,0,0,0,"RS(155,125)",1,5.0952,"RS(155,154)",0.993548,1,26160,6.2784,6.34584
16,5,noise,noise,10,noise(10),luma/mean,4,0,0,0,0,"RS(155,125)",1,5.0952,"RS(155,154)",0.993548,1,26160,6.2784,6.34584
16,5,noise,noise,10,noise(10),luma/saturated,4,0,0,0,0,"RS(155,125)",1,5.0952,"RS(155,154)",0.993548,1,26160,6.2784,6.34584
16,5,noise,noise,10,noise(10),max/mean,4,0,0,0,0,"RS(155,125)",1,5.0952,"RS(155,154)",0.993548,1,26160,6.2784,6.34584
16,5,noise,noise,10,noise(10),max/saturated,4,0,0,0,0,"RS(155,125)",1,5.0952,"RS(155,154)",0.993548,1,26160,6.2784,6.34584
16,5,noise,noise,20,noise(20),luma/mean,4,0,0,0,0,"RS(155,125)",1,5.0952,"RS(155,154)",0.993548,1,26160,6.2784,6.34584
16,5,noise,noise,20,noise(20),luma/saturated,4,0,0,0,0,"RS(155,125)",1,5.0952,"RS(155,154)",0.993548,1,26160,6.2784,6.34584
16,5,noise,noise,20,noise(20),max/mean,4,0,0,0,0,"RS(155,125)",1,5.0952,"RS(155,154)",0.993548,1,26160,6.2784,6.34584
16,5,noise,noise,20,noise(20),max/saturated,4,0,0,0,0,"RS(155,125)",1,5.0952,"RS(155,154)",0.993548,1,26160,6.2784,6.34584
16,5,noise,noise,40,noise(40),luma/mean,4,0,2.8365e-05,2.8365e-05,2.8463e-05,"RS(155,125)",1,5.0952,"RS(255,253)",0.992157,1,26039,6.24936,6.34584
16,5,noise,noise,40,noise(40),luma/saturated,4,0,0.0518324,0.0518324,0.0518501,"RS(155,125)",0.25,1.2738,"RS(255,207)",0.811765,1,21301,5.11224,6.34584
16,5,noise,noise,40,noise(40),max/mean,4,0,9.45501e-06,9.45501e-06,9.48767e-06,"RS(155,125)",1,5.0952,"RS(255,253)",0.992157,1,26039,6.24936,6.34584
16,5,noise,noise,40,noise(40),max/saturated,4,0,0.0498752,0.0498752,0.0498861,"RS(155,125)",0.5,2.5476,"RS(255,211)",0.827451,1,21713,5.21112,6.34584
16,5,noise,noise,60,noise(60),luma/mean,4,9.45501e-06,0.0185318,0.0185413,0.018482,"RS(155,125)",1,5.0952,"RS(255,229)",0.898039,1,23567,5.65608,6.34584
16,5,noise,noise,60,noise(60),luma/saturated,4,9.45501e-06,0.241509,0.241519,0.241537,"RS(155,125)",0,0,"RS(255,81)",0.317647,1,8323,1.99752,6.34584
16,5,noise,noise,60,noise(60),max/mean,4,0,0.00936992,0.00936992,0.00937381,"RS(155,125)",1,5.0952,"RS(155,145)",0.935484,1,24630,5.9112,6.34584
16,5,noise,noise,60,noise(60),max/saturated,4,0,0.234588,0.234588,0.234602,"RS(155,125)",0,0,"RS(255,99)",0.388235,1,10177,2.44248,6.34584
16,5,noise,noise,80,noise(80),luma/mean,4,0.000397111,0.164451,0.164479,0.164412,"RS(155,125)",0,0,"RS(255,131)",0.513725,1,13473,3.23352,6.34584
16,5,noise,noise,80,noise(80),luma/saturated,4,0.000397111,0.391343,0.391608,0.391603,"RS(155,125)",0,0,"RS(255,17)",0.0666667,0.5,1731,0.20772,6.34584
16,5,noise,noise,80,noise(80),max/mean,4,9.45501e-06,0.107248,0.107258,0.107268,"RS(155,125)",0,0,"RS(255,173)",0.678431,1,17799,4.27176,6.34584
16,5,noise,noise,80,noise(80),max/saturated,4,9.45501e-06,0.381935,0.381945,0.382097,"RS(155,125)",0,0,"RS(255,19)",0.0745098,0.75,1937,0.34866,6.34584
16,5,perspective,perspective,0.05,perspective(0.05),luma/mean,4,0,0,0,0,"RS(155,125)",1,5.0952,"RS(155,154)",0.993548,1,26160,6.2784,6.34584
16,5,perspective,perspective,0.05,perspective(0.05),luma/saturated,4,0,0,0,0,"RS(155,125)",1,5.0952,"RS(155,154)",0.993548,1,26160,6.2784,6.34584
16,5,perspective,perspective,0.05,perspective(0.05),max/mean,4,0,0,0,0,"RS(155,125)",1,5.0952,"RS(155,154)",0.993548,1,26160,6.2784,6.34584
16,5,perspective,perspective,0.05,perspective(0.05),max/saturated,4,0,0,0,0,"RS(155,125)",1,5.0952,"RS(155,154)",0.993548,1,26160,6.2784,6.34584
16,5,perspective,perspective,0.1,perspective(0.1),luma/mean,4,0,0,0,0,"RS(155,125)",1,5.0952,"RS(155,154)",0.993548,1,26160,6.2784,6.34584
16,5,perspective,perspective,0.1,perspective(0.1),luma/saturated,4,0,0,0,0,"RS(155,125)",1,5.0952,"RS(155,154)",0.993548,1,26160,6.2784,6.34584
16,5,perspective,perspective,0.1,perspective(0.1),max/mean,4,0,0,0,0,"RS(155,125)",1,5.0952,"RS(155,154)",0.993548,1,26160,6.2784,6.34584
16,5,perspective,perspective,0.1,perspective(0.1),max/saturated,4,0,0,0,0,"RS(155,125)",1,5.0952,"RS(155,154)",0.993548,1,26160,6.2784,6.34584
16,5,perspective,perspective,0.15,perspective(0.15),luma/mean,4,0.000406566,0,0.000406566,0.000398482,"RS(155,125)",1,5.0952,"RS(255,251)",0.984314,1,25833,6.19992,6.34584
16,5,perspective,perspective,0.15,perspective(0.15),luma/saturated,4,0.000406566,0,0.000406566,0.000398482,"RS(155,125)",1,5.0952,"RS(255,251)",0.984314,1,25833,6.19992,6.34584
16,5,perspective,perspective,0.15,perspective(0.15),max/mean,4,0.000397111,0,0.000397111,0.000388994,"RS(155,125)",1,5.0952,"RS(255,251)",0.984314,1,25833,6.19992,6.34584
16,5,perspective,perspective,0.15,perspective(0.15),max/saturated,4,0.000397111,0,0.000397111,0.000388994,"RS(155,125)",1,5.0952,"RS(255,251)",0.984314,1,25833,6.19992,6.34584
16,5,perspective,perspective,0.2,perspective(0.2),luma/mean,4,0.0057581,0,0.0057581,0.00574953,"RS(155,125)",1,5.0952,"RS(255,235)",0.921569,1,24185,5.8044,6.34584
16,5,perspective,perspective,0.2,perspective(0.2),luma/saturated,4,0.0057581,0,0.0057581,0.00574953,"RS(155,125)",1,5.0952,"RS(255,235)",0.921569,1,24185,5.8044,6.34584
16,5,perspective,perspective,0.2,perspective(0.2),max/mean,4,0.00577701,0,0.00577701,0.0057685,"RS(155,125)",1,5.0952,"RS(255,235)",0.921569,1,24185,5.8044,6.34584
16,5,perspective,perspective,0.2,perspective(0.2),max/saturated,4,0.00577701,0,0.00577701,0.0057685,"RS(155,125)",1,5.0952,"RS(255,235)",0.921569,1,24185,5.8044,6.34584
16,5,perspective,perspective,0.3,perspective(0.3),luma/mean,4,0.0942948,0.000992776,0.0945029,0.0944877,"RS(155,125)",0.25,1.2738,"RS(255,189)",0.741176,0.75,19447,3.50046,6.34584
16,5,perspective,perspective,0.3,perspective(0.3),luma/saturated,4,0.0942948,0.00128588,0.0946825,0.0946679,"RS(155,125)",0.25,1.2738,"RS(255,189)",0.741176,0.75,19447,3.50046,6.34584
16,5,perspective,perspective,0.3,perspective(0.3),max/mean,4,0.0956564,0.000803676,0.095836,0.0958349,"RS(155,125)",0.25,1.2738,"RS(255,187)",0.733333,0.75,19241,3.46338,6.34584
16,5,perspective,perspective,0.3,perspective(0.3),max/saturated,4,0.0956564,0.0015979,0.0961291,0.096129,"RS(155,125)",0.25,1.2738,"RS(255,187)",0.733333,0.75,19241,3.46338,6.34584
16,5,white_balance,white_balance,0.5,white_balance(0.5),luma/mean,4,0,0,0,0,"RS(155,125)",1,5.0952,"RS(155,154)",0.993548,1,26160,6.2784,6.34584
16,5,white_balance,white_balance,0.5,white_balance(0.5),luma/saturated,4,0,0,0,0,"RS(155,125)",1,5.0952,"RS(155,154)",0.993548,1,26160,6.2784,6.34584
16,5,white_balance,white_balance,0.5,white_balance(0.5),max/mean,4,0,0,0,0,"RS(155,125)",1,5.0952,"RS(155,154)",0.993548,1,26160,6.2784,6.34584
16,5,white_balance,white_balance,0.5,white_balance(0.5),max/saturated,4,0,0,0,0,"RS(155,125)",1,5.0952,"RS(155,154)",0.993548,1,26160,6.2784,6.34584
16,5,white_balance,white_balance,1,white_balance(1),luma/mean,4,0,0,0,0,"RS(155,125)",1,5.0952,"RS(155,154)",0.993548,1,26160,6.2784,6.34584
16,5,white_balance,white_balance,1,white_balance(1),luma/saturated,4,0,0,0,0,"RS(155,125)",1,5.0952,"RS(155,154)",0.993548,1,26160,6.2784,6.34584
16,5,white_balance,white_balance,1,white_balance(1),max/mean,4,0,0,0,0,"RS(155,125)",1,5.0952,"RS(155,154)",0.993548,1,26160,6.2784,6.34584
16,5,white_balance,white_balance,1,white_balance(1),max/saturated,4,0,0,0,0,"RS(155,125)",1,5.0952,"RS(155,154)",0.993548,1,26160,6.2784,6.34584
16,5,white_balance,white_balance,2,white_balance(2),luma/mean,4,0,0,0,0,"RS(155,125)",1,5.0952,"RS(155,154)",0.993548,1,26160,6.2784,6.34584
16,5,white_balance,white_balance,2,white_balance(2),luma/saturated,4,0,0,0,0,"RS(155,125)",1,5.0952,"RS(155,154)",0.993548,1,26160,6.2784,6.34584
16,5,white_balance,white_balance,2,white_balance(2),max/mean,4,0,0,0,0,"RS(155,125)",1,5.0952,"RS(155,154)",0.993548,1,26160,6.2784,6.34584
16,5,white_balance,white_balance,2,white_balance(2),max/saturated,4,0,0,0,0,"RS(155,125)",1,5.0952,"RS(155,154)",0.993548,1,26160,6.2784,6.34584
16,5,white_balance,white_balance,3,white_balance(3),luma/mean,4,0,0.251513,0.251513,0.251622,"RS(155,125)",0,0,"RS(255,85)",0.333333,1,8735,2.0964,6.34584
16,5,white_balance,white_balance,3,white_balance(3),luma/saturated,4,0,0.251513,0.251513,0.251622,"RS(155,125)",0,0,"RS(255,85)",0.333333,1,8735,2.0964,6.34584
16,5,white_balance,white_balance,3,white_balance(3),max/mean,4,0,0.251513,0.251513,0.251622,"RS(155,125)",0,0,"RS(255,85)",0.333333,1,8735,2.0964,6.34584
16,5,white_balance,white_balance,3,white_balance(3),max/saturated,4,0,0.251513,0.251513,0.251622,"RS(155,125)",0,0,"RS(255,85)",0.333333,1,8735,2.0964,6.34584
16,5,white_balance,white_balance,4,white_balance(4),luma/mean,4,0,0.251513,0.251513,0.251622,"RS(155,125)",0,0,"RS(255,85)",0.333333,1,8735,2.0964,6.34584
16,5,white_balance,white_balance,4,white_balance(4),luma/saturated,4,0,0.251513,0.251513,0.251622,"RS(155,125)",0,0,"RS(255,85)",0.333333,1,8735,2.0964,6.34584
16,5,white_balance,white_balance,4,white_balance(4),max/mean,4,0,0.251513,0.251513,0.251622,"RS(155,125)",0,0,"RS(255,85)",0.333333,1,8735,2.0964,6.34584
16,5,white_balance,white_balance,4,white_balance(4),max/saturated,4,0,0.251513,0.251513,0.251622,"RS(155,125)",0,0,"RS(255,85)",0.333333,1,8735,2.0964,6.34584
16,6,blur,blur,0.5,blur(0.5),luma/mean,4,0,0,0,0,"RS(155,125)",1,3.7152,"RS(155,154)",0.993548,1,19076,4.57824,4.6332
16,6,blur,blur,0.5,blur(0.5),luma/saturated,4,0,0,0,0,"RS(155,125)",1,3.7152,"RS(155,154)",0.993548,1,19076,4.57824,4.6332
16,6,blur,blur,0.5,blur(0.5),max/mean,4,0,0,0,0,"RS(155,125)",1,3.7152,"RS(155,154)",0.993548,1,19076,4.57824,4.6332
16,6,blur,blur,0.5,blur(0.5),max/saturated,4,0,0,0,0,"RS(155,125)",1,3.7152,"RS(155,154)",0.993548,1,19076,4.57824,4.6332
16,6,blur,blur,0.75,blur(0.75),luma/mean,4,0,0,0,0,"RS(155,125)",1,3.7152,"RS(155,154)",0.993548,1,19076,4.57824,4.6332
16,6,blur,blur,0.75,blur(0.75),luma/saturated,4,0,0,0,0,"RS(155,125)",1,3.7152,"RS(155,154)",0.993548,1,19076,4.57824,4.6332
16,6,blur,blur,0.75,blur(0.75),max/mean,4,0,0,0,0,"RS(155,125)",1,3.7152,"RS(155,154)",0.993548,1,19076,4.57824,4.6332
16,6,blur,blur,0.75,blur(0.75),max/saturated,4,0,0,0,0,"RS(155,125)",1,3.7152,"RS(155,154)",0.993548,1,19076,4.57824,4.6332
16,6,blur,blur,1,blur(1),luma/mean,4,0,0,0,0,"RS(155,125)",1,3.7152,"RS(155,154)",0.993548,1,19076,4.57824,4.6332
16,6,blur,blur,1,blur(1),luma/saturated,4,0,0,0,0,"RS(155,125)",1,3.7152,"RS(155,154)",0.993548,1,19076,4.57824,4.6332
16,6,blur,blur,1,blur(1),max/mean,4,0,0,0,0,"RS(155,125)",1,3.7152,"RS(155,154)",0.993548,1,19076,4.57824,4.6332
16,6,blur,blur,1,blur(1),max/saturated,4,0,0,0,0,"RS(155,125)",1,3.7152,"RS(155,154)",0.993548,1,19076,4.57824,4.6332
16,6,blur,blur,1.25,blur(1.25),luma/mean,4,0.0014763,0,0.0014763,0.00148283,"RS(155,125)",1,3.7152,"RS(155,151)",0.974194,1,18704,4.48896,4.6332
16,6,blur,blur,1.25,blur(1.25),luma/saturated,4,0.0014763,0,0.0014763,0.00148283,"RS(155,125)",1,3.7152,"RS(155,151)",0.974194,1,18704,4.48896,4.6332
16,6,blur,blur,1.25,blur(1.25),max/mean,4,0.000582751,0,0.000582751,0.000585328,"RS(155,125)",1,3.7152,"RS(255,251)",0.984314,1,18805,4.5132,4.6332
16,6,blur,blur,1.25,blur(1.25),max/saturated,4,0.000582751,1.295e-05,0.000582751,0.000585328,"RS(155,125)",1,3.7152,"RS(255,251)",0.984314,1,18805,4.5132,4.6332
16,6,blur,blur,1.5,blur(1.5),luma/mean,4,0.104092,0.001554,0.105335,0.105242,"RS(155,125)",0,0,"RS(255,175)",0.686275,1,13105,3.1452,4.6332
16,6,blur,blur,1.5,blur(1.5),luma/saturated,4,0.104092,0.00234395,0.105646,0.105554,"RS(155,125)",0,0,"RS(255,175)",0.686275,1,13105,3.1452,4.6332
16,6,blur,blur,1.5,blur(1.5),max/mean,4,0.122196,3.885e-05,0.122235,0.122307,"RS(155,125)",0,0,"RS(255,161)",0.631373,1,12055,2.8932,4.6332
16,6,blur,blur,1.5,blur(1.5),max/saturated,4,0.122196,0.00454545,0.125408,0.125481,"RS(155,125)",0,0,"RS(255,161)",0.631373,1,12055,2.8932,4.6332
16,6,blur,blur,2,blur(2),luma/mean,4,0.465954,0.0943149,0.503574,0.503876,"RS(155,125)",0,0,"RS(255,254)",0.996078,0,19030,0,4.6332
16,6,blur,blur,2,blur(2),luma/saturated,4,0.465954,0.0334369,0.480679,0.480879,"RS(155,125)",0,0,"RS(255,254)",0.996078,0,19030,0,4.6332
16,6,blur,blur,2,blur(2),max/mean,4,0.502745,0.0159933,0.507964,0.508273,"RS(155,125)",0,0,"RS(255,254)",0.996078,0,19030,0,4.6332
16,6,blur,blur,2,blur(2),max/saturated,4,0.502745,0.0394069,0.520616,0.520903,"RS(155,125)",0,0,"RS(255,254)",0.996078,0,19030,0,4.6332
16,6,chroma_bilinear,chroma,1,"chroma(1,full_range=False,matrix=bt601,upsample=bilinear)",luma/mean,4,0,0,0,0,"RS(155,125)",1,3.7152,"RS(155,154)",0.993548,1,19076,4.57824,4.6332
16,6,chroma_bilinear,chroma,1,"chroma(1,full_range=False,matrix=bt601,upsample=bilinear)",luma/saturated,4,0,0,0,0,"RS(155,125)",1,3.7152,"RS(155,154)",0.993548,1,19076,4.57824,4.6332
16,6,chroma_bilinear,chroma,1,"chroma(1,full_range=False,matrix=bt601,upsample=bilinear)",max/mean,4,0,0,0,0,"RS(155,125)",1,3.7152,"RS(155,154)",0.993548,1,19076,4.57824,4.6332
16,6,chroma_bilinear,chroma,1,"chroma(1,full_range=False,matrix=bt601,upsample=bilinear)",max/saturated,4,0,0,0,0,"RS(155,125)",1,3.7152,"RS(155,154)",0.993548,1,19076,4.57824,4.6332
16,6,chroma_bilinear,chroma,1.5,"chroma(1.5,full_range=False,matrix=bt601,upsample=bilinear)",luma/mean,4,0,0.394678,0.394678,0.394654,"RS(155,125)",0,0,"RS(255,13)",0.0509804,0.5,955,0.1146,4.6332
16,6,chroma_bilinear,chroma,1.5,"chroma(1.5,full_range=False,matrix=bt601,upsample=bilinear)",luma/saturated,4,0,0.0312872,0.0312872,0.0313215,"RS(155,125)",1,3.7152,"RS(155,131)",0.845161,1,16224,3.89376,4.6332
16,6,chroma_bilinear,chroma,1.5,"chroma(1.5,full_range=False,matrix=bt601,upsample=bilinear)",max/mean,4,0,0.394678,0.394678,0.394654,"RS(155,125)",0,0,"RS(255,13)",0.0509804,0.5,955,0.1146,4.6332
16,6,chroma_bilinear,chroma,1.5,"chroma(1.5,full_range=False,matrix=bt601,upsample=bilinear)",max/saturated,4,0,0.0313002,0.0313002,0.0313345,"RS(155,125)",1,3.7152,"RS(155,131)",0.845161,1,16224,3.89376,4.6332
16,6,chroma_bilinear,chroma,2,"chroma(2,full_range=False,matrix=bt601,upsample=bilinear)",luma/mean,4,0,0.574074,0.574074,0.573959,"RS(155,125)",0,0,"RS(255,254)",0.996078,0,19030,0,4.6332
16,6,chroma_bilinear,chroma,2,"chroma(2,full_range=False,matrix=bt601,upsample=bilinear)",luma/saturated,4,0,0.168285,0.168285,0.168197,"RS(155,125)",0,0,"RS(155,81)",0.522581,1,10024,2.40576,4.6332
16,6,chroma_bilinear,chroma,2,"chroma(2,full_range=False,matrix=bt601,upsample=bilinear)",max/mean,4,0,0.573945,0.573945,0.573829,"RS(155,125)",0,0,"RS(255,254)",0.996078,0,19030,0,4.6332
16,6,chroma_bilinear,chroma,2,"chroma(2,full_range=False,matrix=bt601,upsample=bilinear)",max/saturated,4,0,0.168337,0.168337,0.168249,"RS(155,125)",0,0,"RS(155,81)",0.522581,1,10024,2.40576,4.6332
16,6,chroma_bilinear,chroma,3,"chroma(3,full_range=False,matrix=bt601,upsample=bilinear)",luma/mean,4,0,0.870319,0.870319,0.870148,"RS(155,125)",0,0,"RS(255,254)",0.996078,0,19030,0,4.6332
16,6,chroma_bilinear,chroma,3,"chroma(3,full_range=False,matrix=bt601,upsample=bilinear)",luma/saturated,4,0,0.575265,0.575265,0.575364,"RS(155,125)",0,0,"RS(255,254)",0.996078,0,19030,0,4.6332
16,6,chroma_bilinear,chroma,3,"chroma(3,full_range=False,matrix=bt601,upsample=bilinear)",max/mean,4,0,0.870319,0.870319,0.870148,"RS(155,125)",0,0,"RS(255,254)",0.996078,0,19030,0,4.6332
16,6,chroma_bilinear,chroma,3,"chroma(3,full_range=False,matrix=bt601,upsample=bilinear)",max/saturated,4,0,0.574825,0.574825,0.574922,"RS(155,125)",0,0,"RS(255,254)",0.996078,0,19030,0,4.6332
16,6,chroma_bilinear,chroma,4,"chroma(4,full_range=False,matrix=bt601,upsample=bilinear)",luma/mean,4,0,0.922145,0.922145,0.922099,"RS(155,125)",0,0,"RS(255,254)",0.996078,0,19030,0,4.6332
16,6,chroma_bilinear,chroma,4,"chroma(4,full_range=False,matrix=bt601,upsample=bilinear)",luma/saturated,4,0,0.783761,0.783761,0.783676,"RS(155,125)",0,0,"RS(255,254)",0.996078,0,19030,0,4.6332
16,6,chroma_bilinear,chroma,4,"chroma(4,full_range=False,matrix=bt601,upsample=bilinear)",max/mean,4,0,0.922145,0.922145,0.922099,"RS(155,125)",0,0,"RS(255,254)",0.996078,0,19030,0,4.6332
16,6,chroma_bilinear,chroma,4,"chroma(4,full_range=False,matrix=bt601,upsample=bilinear)",max/saturated,4,0,0.783463,0.783463,0.783377,"RS(155,125)",0,0,"RS(255,254)",0.996078,0,19030,0,4.6332
16,6,chroma_bt709_bilinear,chroma,2,"chroma(2,full_range=False,matrix=bt709,upsample=bilinear)",luma/mean,4,0,0.514193,0.514193,0.514074,"RS(155,125)",0,0,"RS(255,254)",0.996078,0,19030,0,4.6332
16,6,chroma_bt709_bilinear,chroma,2,"chroma(2,full_range=False,matrix=bt709,upsample=bilinear)",luma/saturated,4,0,0.195765,0.195765,0.195643,"RS(155,125)",0,0,"RS(255,119)",0.466667,1,8905,2.1372,4.6332
16,6,chroma_bt709_bilinear,chroma,2,"chroma(2,full_range=False,matrix=bt709,upsample=bilinear)",max/mean,4,0,0.511422,0.511422,0.51129,"RS(155,125)",0,0,"RS(255,254)",0.996078,0,19030,0,4.6332
16,6,chroma_bt709_bilinear,chroma,2,"chroma(2,full_range=False,matrix=bt709,upsample=bilinear)",max/saturated,4,0,0.195726,0.195726,0.195604,"RS(155,125)",0,0,"RS(255,119)",0.466667,1,8905,2.1372,4.6332
16,6,chroma_bt709_nearest,chroma,2,"chroma(2,full_range=False,matrix=bt709,upsample=nearest)",luma/mean,4,0,0.327156,0.327156,0.326782,"RS(155,125)",0,0,"RS(255,39)",0.152941,1,2905,0.6972,4.6332
16,6,chroma_bt709_nearest,chroma,2,"chroma(2,full_range=False,matrix=bt709,upsample=nearest)",luma/saturated,4,0,0.0468661,0.0468661,0.0468132,"RS(155,125)",0.5,1.8576,"RS(255,213)",0.835294,1,15955,3.8292,4.6332
16,6,chroma_bt709_nearest,chroma,2,"chroma(2,full_range=False,matrix=bt709,upsample=nearest)",max/mean,4,0,0.325253,0.325253,0.32487,"RS(155,125)",0,0,"RS(255,53)",0.207843,0.75,3955,0.7119,4.6332
16,6,chroma_bt709_nearest,chroma,2,"chroma(2,full_range=False,matrix=bt709,upsample=nearest)",max/saturated,4,0,0.0468661,0.0468661,0.0468132,"RS(155,125)",0.5,1.8576,"RS(255,213)",0.835294,1,15955,3.8292,4.6332
16,6,chroma_nearest,chroma,1,"chroma(1,full_range=False,matrix=bt601,upsample=nearest)",luma/mean,4,0,0,0,0,"RS(155,125)",1,3.7152,"RS(155,154)",0.993548,1,19076,4.57824,4.6332
16,6,chroma_nearest,chroma,1,"chroma(1,full_range=False,matrix=bt601,upsample=nearest)",luma/saturated,4,0,0,0,0,"RS(155,125)",1,3.7152,"RS(155,154)",0.993548,1,19076,4.57824,4.6332
16,6,chroma_nearest,chroma,1,"chroma(1,full_range=False,matrix=bt601,upsample=nearest)",max/mean,4,0,0,0,0,"RS(155,125)",1,3.7152,"RS(155,154)",0.993548,1,19076,4.57824,4.6332
16,6,chroma_nearest,chroma,1,"chroma(1,full_range=False,matrix=bt601,upsample=nearest)",max/saturated,4,0,0,0,0,"RS(155,125)",1,3.7152,"RS(155,154)",0.993548,1,19076,4.57824,4.6332
16,6,chroma_nearest,chroma,1.5,"chroma(1.5,full_range=False,matrix=bt601,upsample=nearest)",luma/mean,4,0,0.443875,0.443875,0.443548,"RS(155,125)",0,0,"RS(255,254)",0.996078,0,19030,0,4.6332
16,6,chroma_nearest,chroma,1.5,"chroma(1.5,full_range=False,matrix=bt601,upsample=nearest)",luma/saturated,4,0,0.00224035,0.00224035,0.0021462,"RS(155,125)",1,3.7152,"RS(255,247)",0.968627,1,18505,4.4412,4.6332
16,6,chroma_nearest,chroma,1.5,"chroma(1.5,full_range=False,matrix=bt601,upsample=nearest)",max/mean,4,0,0.415967,0.415967,0.41557,"RS(155,125)",0,0,"RS(255,254)",0.996078,0,19030,0,4.6332
16,6,chroma_nearest,chroma,1.5,"chroma(1.5,full_range=False,matrix=bt601,upsample=nearest)",max/saturated,4,0,0.00224035,0.00224035,0.0021462,"RS(155,125)",1,3.7152,"RS(255,247)",0.968627,1,18505,4.4412,4.6332
16,6,chroma_nearest,chroma,2,"chroma(2,full_range=False,matrix=bt601,upsample=nearest)",luma/mean,4,0,0.330303,0.330303,0.330047,"RS(155,125)",0,0,"RS(255,39)",0.152941,1,2905,0.6972,4.6332
16,6,chroma_nearest,chroma,2,"chroma(2,full_range=False,matrix=bt601,upsample=nearest)",luma/saturated,4,0,0.024346,0.024346,0.0242976,"RS(155,125)",1,3.7152,"RS(255,231)",0.905882,1,17305,4.1532,4.6332
16,6,chroma_nearest,chroma,2,"chroma(2,full_range=False,matrix=bt601,upsample=nearest)",max/mean,4,0,0.330303,0.330303,0.330047,"RS(155,125)",0,0,"RS(255,39)",0.152941,1,2905,0.6972,4.6332
16,6,chroma_nearest,chroma,2,"chroma(2,full_range=False,matrix=bt601,upsample=nearest)",max/saturated,4,0,0.024346,0.024346,0.0242976,"RS(155,125)",1,3.7152,"RS(255,231)",0.905882,1,17305,4.1532,4.6332
16,6,chroma_nearest,chroma,3,"chroma(3,full_range=False,matrix=bt601,upsample=nearest)",luma/mean,4,0,0.789472,0.789472,0.789295,"RS(155,125)",0,0,"RS(255,254)",0.996078,0,19030,0,4.6332
16,6,chroma_nearest,chroma,3,"chroma(3,full_range=False,matrix=bt601,upsample=nearest)",luma/saturated,4,0,0.391207,0.391207,0.391181,"RS(155,125)",0,0,"RS(255,9)",0.0352941,0.5,655,0.0786,4.6332
16,6,chroma_nearest,chroma,3,"chroma(3,full_range=False,matrix=bt601,upsample=nearest)",max/mean,4,0,0.781598,0.781598,0.781439,"RS(155,125)",0,0,"RS(255,254)",0.996078,0,19030,0,4.6332
16,6,chroma_nearest,chroma,3,"chroma(3,full_range=False,matrix=bt601,upsample=nearest)",max/saturated,4,0,0.390922,0.390922,0.390882,"RS(155,125)",0,0,"RS(255,9)",0.0352941,0.5,655,0.0786,4.6332
16,6,chroma_nearest,chroma,4,"chroma(4,full_range=False,matrix=bt601,upsample=nearest)",luma/mean,4,0,0.85123,0.85123,0.851028,"RS(155,125)",0,0,"RS(255,254)",0.996078,0,19030,0,4.6332
16,6,chroma_nearest,chroma,4,"chroma(4,full_range=False,matrix=bt601,upsample=nearest)",luma/saturated,4,0,0.617198,0.617198,0.617274,"RS(155,125)",0,0,"RS(255,254)",0.996078,0,19030,0,4.6332
16,6,chroma_nearest,chroma,4,"chroma(4,full_range=False,matrix=bt601,upsample=nearest)",max/mean,4,0,0.848511,0.848511,0.848348,"RS(155,125)",0,0,"RS(255,254)",0.996078,0,19030,0,4.6332
16,6,chroma_nearest,chroma,4,"chroma(4,full_range=False,matrix=bt601,upsample=nearest)",max/saturated,4,0,0.616369,0.616369,0.616441,"RS(155,125)",0,0,"RS(255,254)",0.996078,0,19030,0,4.6332
16,6,clean,clean,0,clean,luma/mean,4,0,0,0,0,"RS(155,125)",1,3.7152,"RS(155,154)",0.993548,1,19076,4.57824,4.6332
16,6,clean,clean,0,clean,luma/saturated,4,0,0,0,0,"RS(155,125)",1,3.7152,"RS(155,154)",0.993548,1,19076,4.57824,4.6332
16,6,clean,clean,0,clean,max/mean,4,0,0,0,0,"RS(155,125)",1,3.7152,"RS(155,154)",0.993548,1,19076,4.57824,4.6332
16,6,clean,clean,0,clean,max/saturated,4,0,0,0,0,"RS(155,125)",1,3.7152,"RS(155,154)",0.993548,1,19076,4.57824,4.6332
16,6,noise,noise,10,noise(10),luma/mean,4,0,0,0,0,"RS(155,125)",1,3.7152,"RS(155,154)",0.993548,1,19076,4.57824,4.6332
16,6,noise,noise,10,noise(10),luma/saturated,4,0,0,0,0,"RS(155,125)",1,3.7152,"RS(155,154)",0.993548,1,19076,4.57824,4.6332
16,6,noise,noise,10,noise(10),max/mean,4,0,0,0,0,"RS(155,125)",1,3.7152,"RS(155,154)",0.993548,1,19076,4.57824,4.6332
16,6,noise,noise,10,noise(10),max/saturated,4,0,0,0,0,"RS(155,125)",1,3.7152,"RS(155,154)",0.993548,1,19076,4.57824,4.6332
16,6,noise,noise,20,noise(20),luma/mean,4,0,0,0,0,"RS(155,125)",1,3.7152,"RS(155,154)",0.993548,1,19076,4.57824,4.6332
16,6,noise,noise,20,noise(20),luma/saturated,4,0,0,0,0,"RS(155,125)",1,3.7152,"RS(155,154)",0.993548,1,19076,4.57824,4.6332
16,6,noise,noise,20,noise(20),max/mean,4,0,0,0,0,"RS(155,125)",1,3.7152,"RS(155,154)",0.993548,1,19076,4.57824,4.6332
16,6,noise,noise,20,noise(20),max/saturated,4,0,0,0,0,"RS(155,125)",1,3.7152,"RS(155,154)",0.993548,1,19076,4.57824,4.6332
16,6,noise,noise,40,noise(40),luma/mean,4,0,0,0,0,"RS(155,125)",1,3.7152,"RS(155,154)",0.993548,1,19076,4.57824,4.6332
16,6,noise,noise,40,noise(40),luma/saturated,4,0,0.042994,0.042994,0.042846,"RS(155,125)",1,3.7152,"RS(255,209)",0.819608,1,15655,3.7572,4.6332
16,6,noise,noise,40,noise(40),max/mean,4,0,0,0,0,"RS(155,125)",1,3.7152,"RS(155,154)",0.993548,1,19076,4.57824,4.6332
16,6,noise,noise,40,noise(40),max/saturated,4,0,0.041712,0.041712,0.0415583,"RS(155,125)",1,3.7152,"RS(155,127)",0.819355,1,15728,3.77472,4.6332
16,6,noise,noise,60,noise(60),luma/mean,4,0,0.00580161,0.00580161,0.00582726,"RS(155,125)",1,3.7152,"RS(255,245)",0.960784,1,18355,4.4052,4.6332
16,6,noise,noise,60,noise(60),luma/saturated,4,0,0.238073,0.238073,0.237799,"RS(155,125)",0,0,"RS(255,89)",0.34902,1,6655,1.5972,4.6332
16,6,noise,noise,60,noise(60),max/mean,4,0,0.00190365,0.00190365,0.00191207,"RS(155,125)",1,3.7152,"RS(255,249)",0.976471,1,18655,4.4772,4.6332
16,6,noise,noise,60,noise(60),max/saturated,4,0,0.225758,0.225758,0.225533,"RS(155,125)",0,0,"RS(255,97)",0.380392,1,7255,1.7412,4.6332
16,6,noise,noise,80,noise(80),luma/mean,4,5.18001e-05,0.118104,0.118117,0.118275,"RS(155,125)",0,0,"RS(255,169)",0.662745,1,12655,3.0372,4.6332
16,6,noise,noise,80,noise(80),luma/saturated,4,5.18001e-05,0.37173,0.371743,0.371631,"RS(155,125)",0,0,"RS(255,25)",0.0980392,1,1855,0.4452,4.6332
16,6,noise,noise,80,noise(80),max/mean,4,0,0.0578607,0.0578607,0.0578694,"RS(155,125)",0,0,"RS(255,199)",0.780392,1,14905,3.5772,4.6332
16,6,noise,noise,80,noise(80),max/saturated,4,0,0.346503,0.346503,0.346345,"RS(155,125)",0,0,"RS(255,33)",0.129412,1,2455,0.5892,4.6332
16,6,perspective,perspective,0.05,perspective(0.05),luma/mean,4,0,0,0,0,"RS(155,125)",1,3.7152,"RS(155,154)",0.993548,1,19076,4.57824,4.6332
16,6,perspective,perspective,0.05,perspective(0.05),luma/saturated,4,0,0,0,0,"RS(155,125)",1,3.7152,"RS(155,154)",0.993548,1,19076,4.57824,4.6332
16,6,perspective,perspective,0.05,perspective(0.05),max/mean,4,0,0,0,0,"RS(155,125)",1,3.7152,"RS(155,154)",0.993548,1,19076,4.57824,4.6332
16,6,perspective,perspective,0.05,perspective(0.05),max/saturated,4,0,0,0,0,"RS(155,125)",1,3.7152,"RS(155,154)",0.993548,1,19076,4.57824,4.6332
16,6,perspective,perspective,0.1,perspective(0.1),luma/mean,4,0,0,0,0,"RS(155,125)",1,3.7152,"RS(155,154)",0.993548,1,19076,4.57824,4.6332
16,6,perspective,perspective,0.1,perspective(0.1),luma/saturated,4,0,0,0,0,"RS(155,125)",1,3.7152,"RS(155,154)",0.993548,1,19076,4.57824,4.6332
16,6,perspective,perspective,0.1,perspective(0.1),max/mean,4,0,0,0,0,"RS(155,125)",1,3.7152,"RS(155,154)",0.993548,1,19076,4.57824,4.6332
16,6,perspective,perspective,0.1,perspective(0.1),max/saturated,4,0,0,0,0,"RS(155,125)",1,3.7152,"RS(155,154)",0.993548,1,19076,4.57824,4.6332
16,6,perspective,perspective,0.15,perspective(0.15),luma/mean,4,0,0,0,0,"RS(155,125)",1,3.7152,"RS(155,154)",0.993548,1,19076,4.57824,4.6332
16,6,perspective,perspective,0.15,perspective(0.15),luma/saturated,4,0,0,0,0,"RS(155,125)",1,3.7152,"RS(155,154)",0.993548,1,19076,4.57824,4.6332
16,6,perspective,perspective,0.15,perspective(0.15),max/mean,4,0,0,0,0,"RS(155,125)",1,3.7152,"RS(155,154)",0.993548,1,19076,4.57824,4.6332
16,6,perspective,perspective,0.15,perspective(0.15),max/saturated,4,0,0,0,0,"RS(155,125)",1,3.7152,"RS(155,154)",0.993548,1,19076,4.57824,4.6332
16,6,perspective,perspective,0.2,perspective(0.2),luma/mean,4,3.885e-05,0,3.885e-05,3.90219e-05,"RS(155,125)",1,3.7152,"RS(255,253)",0.992157,1,18955,4.5492,4.6332
16,6,perspective,perspective,0.2,perspective(0.2),luma/saturated,4,3.885e-05,0,3.885e-05,3.90219e-05,"RS(155,125)",1,3.7152,"RS(255,253)",0.992157,1,18955,4.5492,4.6332
16,6,perspective,perspective,0.2,perspective(0.2),max/mean,4,3.885e-05,0,3.885e-05,3.90219e-05,"RS(155,125)",1,3.7152,"RS(255,253)",0.992157,1,18955,4.5492,4.6332
16,6,perspective,perspective,0.2,perspective(0.2),max/saturated,4,3.885e-05,0,3.885e-05,3.90219e-05,"RS(155,125)",1,3.7152,"RS(255,253)",0.992157,1,18955,4.5492,4.6332
16,6,perspective,perspective,0.3,perspective(0.3),luma/mean,4,0.0333592,7.77001e-05,0.0333981,0.0334157,"RS(155,125)",0.75,2.7864,"RS(255,179)",0.701961,1,13405,3.2172,4.6332
16,6,perspective,perspective,0.3,perspective(0.3),luma/saturated,4,0.0333592,0.000259,0.0335276,0.0335458,"RS(155,125)",0.75,2.7864,"RS(255,179)",0.701961,1,13405,3.2172,4.6332
16,6,perspective,perspective,0.3,perspective(0.3),max/mean,4,0.0322714,3.885e-05,0.0322844,0.0323101,"RS(155,125)",0.75,2.7864,"RS(255,183)",0.717647,1,13705,3.2892,4.6332
16,6,perspective,perspective,0.3,perspective(0.3),max/saturated,4,0.0322714,0.0004662,0.0325434,0.0325702,"RS(155,125)",0.75,2.7864,"RS(255,183)",0.717647,1,13705,3.2892,4.6332
16,6,white_balance,white_balance,0.5,white_balance(0.5),luma/mean,4,0,0,0,0,"RS(155,125)",1,3.7152,"RS(155,154)",0.993548,1,19076,4.57824,4.6332
16,6,white_balance,white_balance,0.5,white_balance(0.5),luma/saturated,4,0,0,0,0,"RS(155,125)",1,3.7152,"RS(155,154)",0.993548,1,19076,4.57824,4.6332
16,6,white_balance,white_balance,0.5,white_balance(0.5),max/mean,4,0,0,0,0,"RS(155,125)",1,3.7152,"RS(155,154)",0.993548,1,19076,4.57824,4.6332
16,6,white_balance,white_balance,0.5,white_balance(0.5),max/saturated,4,0,0,0,0,"RS(155,125)",1,3.7152,"RS(155,154)",0.993548,1,19076,4.57824,4.6332
16,6,white_balance,white_balance,1,white_balance(1),luma/mean,4,0,0,0,0,"RS(155,125)",1,3.7152,"RS(155,154)",0.993548,1,19076,4.57824,4.6332
16,6,white_balance,white_balance,1,white_balance(1),luma/saturated,4,0,0,0,0,"RS(155,125)",1,3.7152,"RS(155,154)",0.993548,1,19076,4.57824,4.6332
16,6,white_balance,white_balance,1,white_balance(1),max/mean,4,0,0,0,0,"RS(155,125)",1,3.7152,"RS(155,154)",0.993548,1,19076,4.57824,4.6332
16,6,white_balance,white_balance,1,white_balance(1),max/saturated,4,0,0,0,0,"RS(155,125)",1,3.7152,"RS(155,154)",0.993548,1,19076,4.57824,4.6332
16,6,white_balance,white_balance,2,white_balance(2),luma/mean,4,0,0,0,0,"RS(155,125)",1,3.7152,"RS(155,154)",0.993548,1,19076,4.57824,4.6332
16,6,white_balance,white_balance,2,white_balance(2),luma/saturated,4,0,0,0,0,"RS(155,125)",1,3.7152,"RS(155,154)",0.993548,1,19076,4.57824,4.6332
16,6,white_balance,white_balance,2,white_balance(2),max/mean,4,0,0,0,0,"RS(155,125)",1,3.7152,"RS(155,154)",0.993548,1,19076,4.57824,4.6332
16,6,white_balance,white_balance,2,white_balance(2),max/saturated,4,0,0,0,0,"RS(155,125)",1,3.7152,"RS(155,154)",0.993548,1,19076,4.57824,4.6332
16,6,white_balance,white_balance,3,white_balance(3),luma/mean,4,0,0.252914,0.252914,0.252992,"RS(155,125)",0,0,"RS(255,89)",0.34902,1,6655,1.5972,4.6332
16,6,white_balance,white_balance,3,white_balance(3),luma/saturated,4,0,0.252914,0.252914,0.252992,"RS(155,125)",0,0,"RS(255,89)",0.34902,1,6655,1.5972,4.6332
16,6,white_balance,white_balance,3,white_balance(3),max/mean,4,0,0.252914,0.252914,0.252992,"RS(155,125)",0,0,"RS(255,89)",0.34902,1,6655,1.5972,4.6332
16,6,white_balance,white_balance,3,white_balance(3),max/saturated,4,0,0.252914,0.252914,0.252992,"RS(155,125)",0,0,"RS(255,89)",0.34902,1,6655,1.5972,4.6332
16,6,white_balance,white_balance,4,white_balance(4),luma/mean,4,0,0.252914,0.252914,0.252992,"RS(155,125)",0,0,"RS(255,89)",0.34902,1,6655,1.5972,4.6332
16,6,white_balance,white_balance,4,white_balance(4),luma/saturated,4,0,0.252914,0.252914,0.252992,"RS(155,125)",0,0,"RS(255,89)",0.34902,1,6655,1.5972,4.6332
16,6,white_balance,white_balance,4,white_balance(4),max/mean,4,0,0.252914,0.252914,0.252992,"RS(155,125)",0,0,"RS(255,89)",0.34902,1,6655,1.5972,4.6332
16,6,white_balance,white_balance,4,white_balance(4),max/saturated,4,0,0.252914,0.252914,0.252992,"RS(155,125)",0,0,"RS(255,89)",0.34902,1,6655,1.5972,4.6332
16,8,blur,blur,0.5,blur(0.5),luma/mean,4,0,0,0,0,"RS(155,125)",1,2.2452,"RS(155,154)",0.993548,1,11530,2.7672,2.808
16,8,blur,blur,0.5,blur(0.5),luma/saturated,4,0,0,0,0,"RS(155,125)",1,2.2452,"RS(155,154)",0.993548,1,11530,2.7672,2.808
16,8,blur,blur,0.5,blur(0.5),max/mean,4,0,0,0,0,"RS(155,125)",1,2.2452,"RS(155,154)",0.993548,1,11530,2.7672,2.808
16,8,blur,blur,0.5,blur(0.5),max/saturated,4,0,0,0,0,"RS(155,125)",1,2.2452,"RS(155,154)",0.993548,1,11530,2.7672,2.808
16,8,blur,blur,0.75,blur(0.75),luma/mean,4,0,0,0,0,"RS(155,125)",1,2.2452,"RS(155,154)",0.993548,1,11530,2.7672,2.808
16,8,blur,blur,0.75,blur(0.75),luma/saturated,4,0,0,0,0,"RS(155,125)",1,2.2452,"RS(155,154)",0.993548,1,11530,2.7672,2.808
16,8,blur,blur,0.75,blur(0.75),max/mean,4,0,0,0,0,"RS(155,125)",1,2.2452,"RS(155,154)",0.993548,1,11530,2.7672,2.808
16,8,blur,blur,0.75,blur(0.75),max/saturated,4,0,0,0,0,"RS(155,125)",1,2.2452,"RS(155,154)",0.993548,1,11530,2.7672,2.808
16,8,blur,blur,1,blur(1),luma/mean,4,0,0,0,0,"RS(155,125)",1,2.2452,"RS(155,154)",0.993548,1,11530,2.7672,2.808
16,8,blur,blur,1,blur(1),luma/saturated,4,0,0,0,0,"RS(155,125)",1,2.2452,"RS(155,154)",0.993548,1,11530,2.7672,2.808
16,8,blur,blur,1,blur(1),max/mean,4,0,0,0,0,"RS(155,125)",1,2.2452,"RS(155,154)",0.993548,1,11530,2.7672,2.808
16,8,blur,blur,1,blur(1),max/saturated,4,0,0,0,0,"RS(155,125)",1,2.2452,"RS(155,154)",0.993548,1,11530,2.7672,2.808
16,8,blur,blur,1.25,blur(1.25),luma/mean,4,2.13675e-05,0,2.13675e-05,2.15054e-05,"RS(155,125)",1,2.2452,"RS(155,153)",0.987097,1,11455,2.7492,2.808
16,8,blur,blur,1.25,blur(1.25),luma/saturated,4,2.13675e-05,0,2.13675e-05,2.15054e-05,"RS(155,125)",1,2.2452,"RS(155,153)",0.987097,1,11455,2.7492,2.808
16,8,blur,blur,1.25,blur(1.25),max/mean,4,0,0,0,0,"RS(155,125)",1,2.2452,"RS(155,154)",0.993548,1,11530,2.7672,2.808
16,8,blur,blur,1.25,blur(1.25),max/saturated,4,0,0,0,0,"RS(155,125)",1,2.2452,"RS(155,154)",0.993548,1,11530,2.7672,2.808
16,8,blur,blur,1.5,blur(1.5),luma/mean,4,0.0288889,4.2735e-05,0.0289316,0.0290108,"RS(155,125)",1,2.2452,"RS(255,225)",0.882353,1,10105,2.4252,2.808
16,8,blur,blur,1.5,blur(1.5),luma/saturated,4,0.0288889,0.000128205,0.0290171,0.0290968,"RS(155,125)",1,2.2452,"RS(255,225)",0.882353,1,10105,2.4252,2.808
16,8,blur,blur,1.5,blur(1.5),max/mean,4,0.0406624,0,0.0406624,0.0407742,"RS(155,125)",0.75,1.6839,"RS(255,213)",0.835294,1,9565,2.2956,2.808
16,8,blur,blur,1.5,blur(1.5),max/saturated,4,0.0406624,0.000363248,0.0410256,0.0411398,"RS(155,125)",0.75,1.6839,"RS(255,213)",0.835294,1,9565,2.2956,2.808
16,8,blur,blur,2,blur(2),luma/mean,4,0.236944,0.0145085,0.244252,0.244839,"RS(155,125)",0,0,"RS(255,83)",0.32549,1,3715,0.8916,2.808
16,8,blur,blur,2,blur(2),luma/saturated,4,0.236944,0.00762821,0.242521,0.243097,"RS(155,125)",0,0,"RS(255,87)",0.341176,1,3895,0.9348,2.808
16,8,blur,blur,2,blur(2),max/mean,4,0.248547,0.000576923,0.248932,0.249419,"RS(155,125)",0,0,"RS(255,83)",0.32549,1,3715,0.8916,2.808
16,8,blur,blur,2,blur(2),max/saturated,4,0.248547,0.0130342,0.257991,0.258495,"RS(155,125)",0,0,"RS(255,81)",0.317647,1,3625,0.87,2.808
16,8,chroma_bilinear,chroma,1,"chroma(1,full_range=False,matrix=bt601,upsample=bilinear)",luma/mean,4,0,0,0,0,"RS(155,125)",1,2.2452,"RS(155,154)",0.993548,1,11530,2.7672,2.808
16,8,chroma_bilinear,chroma,1,"chroma(1,full_range=False,matrix=bt601,upsample=bilinear)",luma/saturated,4,0,0,0,0,"RS(155,125)",1,2.2452,"RS(155,154)",0.993548,1,11530,2.7672,2.808
16,8,chroma_bilinear,chroma,1,"chroma(1,full_range=False,matrix=bt601,upsample=bilinear)",max/mean,4,0,0,0,0,"RS(155,125)",1,2.2452,"RS(155,154)",0.993548,1,11530,2.7672,2.808
16,8,chroma_bilinear,chroma,1,"chroma(1,full_range=False,matrix=bt601,upsample=bilinear)",max/saturated,4,0,0,0,0,"RS(155,125)",1,2.2452,"RS(155,154)",0.993548,1,11530,2.7672,2.808
16,8,chroma_bilinear,chroma,1.5,"chroma(1.5,full_range=False,matrix=bt601,upsample=bilinear)",luma/mean,4,0,0.27297,0.27297,0.273011,"RS(155,125)",0,0,"RS(255,73)",0.286275,1,3265,0.7836,2.808
16,8,chroma_bilinear,chroma,1.5,"chroma(1.5,full_range=False,matrix=bt601,upsample=bilinear)",luma/saturated,4,0,0.00818376,0.00818376,0.00823656,"RS(155,125)",1,2.2452,"RS(155,147)",0.948387,1,11005,2.6412,2.808
16,8,chroma_bilinear,chroma,1.5,"chroma(1.5,full_range=False,matrix=bt601,upsample=bilinear)",max/mean,4,0,0.27297,0.27297,0.273011,"RS(155,125)",0,0,"RS(255,73)",0.286275,1,3265,0.7836,2.808
16,8,chroma_bilinear,chroma,1.5,"chroma(1.5,full_range=False,matrix=bt601,upsample=bilinear)",max/saturated,4,0,0.00818376,0.00818376,0.00823656,"RS(155,125)",1,2.2452,"RS(155,147)",0.948387,1,11005,2.6412,2.808
16,8,chroma_bilinear,chroma,2,"chroma(2,full_range=False,matrix=bt601,upsample=bilinear)",luma/mean,4,0,0.447436,0.447436,0.447613,"RS(155,125)",0,0,"RS(255,254)",0.996078,0,11410,0,2.808
16,8,chroma_bilinear,chroma,2,"chroma(2,full_range=False,matrix=bt601,upsample=bilinear)",luma/saturated,4,0,0.0690812,0.0690812,0.0693118,"RS(155,125)",0,0,"RS(255,197)",0.772549,1,8845,2.1228,2.808
16,8,chroma_bilinear,chroma,2,"chroma(2,full_range=False,matrix=bt601,upsample=bilinear)",max/mean,4,0,0.447286,0.447286,0.447462,"RS(155,125)",0,0,"RS(255,254)",0.996078,0,11410,0,2.808
16,8,chroma_bilinear,chroma,2,"chroma(2,full_range=False,matrix=bt601,upsample=bilinear)",max/saturated,4,0,0.0691026,0.0691026,0.0693333,"RS(155,125)",0,0,"RS(255,197)",0.772549,1,8845,2.1228,2.808
16,8,chroma_bilinear,chroma,3,"chroma(3,full_range=False,matrix=bt601,upsample=bilinear)",luma/mean,4,0,0.772778,0.772778,0.773204,"RS(155,125)",0,0,"RS(255,254)",0.996078,0,11410,0,2.808
16,8,chroma_bilinear,chroma,3,"chroma(3,full_range=False,matrix=bt601,upsample=bilinear)",luma/saturated,4,0,0.382308,0.382308,0.382624,"RS(155,125)",0,0,"RS(255,13)",0.0509804,1,565,0.1356,2.808
16,8,chroma_bilinear,chroma,3,"chroma(3,full_range=False,matrix=bt601,upsample=bilinear)",max/mean,4,0,0.772756,0.772756,0.773183,"RS(155,125)",0,0,"RS(255,254)",0.996078,0,11410,0,2.808
16,8,chroma_bilinear,chroma,3,"chroma(3,full_range=False,matrix=bt601,upsample=bilinear)",max/saturated,4,0,0.382115,0.382115,0.38243,"RS(155,125)",0,0,"RS(255,13)",0.0509804,1,565,0.1356,2.808
16,8,chroma_bilinear,chroma,4,"chroma(4,full_range=False,matrix=bt601,upsample=bilinear)",luma/mean,4,0,0.880406,0.880406,0.880065,"RS(155,125)",0,0,"RS(255,254)",0.996078,0,11410,0,2.808
16,8,chroma_bilinear,chroma,4,"chroma(4,full_range=False,matrix=bt601,upsample=bilinear)",luma/saturated,4,0,0.605641,0.605641,0.605441,"RS(155,125)",0,0,"RS(255,254)",0.996078,0,11410,0,2.808
16,8,chroma_bilinear,chroma,4,"chroma(4,full_range=False,matrix=bt601,upsample=bilinear)",max/mean,4,0,0.880385,0.880385,0.880043,"RS(155,125)",0,0,"RS(255,254)",0.996078,0,11410,0,2.808
16,8,chroma_bilinear,chroma,4,"chroma(4,full_range=False,matrix=bt601,upsample=bilinear)",max/saturated,4,0,0.605,0.605,0.604796,"RS(155,125)",0,0,"RS(255,254)",0.996078,0,11410,0,2.808
16,8,chroma_bt709_bilinear,chroma,2,"chroma(2,full_range=False,matrix=bt709,upsample=bilinear)",luma/mean,4,0,0.424145,0.424145,0.424151,"RS(155,125)",0,0,"RS(255,11)",0.0431373,0.5,475,0.057,2.808
16,8,chroma_bt709_bilinear,chroma,2,"chroma(2,full_range=False,matrix=bt709,upsample=bilinear)",luma/saturated,4,0,0.0874573,0.0874573,0.0877849,"RS(155,125)",0,0,"RS(255,187)",0.733333,1,8395,2.0148,2.808
16,8,chroma_bt709_bilinear,chroma,2,"chroma(2,full_range=False,matrix=bt709,upsample=bilinear)",max/mean,4,0,0.422778,0.422778,0.422774,"RS(155,125)",0,0,"RS(255,9)",0.0352941,0.75,385,0.0693,2.808
16,8,chroma_bt709_bilinear,chroma,2,"chroma(2,full_range=False,matrix=bt709,upsample=bilinear)",max/saturated,4,0,0.0874359,0.0874359,0.0877634,"RS(155,125)",0,0,"RS(255,187)",0.733333,1,8395,2.0148,2.808
16,8,chroma_bt709_nearest,chroma,2,"chroma(2,full_range=False,matrix=bt709,upsample=nearest)",luma/mean,4,0,0.244701,0.244701,0.245075,"RS(155,125)",0,0,"RS(255,97)",0.380392,1,4345,1.0428,2.808
16,8,chroma_bt709_nearest,chroma,2,"chroma(2,full_range=False,matrix=bt709,upsample=nearest)",luma/saturated,4,0,0.005,0.005,0.00503226,"RS(155,125)",1,2.2452,"RS(255,245)",0.960784,1,11005,2.6412,2.808
16,8,chroma_bt709_nearest,chroma,2,"chroma(2,full_range=False,matrix=bt709,upsample=nearest)",max/mean,4,0,0.244701,0.244701,0.245075,"RS(155,125)",0,0,"RS(255,97)",0.380392,1,4345,1.0428,2.808
16,8,chroma_bt709_nearest,chroma,2,"chroma(2,full_range=False,matrix=bt709,upsample=nearest)",max/saturated,4,0,0.005,0.005,0.00503226,"RS(155,125)",1,2.2452,"RS(255,245)",0.960784,1,11005,2.6412,2.808
16,8,chroma_nearest,chroma,1,"chroma(1,full_range=False,matrix=bt601,upsample=nearest)",luma/mean,4,0,0,0,0,"RS(155,125)",1,2.2452,"RS(155,154)",0.993548,1,11530,2.7672,2.808
16,8,chroma_nearest,chroma,1,"chroma(1,full_range=False,matrix=bt601,upsample=nearest)",luma/saturated,4,0,0,0,0,"RS(155,125)",1,2.2452,"RS(155,154)",0.993548,1,11530,2.7672,2.808
16,8,chroma_nearest,chroma,1,"chroma(1,full_range=False,matrix=bt601,upsample=nearest)",max/mean,4,0,0,0,0,"RS(155,125)",1,2.2452,"RS(155,154)",0.993548,1,11530,2.7672,2.808
16,8,chroma_nearest,chroma,1,"chroma(1,full_range=False,matrix=bt601,upsample=nearest)",max/saturated,4,0,0,0,0,"RS(155,125)",1,2.2452,"RS(155,154)",0.993548,1,11530,2.7672,2.808
16,8,chroma_nearest,chroma,1.5,"chroma(1.5,full_range=False,matrix=bt601,upsample=nearest)",luma/mean,4,0,0.313803,0.313803,0.313161,"RS(155,125)",0,0,"RS(255,45)",0.176471,1,2005,0.4812,2.808
16,8,chroma_nearest,chroma,1.5,"chroma(1.5,full_range=False,matrix=bt601,upsample=nearest)",luma/saturated,4,0,0.000918803,0.000918803,0.000924731,"RS(155,125)",1,2.2452,"RS(255,249)",0.976471,1,11185,2.6844,2.808
16,8,chroma_nearest,chroma,1.5,"chroma(1.5,full_range=False,matrix=bt601,upsample=nearest)",max/mean,4,0,0.308056,0.308056,0.307376,"RS(155,125)",0,0,"RS(255,51)",0.2,1,2275,0.546,2.808
16,8,chroma_nearest,chroma,1.5,"chroma(1.5,full_range=False,matrix=bt601,upsample=nearest)",max/saturated,4,0,0.000918803,0.000918803,0.000924731,"RS(155,125)",1,2.2452,"RS(255,249)",0.976471,1,11185,2.6844,2.808
16,8,chroma_nearest,chroma,2,"chroma(2,full_range=False,matrix=bt601,upsample=nearest)",luma/mean,4,0,0.225812,0.225812,0.226323,"RS(155,125)",0,0,"RS(255,105)",0.411765,1,4705,1.1292,2.808
16,8,chroma_nearest,chroma,2,"chroma(2,full_range=False,matrix=bt601,upsample=nearest)",luma/saturated,4,0,0.000940171,0.000940171,0.000946237,"RS(155,125)",1,2.2452,"RS(155,151)",0.974194,1,11305,2.7132,2.808
16,8,chroma_nearest,chroma,2,"chroma(2,full_range=False,matrix=bt601,upsample=nearest)",max/mean,4,0,0.225812,0.225812,0.226323,"RS(155,125)",0,0,"RS(255,105)",0.411765,1,4705,1.1292,2.808
16,8,chroma_nearest,chroma,2,"chroma(2,full_range=False,matrix=bt601,upsample=nearest)",max/saturated,4,0,0.000940171,0.000940171,0.000946237,"RS(155,125)",1,2.2452,"RS(155,151)",0.974194,1,11305,2.7132,2.808
16,8,chroma_nearest,chroma,3,"chroma(3,full_range=False,matrix=bt601,upsample=nearest)",luma/mean,4,0,0.66359,0.66359,0.66428,"RS(155,125)",0,0,"RS(255,254)",0.996078,0,11410,0,2.808
16,8,chroma_nearest,chroma,3,"chroma(3,full_range=False,matrix=bt601,upsample=nearest)",luma/saturated,4,0,0.12453,0.12453,0.124559,"RS(155,125)",0,0,"RS(255,167)",0.654902,1,7495,1.7988,2.808
16,8,chroma_nearest,chroma,3,"chroma(3,full_range=False,matrix=bt601,upsample=nearest)",max/mean,4,0,0.649103,0.649103,0.649828,"RS(155,125)",0,0,"RS(255,254)",0.996078,0,11410,0,2.808
16,8,chroma_nearest,chroma,3,"chroma(3,full_range=False,matrix=bt601,upsample=nearest)",max/saturated,4,0,0.124466,0.124466,0.124495,"RS(155,125)",0,0,"RS(255,167)",0.654902,1,7495,1.7988,2.808
16,8,chroma_nearest,chroma,4,"chroma(4,full_range=False,matrix=bt601,upsample=nearest)",luma/mean,4,0,0.755192,0.755192,0.754667,"RS(155,125)",0,0,"RS(255,254)",0.996078,0,11410,0,2.808
16,8,chroma_nearest,chroma,4,"chroma(4,full_range=False,matrix=bt601,upsample=nearest)",luma/saturated,4,0,0.390449,0.390449,0.39043,"RS(155,125)",0,0,"RS(255,29)",0.113725,0.75,1285,0.2313,2.808
16,8,chroma_nearest,chroma,4,"chroma(4,full_range=False,matrix=bt601,upsample=nearest)",max/mean,4,0,0.747286,0.747286,0.746796,"RS(155,125)",0,0,"RS(255,254)",0.996078,0,11410,0,2.808
16,8,chroma_nearest,chroma,4,"chroma(4,full_range=False,matrix=bt601,upsample=nearest)",max/saturated,4,0,0.389637,0.389637,0.389613,"RS(155,125)",0,0,"RS(255,29)",0.113725,0.75,1285,0.2313,2.808
16,8,clean,clean,0,clean,luma/mean,4,0,0,0,0,"RS(155,125)",1,2.2452,"RS(155,154)",0.993548,1,11530,2.7672,2.808
16,8,clean,clean,0,clean,luma/saturated,4,0,0,0,0,"RS(155,125)",1,2.2452,"RS(155,154)",0.993548,1,11530,2.7672,2.808
16,8,clean,clean,0,clean,max/mean,4,0,0,0,0,"RS(155,125)",1,2.2452,"RS(155,154)",0.993548,1,11530,2.7672,2.808
16,8,clean,clean,0,clean,max/saturated,4,0,0,0,0,"RS(155,125)",1,2.2452,"RS(155,154)",0.993548,1,11530,2.7672,2.808
16,8,noise,noise,10,noise(10),luma/mean,4,0,0,0,0,"RS(155,125)",1,2.2452,"RS(155,154)",0.993548,1,11530,2.7672,2.808
16,8,noise,noise,10,noise(10),luma/saturated,4,0,0,0,0,"RS(155,125)",1,2.2452,"RS(155,154)",0.993548,1,11530,2.7672,2.808
16,8,noise,noise,10,noise(10),max/mean,4,0,0,0,0,"RS(155,125)",1,2.2452,"RS(155,154)",0.993548,1,11530,2.7672,2.808
16,8,noise,noise,10,noise(10),max/saturated,4,0,0,0,0,"RS(155,125)",1,2.2452,"RS(155,154)",0.993548,1,11530,2.7672,2.808
16,8,noise,noise,20,noise(20),luma/mean,4,0,0,0,0,"RS(155,125)",1,2.2452,"RS(155,154)",0.993548,1,11530,2.7672,2.808
16,8,noise,noise,20,noise(20),luma/saturated,4,0,0,0,0,"RS(155,125)",1,2.2452,"RS(155,154)",0.993548,1,11530,2.7672,2.808
16,8,noise,noise,20,noise(20),max/mean,4,0,0,0,0,"RS(155,125)",1,2.2452,"RS(155,154)",0.993548,1,11530,2.7672,2.808
16,8,noise,noise,20,noise(20),max/saturated,4,0,0,0,0,"RS(155,125)",1,2.2452,"RS(155,154)",0.993548,1,11530,2.7672,2.808
16,8,noise,noise,40,noise(40),luma/mean,4,0,0,0,0,"RS(155,125)",1,2.2452,"RS(155,154)",0.993548,1,11530,2.7672,2.808
16,8,noise,noise,40,noise(40),luma/saturated,4,0,0.00989316,0.00989316,0.00987097,"RS(155,125)",1,2.2452,"RS(255,237)",0.929412,1,10645,2.5548,2.808
16,8,noise,noise,40,noise(40),max/mean,4,0,0,0,0,"RS(155,125)",1,2.2452,"RS(155,154)",0.993548,1,11530,2.7672,2.808
16,8,noise,noise,40,noise(40),max/saturated,4,0,0.00982906,0.00982906,0.00980645,"RS(155,125)",1,2.2452,"RS(255,237)",0.929412,1,10645,2.5548,2.808
16,8,noise,noise,60,noise(60),luma/mean,4,0,0.00104701,0.00104701,0.00105376,"RS(155,125)",1,2.2452,"RS(255,249)",0.976471,1,11185,2.6844,2.808
16,8,noise,noise,60,noise(60),luma/saturated,4,0,0.150085,0.150085,0.150172,"RS(155,125)",0,0,"RS(255,145)",0.568627,1,6505,1.5612,2.808
16,8,noise,noise,60,noise(60),max/mean,4,0,8.54701e-05,8.54701e-05,8.60215e-05,"RS(155,125)",1,2.2452,"RS(155,153)",0.987097,1,11455,2.7492,2.808
16,8,noise,noise,60,noise(60),max/saturated,4,0,0.154145,0.154145,0.154086,"RS(155,125)",0,0,"RS(255,147)",0.576471,1,6595,1.5828,2.808
16,8,noise,noise,80,noise(80),luma/mean,4,0,0.0791026,0.0791026,0.0794194,"RS(155,125)",0,0,"RS(255,181)",0.709804,1,8125,1.95,2.808
16,8,noise,noise,80,noise(80),luma/saturated,4,0,0.251838,0.251838,0.251871,"RS(155,125)",0,0,"RS(255,91)",0.356863,1,4075,0.978,2.808
16,8,noise,noise,80,noise(80),max/mean,4,0,0.0196368,0.0196368,0.0196344,"RS(155,125)",1,2.2452,"RS(255,231)",0.905882,1,10375,2.49,2.808
16,8,noise,noise,80,noise(80),max/saturated,4,0,0.244444,0.244444,0.244323,"RS(155,125)",0,0,"RS(255,99)",0.388235,1,4435,1.0644,2.808
16,8,perspective,perspective,0.05,perspective(0.05),luma/mean,4,0,0,0,0,"RS(155,125)",1,2.2452,"RS(155,154)",0.993548,1,11530,2.7672,2.808
16,8,perspective,perspective,0.05,perspective(0.05),luma/saturated,4,0,0,0,0,"RS(155,125)",1,2.2452,"RS(155,154)",0.993548,1,11530,2.7672,2.808
16,8,perspective,perspective,0.05,perspective(0.05),max/mean,4,0,0,0,0,"RS(155,125)",1,2.2452,"RS(155,154)",0.993548,1,11530,2.7672,2.808
16,8,perspective,perspective,0.05,perspective(0.05),max/saturated,4,0,0,0,0,"RS(155,125)",1,2.2452,"RS(155,154)",0.993548,1,11530,2.7672,2.808
16,8,perspective,perspective,0.1,perspective(0.1),luma/mean,4,0,0,0,0,"RS(155,125)",1,2.2452,"RS(155,154)",0.993548,1,11530,2.7672,2.808
16,8,perspective,perspective,0.1,perspective(0.1),luma/saturated,4,0,0,0,0,"RS(155,125)",1,2.2452,"RS(155,154)",0.993548,1,11530,2.7672,2.808
16,8,perspective,perspective,0.1,perspective(0.1),max/mean,4,0,0,0,0,"RS(155,125)",1,2.2452,"RS(155,154)",0.993548,1,11530,2.7672,2.808
16,8,perspective,perspective,0.1,perspective(0.1),max/saturated,4,0,0,0,0,"RS(155,125)",1,2.2452,"RS(155,154)",0.993548,1,11530,2.7672,2.808
16,8,perspective,perspective,0.15,perspective(0.15),luma/mean,4,0,0,0,0,"RS(155,125)",1,2.2452,"RS(155,154)",0.993548,1,11530,2.7672,2.808
16,8,perspective,perspective,0.15,perspective(0.15),luma/saturated,4,0,0,0,0,"RS(155,125)",1,2.2452,"RS(155,154)",0.993548,1,11530,2.7672,2.808
16,8,perspective,perspective,0.15,perspective(0.15),max/mean,4,0,0,0,0,"RS(155,125)",1,2.2452,"RS(155,154)",0.993548,1,11530,2.7672,2.808
16,8,perspective,perspective,0.15,perspective(0.15),max/saturated,4,0,0,0,0,"RS(155,125)",1,2.2452,"RS(155,154)",0.993548,1,11530,2.7672,2.808
16,8,perspective,perspective,0.2,perspective(0.2),luma/mean,4,0,0,0,0,"RS(155,125)",1,2.2452,"RS(155,154)",0.993548,1,11530,2.7672,2.808
16,8,perspective,perspective,0.2,perspective(0.2),luma/saturated,4,0,0,0,0,"RS(155,125)",1,2.2452,"RS(155,154)",0.993548,1,11530,2.7672,2.808
16,8,perspective,perspective,0.2,perspective(0.2),max/mean,4,0,0,0,0,"RS(155,125)",1,2.2452,"RS(155,154)",0.993548,1,11530,2.7672,2.808
16,8,perspective,perspective,0.2,perspective(0.2),max/saturated,4,0,0,0,0,"RS(155,125)",1,2.2452,"RS(155,154)",0.993548,1,11530,2.7672,2.808
16,8,perspective,perspective,0.3,perspective(0.3),luma/mean,4,0.00946581,0,0.00946581,0.00946237,"RS(155,125)",1,2.2452,"RS(255,223)",0.87451,1,10015,2.4036,2.808
16,8,perspective,perspective,0.3,perspective(0.3),luma/saturated,4,0.00946581,4.2735e-05,0.00948718,0.00948387,"RS(155,125)",1,2.2452,"RS(255,223)",0.87451,1,10015,2.4036,2.808
16,8,perspective,perspective,0.3,perspective(0.3),max/mean,4,0.00955128,0,0.00955128,0.00954839,"RS(155,125)",1,2.2452,"RS(255,225)",0.882353,1,10105,2.4252,2.808
16,8,perspective,perspective,0.3,perspective(0.3),max/saturated,4,0.00955128,4.2735e-05,0.00957265,0.00956989,"RS(155,125)",1,2.2452,"RS(255,225)",0.882353,1,10105,2.4252,2.808
16,8,white_balance,white_balance,0.5,white_balance(0.5),luma/mean,4,0,0,0,0,"RS(155,125)",1,2.2452,"RS(155,154)",0.993548,1,11530,2.7672,2.808
16,8,white_balance,white_balance,0.5,white_balance(0.5),luma/saturated,4,0,0,0,0,"RS(155,125)",1,2.2452,"RS(155,154)",0.993548,1,11530,2.7672,2.808
16,8,white_balance,white_balance,0.5,white_balance(0.5),max/mean,4,0,0,0,0,"RS(155,125)",1,2.2452,"RS(155,154)",0.993548,1,11530,2.7672,2.808
16,8,white_balance,white_balance,0.5,white_balance(0.5),max/saturated,4,0,0,0,0,"RS(155,125)",1,2.2452,"RS(155,154)",0.993548,1,11530,2.7672,2.808
16,8,white_balance,white_balance,1,white_balance(1),luma/mean,4,0,0,0,0,"RS(155,125)",1,2.2452,"RS(155,154)",0.993548,1,11530,2.7672,2.808
16,8,white_balance,white_balance,1,white_balance(1),luma/saturated,4,0,0,0,0,"RS(155,125)",1,2.2452,"RS(155,154)",0.993548,1,11530,2.7672,2.808
16,8,white_balance,white_balance,1,white_balance(1),max/mean,4,0,0,0,0,"RS(155,125)",1,2.2452,"RS(155,154)",0.993548,1,11530,2.7672,2.808
16,8,white_balance,white_balance,1,white_balance(1),max/saturated,4,0,0,0,0,"RS(155,125)",1,2.2452,"RS(155,154)",0.993548,1,11530,2.7672,2.808
16,8,white_balance,white_balance,2,white_balance(2),luma/mean,4,0,0,0,0,"RS(155,125)",1,2.2452,"RS(155,154)",0.993548,1,11530,2.7672,2.808
16,8,white_balance,white_balance,2,white_balance(2),luma/saturated,4,0,0,0,0,"RS(155,125)",1,2.2452,"RS(155,154)",0.993548,1,11530,2.7672,2.808
16,8,white_balance,white_balance,2,white_balance(2),max/mean,4,0,0,0,0,"RS(155,125)",1,2.2452,"RS(155,154)",0.993548,1,11530,2.7672,2.808
16,8,white_balance,white_balance,2,white_balance(2),max/saturated,4,0,0,0,0,"RS(155,125)",1,2.2452,"RS(155,154)",0.993548,1,11530,2.7672,2.808
16,8,white_balance,white_balance,3,white_balance(3),luma/mean,4,0,0.25297,0.25297,0.252538,"RS(155,125)",0,0,"RS(255,93)",0.364706,1,4165,0.9996,2.808
16,8,white_balance,white_balance,3,white_balance(3),luma/saturated,4,0,0.25297,0.25297,0.252538,"RS(155,125)",0,0,"RS(255,93)",0.364706,1,4165,0.9996,2.808
16,8,white_balance,white_balance,3,white_balance(3),max/mean,4,0,0.25297,0.25297,0.252538,"RS(155,125)",0,0,"RS(255,93)",0.364706,1,4165,0.9996,2.808
16,8,white_balance,white_balance,3,white_balance(3),max/saturated,4,0,0.25297,0.25297,0.252538,"RS(155,125)",0,0,"RS(255,93)",0.364706,1,4165,0.9996,2.808
16,8,white_balance,white_balance,4,white_balance(4),luma/mean,4,0,0.25297,0.25297,0.252538,"RS(155,125)",0,0,"RS(255,93)",0.364706,1,4165,0.9996,2.808
16,8,white_balance,white_balance,4,white_balance(4),luma/saturated,4,0,0.25297,0.25297,0.252538,"RS(155,125)",0,0,"RS(255,93)",0.364706,1,4165,0.9996,2.808
16,8,white_balance,white_balance,4,white_balance(4),max/mean,4,0,0.25297,0.25297,0.252538,"RS(155,125)",0,0,"RS(255,93)",0.364706,1,4165,0.9996,2.808
16,8,white_balance,white_balance,4,white_balance(4),max/saturated,4,0,0.25297,0.25297,0.252538,"RS(155,125)",0,0,"RS(255,93)",0.364706,1,4165,0.9996,2.808
16,10,blur,blur,0.5,blur(0.5),luma/mean,4,0,0,0,0,"RS(155,125)",1,1.4952,"RS(155,154)",0.993548,1,7680,1.8432,1.88256
16,10,blur,blur,0.5,blur(0.5),luma/saturated,4,0,0,0,0,"RS(155,125)",1,1.4952,"RS(155,154)",0.993548,1,7680,1.8432,1.88256
16,10,blur,blur,0.5,blur(0.5),max/mean,4,0,0,0,0,"RS(155,125)",1,1.4952,"RS(155,154)",0.993548,1,7680,1.8432,1.88256
16,10,blur,blur,0.5,blur(0.5),max/saturated,4,0,0,0,0,"RS(155,125)",1,1.4952,"RS(155,154)",0.993548,1,7680,1.8432,1.88256
16,10,blur,blur,0.75,blur(0.75),luma/mean,4,0,0,0,0,"RS(155,125)",1,1.4952,"RS(155,154)",0.993548,1,7680,1.8432,1.88256
16,10,blur,blur,0.75,blur(0.75),luma/saturated,4,0,0,0,0,"RS(155,125)",1,1.4952,"RS(155,154)",0.993548,1,7680,1.8432,1.88256
16,10,blur,blur,0.75,blur(0.75),max/mean,4,0,0,0,0,"RS(155,125)",1,1.4952,"RS(155,154)",0.993548,1,7680,1.8432,1.88256
16,10,blur,blur,0.75,blur(0.75),max/saturated,4,0,0,0,0,"RS(155,125)",1,1.4952,"RS(155,154)",0.993548,1,7680,1.8432,1.88256
16,10,blur,blur,1,blur(1),luma/mean,4,0,0,0,0,"RS(155,125)",1,1.4952,"RS(155,154)",0.993548,1,7680,1.8432,1.88256
16,10,blur,blur,1,blur(1),luma/saturated,4,0,0,0,0,"RS(155,125)",1,1.4952,"RS(155,154)",0.993548,1,7680,1.8432,1.88256
16,10,blur,blur,1,blur(1),max/mean,4,0,0,0,0,"RS(155,125)",1,1.4952,"RS(155,154)",0.993548,1,7680,1.8432,1.88256
16,10,blur,blur,1,blur(1),max/saturated,4,0,0,0,0,"RS(155,125)",1,1.4952,"RS(155,154)",0.993548,1,7680,1.8432,1.88256
16,10,blur,blur,1.25,blur(1.25),luma/mean,4,0,0,0,0,"RS(155,125)",1,1.4952,"RS(155,154)",0.993548,1,7680,1.8432,1.88256
16,10,blur,blur,1.25,blur(1.25),luma/saturated,4,0,0,0,0,"RS(155,125)",1,1.4952,"RS(155,154)",0.993548,1,7680,1.8432,1.88256
16,10,blur,blur,1.25,blur(1.25),max/mean,4,0,0,0,0,"RS(155,125)",1,1.4952,"RS(155,154)",0.993548,1,7680,1.8432,1.88256
16,10,blur,blur,1.25,blur(1.25),max/saturated,4,0,0,0,0,"RS(155,125)",1,1.4952,"RS(155,154)",0.993548,1,7680,1.8432,1.88256
16,10,blur,blur,1.5,blur(1.5),luma/mean,4,0.000127486,0,0.000127486,0.000129032,"RS(155,125)",1,1.4952,"RS(155,153)",0.987097,1,7630,1.8312,1.88256
16,10,blur,blur,1.5,blur(1.5),luma/saturated,4,0.000127486,3.18715e-05,0.000159357,0.00016129,"RS(155,125)",1,1.4952,"RS(155,153)",0.987097,1,7630,1.8312,1.88256
16,10,blur,blur,1.5,blur(1.5),max/mean,4,6.3743e-05,0,6.3743e-05,6.45161e-05,"RS(155,125)",1,1.4952,"RS(155,153)",0.987097,1,7630,1.8312,1.88256
16,10,blur,blur,1.5,blur(1.5),max/saturated,4,6.3743e-05,0.000159357,0.0002231,0.000225806,"RS(155,125)",1,1.4952,"RS(155,153)",0.987097,1,7630,1.8312,1.88256
16,10,blur,blur,2,blur(2),luma/mean,4,0.114546,0.00203978,0.116331,0.115806,"RS(155,125)",0,0,"RS(255,165)",0.647059,1,4930,1.1832,1.88256
16,10,blur,blur,2,blur(2),luma/saturated,4,0.114546,0.00446201,0.118594,0.118097,"RS(155,125)",0,0,"RS(255,163)",0.639216,1,4870,1.1688,1.88256
16,10,blur,blur,2,blur(2),max/mean,4,0.135454,9.56145e-05,0.135549,0.135419,"RS(155,125)",0,0,"RS(255,161)",0.631373,1,4810,1.1544,1.88256
16,10,blur,blur,2,blur(2),max/saturated,4,0.135454,0.00863717,0.143326,0.143194,"RS(155,125)",0,0,"RS(255,159)",0.623529,1,4750,1.14,1.88256
16,10,chroma_bilinear,chroma,1,"chroma(1,full_range=False,matrix=bt601,upsample=bilinear)",luma/mean,4,0,0,0,0,"RS(155,125)",1,1.4952,"RS(155,154)",0.993548,1,7680,1.8432,1.88256
16,10,chroma_bilinear,chroma,1,"chroma(1,full_range=False,matrix=bt601,upsample=bilinear)",luma/saturated,4,0,0,0,0,"RS(155,125)",1,1.4952,"RS(155,154)",0.993548,1,7680,1.8432,1.88256
16,10,chroma_bilinear,chroma,1,"chroma(1,full_range=False,matrix=bt601,upsample=bilinear)",max/mean,4,0,0,0,0,"RS(155,125)",1,1.4952,"RS(155,154)",0.993548,1,7680,1.8432,1.88256
16,10,chroma_bilinear,chroma,1,"chroma(1,full_range=False,matrix=bt601,upsample=bilinear)",max/saturated,4,0,0,0,0,"RS(155,125)",1,1.4952,"RS(155,154)",0.993548,1,7680,1.8432,1.88256
16,10,chroma_bilinear,chroma,1.5,"chroma(1.5,full_range=False,matrix=bt601,upsample=bilinear)",luma/mean,4,0,0.220455,0.220455,0.220548,"RS(155,125)",0,0,"RS(255,109)",0.427451,1,3250,0.78,1.88256
16,10,chroma_bilinear,chroma,1.5,"chroma(1.5,full_range=False,matrix=bt601,upsample=bilinear)",luma/saturated,4,0,0,0,0,"RS(155,125)",1,1.4952,"RS(155,154)",0.993548,1,7680,1.8432,1.88256
16,10,chroma_bilinear,chroma,1.5,"chroma(1.5,full_range=False,matrix=bt601,upsample=bilinear)",max/mean,4,0,0.220455,0.220455,0.220548,"RS(155,125)",0,0,"RS(255,109)",0.427451,1,3250,0.78,1.88256
16,10,chroma_bilinear,chroma,1.5,"chroma(1.5,full_range=False,matrix=bt601,upsample=bilinear)",max/saturated,4,0,0,0,0,"RS(155,125)",1,1.4952,"RS(155,154)",0.993548,1,7680,1.8432,1.88256
16,10,chroma_bilinear,chroma,2,"chroma(2,full_range=False,matrix=bt601,upsample=bilinear)",luma/mean,4,0,0.37551,0.37551,0.375968,"RS(155,125)",0,0,"RS(255,23)",0.0901961,0.75,670,0.1206,1.88256
16,10,chroma_bilinear,chroma,2,"chroma(2,full_range=False,matrix=bt601,upsample=bilinear)",luma/saturated,4,0,0.00509944,0.00509944,0.00516129,"RS(155,125)",1,1.4952,"RS(155,145)",0.935484,1,7230,1.7352,1.88256
16,10,chroma_bilinear,chroma,2,"chroma(2,full_range=False,matrix=bt601,upsample=bilinear)",max/mean,4,0,0.37551,0.37551,0.375968,"RS(155,125)",0,0,"RS(255,23)",0.0901961,0.75,670,0.1206,1.88256
16,10,chroma_bilinear,chroma,2,"chroma(2,full_range=False,matrix=bt601,upsample=bilinear)",max/saturated,4,0,0.00513131,0.00513131,0.00519355,"RS(155,125)",1,1.4952,"RS(155,145)",0.935484,1,7230,1.7352,1.88256
16,10,chroma_bilinear,chroma,3,"chroma(3,full_range=False,matrix=bt601,upsample=bilinear)",luma/mean,4,0,0.65327,0.65327,0.653677,"RS(155,125)",0,0,"RS(255,254)",0.996078,0,7600,0,1.88256
16,10,chroma_bilinear,chroma,3,"chroma(3,full_range=False,matrix=bt601,upsample=bilinear)",luma/saturated,4,0,0.216535,0.216535,0.217258,"RS(155,125)",0,0,"RS(255,99)",0.388235,1,2950,0.708,1.88256
16,10,chroma_bilinear,chroma,3,"chroma(3,full_range=False,matrix=bt601,upsample=bilinear)",max/mean,4,0,0.652091,0.652091,0.652548,"RS(155,125)",0,0,"RS(255,254)",0.996078,0,7600,0,1.88256
16,10,chroma_bilinear,chroma,3,"chroma(3,full_range=False,matrix=bt601,upsample=bilinear)",max/saturated,4,0,0.216535,0.216535,0.217258,"RS(155,125)",0,0,"RS(255,99)",0.388235,1,2950,0.708,1.88256
16,10,chroma_bilinear,chroma,4,"chroma(4,full_range=False,matrix=bt601,upsample=bilinear)",luma/mean,4,0,0.822093,0.822093,0.822548,"RS(155,125)",0,0,"RS(255,254)",0.996078,0,7600,0,1.88256
16,10,chroma_bilinear,chroma,4,"chroma(4,full_range=False,matrix=bt601,upsample=bilinear)",luma/saturated,4,0,0.423604,0.423604,0.423774,"RS(155,125)",0,0,"RS(255,5)",0.0196078,0.5,130,0.0156,1.88256
16,10,chroma_bilinear,chroma,4,"chroma(4,full_range=False,matrix=bt601,upsample=bilinear)",max/mean,4,0,0.821552,0.821552,0.822,"RS(155,125)",0,0,"RS(255,254)",0.996078,0,7600,0,1.88256
16,10,chroma_bilinear,chroma,4,"chroma(4,full_range=False,matrix=bt601,upsample=bilinear)",max/saturated,4,0,0.423253,0.423253,0.423419,"RS(155,125)",0,0,"RS(255,5)",0.0196078,0.5,130,0.0156,1.88256
16,10,chroma_bt709_bilinear,chroma,2,"chroma(2,full_range=False,matrix=bt709,upsample=bilinear)",luma/mean,4,0,0.383287,0.383287,0.383677,"RS(155,125)",0,0,"RS(255,27)",0.105882,0.5,790,0.0948,1.88256
16,10,chroma_bt709_bilinear,chroma,2,"chroma(2,full_range=False,matrix=bt709,upsample=bilinear)",luma/saturated,4,0,0.00988016,0.00988016,0.00987097,"RS(155,125)",1,1.4952,"RS(155,143)",0.922581,1,7130,1.7112,1.88256
16,10,chroma_bt709_bilinear,chroma,2,"chroma(2,full_range=False,matrix=bt709,upsample=bilinear)",max/mean,4,0,0.383287,0.383287,0.383677,"RS(155,125)",0,0,"RS(255,27)",0.105882,0.5,790,0.0948,1.88256
16,10,chroma_bt709_bilinear,chroma,2,"chroma(2,full_range=False,matrix=bt709,upsample=bilinear)",max/saturated,4,0,0.00984829,0.00984829,0.00983871,"RS(155,125)",1,1.4952,"RS(155,143)",0.922581,1,7130,1.7112,1.88256
16,10,chroma_bt709_nearest,chroma,2,"chroma(2,full_range=False,matrix=bt709,upsample=nearest)",luma/mean,4,0,0.199388,0.199388,0.200129,"RS(155,125)",0,0,"RS(155,43)",0.277419,1,2130,0.5112,1.88256
16,10,chroma_bt709_nearest,chroma,2,"chroma(2,full_range=False,matrix=bt709,upsample=nearest)",luma/saturated,4,0,0,0,0,"RS(155,125)",1,1.4952,"RS(155,154)",0.993548,1,7680,1.8432,1.88256
16,10,chroma_bt709_nearest,chroma,2,"chroma(2,full_range=False,matrix=bt709,upsample=nearest)",max/mean,4,0,0.199388,0.199388,0.200129,"RS(155,125)",0,0,"RS(155,43)",0.277419,1,2130,0.5112,1.88256
16,10,chroma_bt709_nearest,chroma,2,"chroma(2,full_range=False,matrix=bt709,upsample=nearest)",max/saturated,4,0,0,0,0,"RS(155,125)",1,1.4952,"RS(155,154)",0.993548,1,7680,1.8432,1.88256
16,10,chroma_nearest,chroma,1,"chroma(1,full_range=False,matrix=bt601,upsample=nearest)",luma/mean,4,0,0,0,0,"RS(155,125)",1,1.4952,"RS(155,154)",0.993548,1,7680,1.8432,1.88256
16,10,chroma_nearest,chroma,1,"chroma(1,full_range=False,matrix=bt601,upsample=nearest)",luma/saturated,4,0,0,0,0,"RS(155,125)",1,1.4952,"RS(155,154)",0.993548,1,7680,1.8432,1.88256
16,10,chroma_nearest,chroma,1,"chroma(1,full_range=False,matrix=bt601,upsample=nearest)",max/mean,4,0,0,0,0,"RS(155,125)",1,1.4952,"RS(155,154)",0.993548,1,7680,1.8432,1.88256
16,10,chroma_nearest,chroma,1,"chroma(1,full_range=False,matrix=bt601,upsample=nearest)",max/saturated,4,0,0,0,0,"RS(155,125)",1,1.4952,"RS(155,154)",0.993548,1,7680,1.8432,1.88256
16,10,chroma_nearest,chroma,1.5,"chroma(1.5,full_range=False,matrix=bt601,upsample=nearest)",luma/mean,4,0,0.260231,0.260231,0.259548,"RS(155,125)",0,0,"RS(255,71)",0.278431,1,2110,0.5064,1.88256
16,10,chroma_nearest,chroma,1.5,"chroma(1.5,full_range=False,matrix=bt601,upsample=nearest)",luma/saturated,4,0,0,0,0,"RS(155,125)",1,1.4952,"RS(155,154)",0.993548,1,7680,1.8432,1.88256
16,10,chroma_nearest,chroma,1.5,"chroma(1.5,full_range=False,matrix=bt601,upsample=nearest)",max/mean,4,0,0.254908,0.254908,0.254161,"RS(155,125)",0,0,"RS(255,75)",0.294118,1,2230,0.5352,1.88256
16,10,chroma_nearest,chroma,1.5,"chroma(1.5,full_range=False,matrix=bt601,upsample=nearest)",max/saturated,4,0,0,0,0,"RS(155,125)",1,1.4952,"RS(155,154)",0.993548,1,7680,1.8432,1.88256
16,10,chroma_nearest,chroma,2,"chroma(2,full_range=False,matrix=bt601,upsample=nearest)",luma/mean,4,0,0.155597,0.155597,0.156452,"RS(155,125)",0,0,"RS(155,57)",0.367742,1,2830,0.6792,1.88256
16,10,chroma_nearest,chroma,2,"chroma(2,full_range=False,matrix=bt601,upsample=nearest)",luma/saturated,4,0,0,0,0,"RS(155,125)",1,1.4952,"RS(155,154)",0.993548,1,7680,1.8432,1.88256
16,10,chroma_nearest,chroma,2,"chroma(2,full_range=False,matrix=bt601,upsample=nearest)",max/mean,4,0,0.155597,0.155597,0.156452,"RS(155,125)",0,0,"RS(155,57)",0.367742,1,2830,0.6792,1.88256
16,10,chroma_nearest,chroma,2,"chroma(2,full_range=False,matrix=bt601,upsample=nearest)",max/saturated,4,0,0,0,0,"RS(155,125)",1,1.4952,"RS(155,154)",0.993548,1,7680,1.8432,1.88256
16,10,chroma_nearest,chroma,3,"chroma(3,full_range=False,matrix=bt601,upsample=nearest)",luma/mean,4,0,0.578149,0.578149,0.579258,"RS(155,125)",0,0,"RS(255,254)",0.996078,0,7600,0,1.88256
16,10,chroma_nearest,chroma,3,"chroma(3,full_range=False,matrix=bt601,upsample=nearest)",luma/saturated,4,0,0.0593447,0.0593447,0.0596774,"RS(155,125)",0.5,0.7476,"RS(255,207)",0.811765,1,6190,1.4856,1.88256
16,10,chroma_nearest,chroma,3,"chroma(3,full_range=False,matrix=bt601,upsample=nearest)",max/mean,4,0,0.551759,0.551759,0.55271,"RS(155,125)",0,0,"RS(255,254)",0.996078,0,7600,0,1.88256
16,10,chroma_nearest,chroma,3,"chroma(3,full_range=False,matrix=bt601,upsample=nearest)",max/saturated,4,0,0.0594403,0.0594403,0.0597742,"RS(155,125)",0.5,0.7476,"RS(255,207)",0.811765,1,6190,1.4856,1.88256
16,10,chroma_nearest,chroma,4,"chroma(4,full_range=False,matrix=bt601,upsample=nearest)",luma/mean,4,0,0.687213,0.687213,0.687548,"RS(155,125)",0,0,"RS(255,254)",0.996078,0,7600,0,1.88256
16,10,chroma_nearest,chroma,4,"chroma(4,full_range=False,matrix=bt601,upsample=nearest)",luma/saturated,4,0,0.201364,0.201364,0.201613,"RS(155,125)",0,0,"RS(255,111)",0.435294,1,3310,0.7944,1.88256
16,10,chroma_nearest,chroma,4,"chroma(4,full_range=False,matrix=bt601,upsample=nearest)",max/mean,4,0,0.676186,0.676186,0.676516,"RS(155,125)",0,0,"RS(255,254)",0.996078,0,7600,0,1.88256
16,10,chroma_nearest,chroma,4,"chroma(4,full_range=False,matrix=bt601,upsample=nearest)",max/saturated,4,0,0.201141,0.201141,0.201387,"RS(155,125)",0,0,"RS(255,111)",0.435294,1,3310,0.7944,1.88256
16,10,clean,clean,0,clean,luma/mean,4,0,0,0,0,"RS(155,125)",1,1.4952,"RS(155,154)",0.993548,1,7680,1.8432,1.88256
16,10,clean,clean,0,clean,luma/saturated,4,0,0,0,0,"RS(155,125)",1,1.4952,"RS(155,154)",0.993548,1,7680,1.8432,1.88256
16,10,clean,clean,0,clean,max/mean,4,0,0,0,0,"RS(155,125)",1,1.4952,"RS(155,154)",0.993548,1,7680,1.8432,1.88256
16,10,clean,clean,0,clean,max/saturated,4,0,0,0,0,"RS(155,125)",1,1.4952,"RS(155,154)",0.993548,1,7680,1.8432,1.88256
16,10,noise,noise,10,noise(10),luma/mean,4,0,0,0,0,"RS(155,125)",1,1.4952,"RS(155,154)",0.993548,1,7680,1.8432,1.88256
16,10,noise,noise,10,noise(10),luma/saturated,4,0,0,0,0,"RS(155,125)",1,1.4952,"RS(155,154)",0.993548,1,7680,1.8432,1.88256
16,10,noise,noise,10,noise(10),max/mean,4,0,0,0,0,"RS(155,125)",1,1.4952,"RS(155,154)",0.993548,1,7680,1.8432,1.88256
16,10,noise,noise,10,noise(10),max/saturated,4,0,0,0,0,"RS(155,125)",1,1.4952,"RS(155,154)",0.993548,1,7680,1.8432,1.88256
16,10,noise,noise,20,noise(20),luma/mean,4,0,0,0,0,"RS(155,125)",1,1.4952,"RS(155,154)",0.993548,1,7680,1.8432,1.88256
16,10,noise,noise,20,noise(20),luma/saturated,4,0,0,0,0,"RS(155,125)",1,1.4952,"RS(155,154)",0.993548,1,7680,1.8432,1.88256
16,10,noise,noise,20,noise(20),max/mean,4,0,0,0,0,"RS(155,125)",1,1.4952,"RS(155,154)",0.993548,1,7680,1.8432,1.88256
16,10,noise,noise,20,noise(20),max/saturated,4,0,0,0,0,"RS(155,125)",1,1.4952,"RS(155,154)",0.993548,1,7680,1.8432,1.88256
16,10,noise,noise,40,noise(40),luma/mean,4,0,0,0,0,"RS(155,125)",1,1.4952,"RS(155,154)",0.993548,1,7680,1.8432,1.88256
16,10,noise,noise,40,noise(40),luma/saturated,4,0,0.00452575,0.00452575,0.00451613,"RS(155,125)",1,1.4952,"RS(255,245)",0.960784,1,7330,1.7592,1.88256
16,10,noise,noise,40,noise(40),max/mean,4,0,0,0,0,"RS(155,125)",1,1.4952,"RS(155,154)",0.993548,1,7680,1.8432,1.88256
16,10,noise,noise,40,noise(40),max/saturated,4,0,0.00452575,0.00452575,0.00451613,"RS(155,125)",1,1.4952,"RS(255,245)",0.960784,1,7330,1.7592,1.88256
16,10,noise,noise,60,noise(60),luma/mean,4,0,0.000127486,0.000127486,0.000129032,"RS(155,125)",1,1.4952,"RS(155,153)",0.987097,1,7630,1.8312,1.88256
16,10,noise,noise,60,noise(60),luma/saturated,4,0,0.139725,0.139725,0.139774,"RS(155,125)",0,0,"RS(155,91)",0.587097,1,4530,1.0872,1.88256
16,10,noise,noise,60,noise(60),max/mean,4,0,0,0,0,"RS(155,125)",1,1.4952,"RS(155,154)",0.993548,1,7680,1.8432,1.88256
16,10,noise,noise,60,noise(60),max/saturated,4,0,0.148553,0.148553,0.148613,"RS(155,125)",0,0,"RS(155,83)",0.535484,1,4130,0.9912,1.88256
16,10,noise,noise,80,noise(80),luma/mean,4,0,0.0572093,0.0572093,0.0570968,"RS(155,125)",0.5,0.7476,"RS(255,207)",0.811765,1,6190,1.4856,1.88256
16,10,noise,noise,80,noise(80),luma/saturated,4,0,0.230558,0.230558,0.230581,"RS(155,125)",0,0,"RS(255,95)",0.372549,1,2830,0.6792,1.88256
16,10,noise,noise,80,noise(80),max/mean,4,0,0.00564125,0.00564125,0.0056129,"RS(155,125)",1,1.4952,"RS(155,147)",0.948387,1,7330,1.7592,1.88256
16,10,noise,noise,80,noise(80),max/saturated,4,0,0.219148,0.219148,0.219581,"RS(155,125)",0,0,"RS(155,59)",0.380645,1,2930,0.7032,1.88256
16,10,perspective,perspective,0.05,perspective(0.05),luma/mean,4,0,0,0,0,"RS(155,125)",1,1.4952,"RS(155,154)",0.993548,1,7680,1.8432,1.88256
16,10,perspective,perspective,0.05,perspective(0.05),luma/saturated,4,0,0,0,0,"RS(155,125)",1,1.4952,"RS(155,154)",0.993548,1,7680,1.8432,1.88256
16,10,perspective,perspective,0.05,perspective(0.05),max/mean,4,0,0,0,0,"RS(155,125)",1,1.4952,"RS(155,154)",0.993548,1,7680,1.8432,1.88256
16,10,perspective,perspective,0.05,perspective(0.05),max/saturated,4,0,0,0,0,"RS(155,125)",1,1.4952,"RS(155,154)",0.993548,1,7680,1.8432,1.88256
16,10,perspective,perspective,0.1,perspective(0.1),luma/mean,4,0,0,0,0,"RS(155,125)",1,1.4952,"RS(155,154)",0.993548,1,7680,1.8432,1.88256
16,10,perspective,perspective,0.1,perspective(0.1),luma/saturated,4,0,0,0,0,"RS(155,125)",1,1.4952,"RS(155,154)",0.993548,1,7680,1.8432,1.88256
16,10,perspective,perspective,0.1,perspective(0.1),max/mean,4,0,0,0,0,"RS(155,125)",1,1.4952,"RS(155,154)",0.993548,1,7680,1.8432,1.88256
16,10,perspective,perspective,0.1,perspective(0.1),max/saturated,4,0,0,0,0,"RS(155,125)",1,1.4952,"RS(155,154)",0.993548,1,7680,1.8432,1.88256
16,10,perspective,perspective,0.15,perspective(0.15),luma/mean,4,0,0,0,0,"RS(155,125)",1,1.4952,"RS(155,154)",0.993548,1,7680,1.8432,1.88256
16,10,perspective,perspective,0.15,perspective(0.15),luma/saturated,4,0,0,0,0,"RS(155,125)",1,1.4952,"RS(155,154)",0.993548,1,7680,1.8432,1.88256
16,10,perspective,perspective,0.15,perspective(0.15),max/mean,4,0,0,0,0,"RS(155,125)",1,1.4952,"RS(155,154)",0.993548,1,7680,1.8432,1.88256
16,10,perspective,perspective,0.15,perspective(0.15),max/saturated,4,0,0,0,0,"RS(155,125)",1,1.4952,"RS(155,154)",0.993548,1,7680,1.8432,1.88256
16,10,perspective,perspective,0.2,perspective(0.2),luma/mean,4,0,0,0,0,"RS(155,125)",1,1.4952,"RS(155,154)",0.993548,1,7680,1.8432,1.88256
16,10,perspective,perspective,0.2,perspective(0.2),luma/saturated,4,0,0,0,0,"RS(155,125)",1,1.4952,"RS(155,154)",0.993548,1,7680,1.8432,1.88256
16,10,perspective,perspective,0.2,perspective(0.2),max/mean,4,0,0,0,0,"RS(155,125)",1,1.4952,"RS(155,154)",0.993548,1,7680,1.8432,1.88256
16,10,perspective,perspective,0.2,perspective(0.2),max/saturated,4,0,0,0,0,"RS(155,125)",1,1.4952,"RS(155,154)",0.993548,1,7680,1.8432,1.88256
16,10,perspective,perspective,0.3,perspective(0.3),luma/mean,4,0.00121112,0,0.00121112,0.00122581,"RS(155,125)",1,1.4952,"RS(155,149)",0.96129,1,7430,1.7832,1.88256
16,10,perspective,perspective,0.3,perspective(0.3),luma/saturated,4,0.00121112,0,0.00121112,0.00122581,"RS(155,125)",1,1.4952,"RS(155,149)",0.96129,1,7430,1.7832,1.88256
16,10,perspective,perspective,0.3,perspective(0.3),max/mean,4,0.00121112,0,0.00121112,0.00122581,"RS(155,125)",1,1.4952,"RS(255,247)",0.968627,1,7390,1.7736,1.88256
16,10,perspective,perspective,0.3,perspective(0.3),max/saturated,4,0.00121112,0,0.00121112,0.00122581,"RS(155,125)",1,1.4952,"RS(255,247)",0.968627,1,7390,1.7736,1.88256
16,10,white_balance,white_balance,0.5,white_balance(0.5),luma/mean,4,0,0,0,0,"RS(155,125)",1,1.4952,"RS(155,154)",0.993548,1,7680,1.8432,1.88256
16,10,white_balance,white_balance,0.5,white_balance(0.5),luma/saturated,4,0,0,0,0,"RS(155,125)",1,1.4952,"RS(155,154)",0.993548,1,7680,1.8432,1.88256
16,10,white_balance,white_balance,0.5,white_balance(0.5),max/mean,4,0,0,0,0,"RS(155,125)",1,1.4952,"RS(155,154)",0.993548,1,7680,1.8432,1.88256
16,10,white_balance,white_balance,0.5,white_balance(0.5),max/saturated,4,0,0,0,0,"RS(155,125)",1,1.4952,"RS(155,154)",0.993548,1,7680,1.8432,1.88256
16,10,white_balance,white_balance,1,white_balance(1),luma/mean,4,0,0,0,0,"RS(155,125)",1,1.4952,"RS(155,154)",0.993548,1,7680,1.8432,1.88256
16,10,white_balance,white_balance,1,white_balance(1),luma/saturated,4,0,0,0,0,"RS(155,125)",1,1.4952,"RS(155,154)",0.993548,1,7680,1.8432,1.88256
16,10,white_balance,white_balance,1,white_balance(1),max/mean,4,0,0,0,0,"RS(155,125)",1,1.4952,"RS(155,154)",0.993548,1,7680,1.8432,1.88256
16,10,white_balance,white_balance,1,white_balance(1),max/saturated,4,0,0,0,0,"RS(155,125)",1,1.4952,"RS(155,154)",0.993548,1,7680,1.8432,1.88256
16,10,white_balance,white_balance,2,white_balance(2),luma/mean,4,0,0,0,0,"RS(155,125)",1,1.4952,"RS(155,154)",0.993548,1,7680,1.8432,1.88256
16,10,white_balance,white_balance,2,white_balance(2),luma/saturated,4,0,0,0,0,"RS(155,125)",1,1.4952,"RS(155,154)",0.993548,1,7680,1.8432,1.88256
16,10,white_balance,white_balance,2,white_balance(2),max/mean,4,0,0,0,0,"RS(155,125)",1,1.4952,"RS(155,154)",0.993548,1,7680,1.8432,1.88256
16,10,white_balance,white_balance,2,white_balance(2),max/saturated,4,0,0,0,0,"RS(155,125)",1,1.4952,"RS(155,154)",0.993548,1,7680,1.8432,1.88256
16,10,white_balance,white_balance,3,white_balance(3),luma/mean,4,0,0.254653,0.254653,0.254129,"RS(155,125)",0,0,"RS(255,83)",0.32549,1,2470,0.5928,1.88256
16,10,white_balance,white_balance,3,white_balance(3),luma/saturated,4,0,0.254653,0.254653,0.254129,"RS(155,125)",0,0,"RS(255,83)",0.32549,1,2470,0.5928,1.88256
16,10,white_balance,white_balance,3,white_balance(3),max/mean,4,0,0.254653,0.254653,0.254129,"RS(155,125)",0,0,"RS(255,83)",0.32549,1,2470,0.5928,1.88256
16,10,white_balance,white_balance,3,white_balance(3),max/saturated,4,0,0.254653,0.254653,0.254129,"RS(155,125)",0,0,"RS(255,83)",0.32549,1,2470,0.5928,1.88256
16,10,white_balance,white_balance,4,white_balance(4),luma/mean,4,0,0.254653,0.254653,0.254129,"RS(155,125)",0,0,"RS(255,83)",0.32549,1,2470,0.5928,1.88256
16,10,white_balance,white_balance,4,white_balance(4),luma/saturated,4,0,0.254653,0.254653,0.254129,"RS(155,125)",0,0,"RS(255,83)",0.32549,1,2470,0.5928,1.88256
16,10,white_balance,white_balance,4,white_balance(4),max/mean,4,0,0.254653,0.254653,0.254129,"RS(155,125)",0,0,"RS(255,83)",0.32549,1,2470,0.5928,1.88256
16,10,white_balance,white_balance,4,white_balance(4),max/saturated,4,0,0.254653,0.254653,0.254129,"RS(155,125)",0,0,"RS(255,83)",0.32549,1,2470,0.5928,1.88256
